Lens ID,Title,Date Published,Publication Year,Publication Type,Source Title,ISSNs,Publisher,Source Country,Author/s,Abstract,Volume,Issue Number,Start Page,End Page,Fields of Study,Keywords,MeSH Terms,Chemicals,Funding,Source URLs,External URL,PMID,DOI,Microsoft Academic ID,PMCID,Citing Patents Count,References,Citing Works Count,Is Open Access,Open Access License,Open Access Colour
000-101-258-380-69X,Escala ACOGE: valorar las condiciones de inclusión en las aulas,,,dissertation,,,Universidad de Valladolid,,María Jiménez Ruiz,"La escala ACOGE pretende evaluar la calidad de las aulas escolares para atender a la diversidad desde un enfoque inclusivo.Queremos con ellal, por encima de todo, incitar a la reflexion de todas aquellas personas que de una manera u otra, son responsables de que nuestro sistema educativo progrese y alcance unas condiciones de calidad adecuadas que permitan formar personas democraticas, justas, coherentes, solidarias y responsables. Hemos decidido centrar nuestro foco de atencion en todos los profesionales de la educacion por considerarles “motores” de la transformacion que nuestra sociedad debe dibujar hacia el reconocimiento, respeto y valoracion de la diversidad humana.; Que mejor manera de “incitar a la reflexion”, que elaborando un instrumento cuyo objetivo sea precisamente ese: ayudar a cavilar sobre lo que en las aulas esta ocurriendo y que no deseamos que ocurra; lo que intentamos lograr y no alcanzamos; o lo que la formacion y el conocimiento nos “salpica”, pero no sabemos como hacer que nos empape. Todo ello desde un marco comun que denominamos Educacion Inclusiva, vinculado directamente al reconocimiento y valoracion de una gran caracteristica del ser humano, la diversidad. No es desde ningun punto de vista discutible, que la Educacion haya experimentado en los ultimos anos un giro copernicano, influenciado por las diferentes perspectivas sociologicas. Un hecho, sin duda significativo ha sido el cambio de paradigma que la sociedad, motivada por la ciencia, ha dado respecto a la consideracion del alumnado con necesidades educativas especiales (denominado asi en un momento dado), y su derecho a formar parte del sistema educativo ordinario. Quiza podamos considerarlo un punto de inflexion en la conceptualizacion de la Inclusion Educativa. A partir de ahi, se ha ido generando un movimiento innovador vinculado a dar respuestas a las necesidades de este alumnado heterogeneo que precisa de metodologias y practicas diversas. Y es en este punto en el que nos preguntamos ?estamos preparados para ofrecer una respuesta educativa que cumpla con unos canones de calidad que impliquen la presencia, participacion y progreso de todo el alumnado? Como vamos a poder percibir a lo largo de este informe, el analisis esta hecho por parte de muchos investigadores que desde diferentes enfoques han estudiado el tema. Conocemos evidencias claves que “estimulan” y “frenan” este proceso, ahora nos queda ser conscientes de ello y actuar en consecuencia.;  A lo largo de las siguientes paginas describiremos todo el proceso de investigacion que hemos llevado a cabo para desarrollar, validar y baremar la Escala ACOGE, un instrumento que permite evaluar la calidad y eficacia educativa de la atencion a la diversidad del alumnado en el aula, desde un enfoque inclusivo.; Hemos estructurado la investigacion en dos grandes apartados; iniciamos con una Justificacion Teorica de aquellos aspectos que hemos considerado fundamentales para el desarrollo de nuestra investigacion, para pasar en un segundo momento a centrar la exposicion en los Estudios Empiricos llevados a cabo para elaborar, validar y baremar la escala.;  La Justificacion Teorica consta de dos capitulos; el primero de ellos versa en torno a la delimitacion conceptual del termino Inclusion Educativa. Hacemos un repaso a su consideracion a lo largo de la historia, planteamos las variables que definen el termino, y analizamos las claves y las barreras que manifiestan una mayor influencia; el segundo capitulo esta dedicado a la Evaluacion de la Inclusion como punto de partida para la reflexion y mejora de la calidad educativa. Iniciamos el capitulo determinando las caracteristicas generales de la evaluacion. Analizamos cual es nuestra realidad en este ambito y el papel del docente como agente de cambio. Hacemos una recopilacion de diferentes redes, equipos de investigacion y portales de acceso e intercambio de informacion, para finalizar con una seleccion de sistemas e instrumentos que permiten evaluar la calidad educativa desde diferentes perspectivas.;  El Estudio Empirico se inicia con el planteamiento general de la investigacion y la delimitacion de sus caracteristicas metodologicas: formulacion de objetivos, procedimiento, diseno de investigacion y analisis de datos. Centraremos el tema en los estudios empiricos desarrollados para construir, validar y baremar la escala. Iremos mostrando los resultados obtenidos en cada una de las fases: revision bibliografica, consulta a expertos y celebracion de varios grupos de discusion, que nos ha permitido obtener datos que han aportado evidencias de validez y fiabilidad, realizando un Analisis Factorial Confirmatorio. Hemos considerado oportuno introducir dentro del Estudio Empirico un capitulo dedicado integramente al analisis del discurso que los componentes de los grupos de discusion han aportado en torno a la educacion inclusiva. En el hemos analizado los tres ambitos desde los que se toman decisiones en la practica docente.;  Tras los resultados y discusion establecemos las principales conclusiones teniendo en cuenta el objetivo general y los especificos de partida. Finalizamos el informe asumiendo las limitaciones encontradas a lo largo del proceso de investigacion y aportando una serie de lineas futuras de trabajo.",,,,,,,,,,https://uvadoc.uva.es/bitstream/10324/22092/1/Tesis1187-170112.pdf https://dialnet.unirioja.es/servlet/tesis?codigo=132972 https://uvadoc.uva.es/handle/10324/22092,http://dx.doi.org/10.35376/10324/22092,,10.35376/10324/22092,2591160711,,0,,1,true,cc-by-nc-nd,hybrid
000-218-923-834-225,Educación patrimonial orientada a la inclusión social para personas con TEA: los museos capacitantes,2018-10-01,2018,journal article,Arteterapia. Papeles de arteterapia y educación artística para la inclusión social,19888309; 18866190,Universidad Complutense de Madrid (UCM),,Laura Pablos; Olaia Fontal Merillas,"Today’s plural changing society demands that our institutions provide committed and collaborative responses that consider people to be the centre of any action they may take. In this regard, educational activities carried out in the heritage environment provide a suitable setting to empower individuals, as they become the protagonists of experences that they have decided for themselves. Self-determination thus becomes the cornerstone of enabling proposals developed in museums which, by nature, play an important social role. In this context, it is understandable to generate proposals for heritage education work that, being able to become inclusive, facilitate the access of all types of public to the institution, thereby democratizing the space to all groups, and in the case concrete of our proposal, to people with autism spectrum disorder (ASD).",13,13,39,52,Work (electrical); Political science; Action (philosophy); Space (commercial competition); Plural; Context (language use); Institution; Cornerstone; Social role; Public relations,Museo; educación patrimonial; vínculo; capacitante; empoderar Museum; heritage education; link; enabling; empower,,,,https://revistas.ucm.es/index.php/ARTE/article/download/60129/4564456549099 https://doaj.org/article/725c4abd6c3c4e7a9fe1f705c5940ee9 http://revistas.ucm.es/index.php/ARTE/article/download/60129/4564456549099 https://dialnet.unirioja.es/servlet/articulo?codigo=7133249,http://dx.doi.org/10.5209/arte.60129,,10.5209/arte.60129,2903855477,,0,019-879-008-485-541; 023-333-289-087-741; 084-092-950-971-117; 181-281-168-095-283,7,true,cc-by,gold
000-523-324-630-862,Ensino Remoto Emergencial: experiência de docentes na pandemia - Ensino remoto na pandemia da Covid-19: percepções de alunos de um Colégio da Polícia Militar,,2021,book chapter,Ensino Remoto Emergencial: experiência de docentes na pandemia,,Uniedusul Editora,,Julie Christina Pereira Pasquini; Valdecir de Souza Ferreira; Annecy Tojeiro Giordani; Lúcia Aparecida Ancelmo; Maria Aldinete de Almeida Reinaldi,"O conteúdo dos artigos e seus dados em sua forma, correção e confiabilidade são de responsabilidade exclusiva dos autores. Permitido fazer download da obra e o compartilhamento desde que sejam atribuídos créditos aos autores, mas sem de nenhuma forma ou utilizá-la para fins comerciais. www.uniedusul.com.br PREFÁCIO O Ensino Remoto Emergencial (ERE) foi amplamente utilizado em consonância da pandemia do novo coronavírus (Sars-CoV-2) que provoca a doença infecciosa (Covid-19). Docentes foram submetidos em diversos contextos e vivências de superação na oferta do (ERE). Portanto este livro aborda diversas experiências destes profissionais da Educação Básica e do Ensino Superior neste período de crise. A rede pública de ensino foi o setor mais afetado, principalmente na utilização dos materiais impressos na Educação Básica. Este fator intensifica-se quando pensamos nas escolas inseridas em classes periféricas, onde é evidenciado a vulnerabilidade socioeconômica. A maioria das escolas de rede particular utilizaram o ensino remoto na modalidade digital, sendo utilizado recursos das Tecnologias da Informação e Comunicação (TICs). As metodologias ativas foram potencializadoras deste Ensino Remoto, acrescentando o dinamismo e interatividade nas aulas, através de estratégias didáticopedagógicas que melhoram a relação professor/aluno. Outrossim, a formação continuada foi uma revolução causada pelo Ensino Remoto, culminando com a necessidade da atualização constante e o domínio das tecnologias digitais. Portanto, o (ERE) provocou muitos desafios, e muitos docentes tiveram de utilizar subsídios de contorno para desmistificar a crise na garantia de um ensino de qualidade. Ainda que, os impactos no processo de ensino-aprendizagem tenham sido significativamente relevantes, é necessário abordar uma visão de Ensino Remoto, como garantia do ano letivo, enfatizando o mesmo como ferramenta eficiente para ""aproximar"", em um momento em que o ""afastar"" é eminente.",,,347,365,,Ensino remoto; EAD; Similaridades; Distinções; Comparações Remote teaching; EAD; Similarities; Distinctions; Comparisons Ensino remoto; Ensino híbrido; Integração Remote teaching; Hybrid teaching; Integration Remote education; Sciences; Democratization; Disclosure Jogos digitais; pandemia; educação infantil Digital games; pandemic; child education Early Childhood Education. Remote Teaching. Pandemic. COVID-19 Educação ambiental  Ensino remoto; Pandemia Educação Remota  Ead e Híbrida; Educação Musical; Pandemia; Educação Infantil; Ensino fundamental Remote  Distance and Hybrid Education; Musical education; Pandemic; Child education; Elementary School Letramento digital; Tecnologias digitais; Ensino e aprendizagem; Ensino Remoto Formação  eventos científicos  reflexão  práticas Ensino-remoto; Química; Ensino-superior,,,,http://dx.doi.org/10.51324/86010770.25,http://dx.doi.org/10.51324/86010770.25,,10.51324/86010770.25,3127561647,,0,,0,true,,bronze
001-081-390-332-258,"""Estilo de socialización parental y fracaso escolar en la eso: una nueva mirada""",2013-09-30,2013,journal article,Universitas Tarraconensis. Revista de Ciències de l'Educació,23854731; 11351438,Universitat Rovira I Virgili,,María José Domínguez González,"Las motivaciones del presente estudio tienen que ver con el interes que suscitaban varios temas (considerados de forma global y amplia): la familia como sistema autorregulador en el que se incorpora la cultura, la adolescencia como etapa evolutiva de transito y posibilidades (superando visiones que la adjetivan de convulsiva), la vida en los centros de secundaria como escenario experiencial de gran calado y posibilidades sin explotar y el voluminoso (y creciente) numero de alumnos y alumnas que no alcanzan unos resultados academicos suficientes para obtener la acreditacion.",1,1,69,79,,,,,,https://dialnet.unirioja.es/servlet/articulo?codigo=7701146 http://revistes.publicacionsurv.cat/index.php/ute/article/download/589/568 https://revistes.urv.cat/index.php/ute/article/download/589/568 https://revistes.urv.cat/index.php/ute/article/view/589/568,http://dx.doi.org/10.17345/ute.2013.1.589,,10.17345/ute.2013.1.589,2496329545,,0,,1,true,,bronze
001-252-297-590-168,Análisis cienciométrico de tesis doctorales españolas en Educación Emocional (1992-2013),,,dissertation,,,Editorial de la Universidad de Granada,,Álvaro Manuel Úbeda Sánchez,,,,,,,,,,,,http://dx.doi.org/10.30827/digibug.36770,,10.30827/digibug.36770,,,0,,0,true,cc-by-nc-nd,hybrid
001-383-317-632-776,"Cartografiar el tejido de redes de atención para personas con discapacidad, desde la perspectiva de usuarias-ciudadanas-guías",2021-06-07,2021,journal article,Salud colectiva,18518265; 16692381,Universidad Nacional de Lanus,Argentina,Juliana Sampaio; Daniella de Souza Barbosa; Luciano Bezerra Gomes; Daniele Alves Peixoto; Tarcísio Almeida Menezes; Hariel Hegel Lins Zózimo; Maria Fernanda de Britto Lyra,"This article presents an analysis of the production of care networks for persons with disabilities in the state of Paraiba, Brazil. We employed a qualitative methodology with a cartographic approach, involving the participation of four users-citizens-guides. Weekly virtual meetings were held throughout the second half of 2020, in which we were able to collect, systematize, and theorize on four issues: 1) guilt and (non) life expectancy on the part of persons with disabilities; 2) the place of disability in family dynamics; 3) the production of specific core relational dependency networks; and 4) the public vs. private care offerings for persons with disabilities. Based on these findings, we were able to lend visibility to and explicitly affirm the ways in which these user-citizens participate in the complex process of care building for persons with disabilities and their families.",17,,24,,Life expectancy; Sociology; Nursing; Qualitative research; Family dynamics; Process of care,Brazil; Family Relations; Health Services Needs and Demand; Healthcare Models; Qualitative Research; Services for Persons with Disabilities,Brazil; Persons with Disabilities; Health Services Accessibility; Humans; Qualitative Research,,,https://www.ncbi.nlm.nih.gov/pubmed/34105330 https://www.redalyc.org/journal/731/73166595010/html/ https://www.scielosp.org/article/scol/2021.v17/e3334/ https://dialnet.unirioja.es/descarga/articulo/7955316.pdf https://europepmc.org/article/MED/34105330 http://revistas.unla.edu.ar/saludcolectiva/article/download/3334/1782 https://dialnet.unirioja.es/servlet/articulo?codigo=7955316 http://revistas.unla.edu.ar/saludcolectiva/article/view/3334,http://dx.doi.org/10.18294/sc.2021.3334,34105330,10.18294/sc.2021.3334,3172968615,,0,000-189-277-565-162; 002-200-240-802-475; 006-364-857-430-196; 009-221-138-842-937; 015-287-642-095-554; 025-631-105-889-992; 029-974-089-539-852; 034-046-460-307-423; 036-173-478-030-965; 036-257-316-699-98X; 040-444-457-252-848; 046-159-285-973-184; 053-602-473-862-454; 060-812-033-863-081; 062-104-455-337-757; 082-146-180-712-255; 122-689-012-692-355; 131-558-790-290-332; 132-912-525-056-567; 146-507-323-289-302; 157-280-848-665-433; 174-023-840-720-337,1,true,cc-by,gold
001-554-898-368-654,TRAYECTORIA Y EFECTOS DE UNA INTERVENCIÓN NATURALISTA DEL DESARROLLO CON ENRIQUECIMIENTO EN UN NIÑO 2E (TEA Y ALTAS CAPACIDADES): ESTUDIO LONGITUDINAL DE CASO ÚNICO,2025-11-14,2025,journal article,"TALINCREA: Talento, Inteligencia y Creatividad",24488992,Universidad de Guadalajara,,Grecia Emilia Ortiz Coronel,"<jats:p>Children  with  twice-exceptionality  (2e)  combining  autism  spectrum  disorder  (asd)  and  high  intellectual   ability   (giftedness)   constitute   an   understudied   population   and   one   of   high   complexity  for  both  assessment  and  intervention.  This  study  describes  the  developmental  trajectory  of  a  2e  child  identified  at  27  months  and  evaluates  the  feasibility  and  effects  of  a  combined  package  of  naturalistic  developmental  behavioral  intervention  (ndbi)  plus  gifted  enrichment. The objective was to longitudinally characterize the cognitive, socioemotional, and adaptive  profile  and  to  estimate  changes  in social  communication,  engagement  in  high-challenge tasks, and daily functioning, using a single-case design with three annual assessments (t1–t2–t3).A multiple-baseline within-participant design across contexts (home–school–clinic) and target behaviors    was    used.    The    intervention    included    naturalistic    teaching,    motivational    reinforcement,  curriculum  compacting,  and  progressively  challenging  cognitive  tasks,  in  addition to caregiver and teacher training; dose: one 60-minute weekly session and daily home practice.  Primary  measures  were  functional  communicative  acts,  joint  attention,  active  participation,  and  problem  behaviors;  the  assessments  included  standardized  scales  (asd,  development/cognition, adaptation).Results: at t1, asd support level 2 and minimally verbal language were documented; cognitive performance  was  equivalent  to  30  months.  At  t2,  support  level  2  remained,  with  cognitive  performance  increasing  to  54  months.  At  t3,  asd  support  level  1  was  observed  with  spoken  language and a discrepant wppsi-iii profile (verbal iq = 94, performance = 122, full scale iq = 107; language = 126). The integration of session and assessment data suggests improvements in communication and engagement,  with  generalization  across  contexts.  The  ndbi-plus-enrichment  combination  appears to enhance engagement by aligning intense interests with higher-complexity demands, fostering  opportunities  for  meaningful  practice  and  natural  reinforcement.  Implications  for  individualized educational planning and home–school–clinic collaboration are discussed.</jats:p>",11,3,57,72,Psychology; Autism; Developmental psychology; Intervention (counseling); Cognition; Population; Session (web analytics); Generalization; Cognitive development; Language acquisition; Joint attention; Language development; Autism spectrum disorder; Spoken language; Mental age; Curriculum; Child development; Vocabulary; Special education; Social relation; Cognitive Assessment System,,,,,https://talincrea.cucs.udg.mx/index.php/talincrea/article/download/216/157 https://doi.org/10.32870/talincrea.v11i3.216,http://dx.doi.org/10.32870/talincrea.v11i3.216,,10.32870/talincrea.v11i3.216,,,0,,0,true,,gold
001-800-534-827-515,Relações de emprego e (in)disponibilidade dos direitos: proposta de modulação da autonomia da vontade,,,dissertation,,,"Universidade de Sao Paulo, Agencia USP de Gestao da Informacao Academica (AGUIA)",,Reinaldo de Francisco Fernandes,"AGRADECIMENTOS A Deus, agradeço pela vida, saúde e oportunidade de ampliar meus horizontes, por viabilizar os meios adequados para a realização deste trabalho e por suprir todas as minhas necessidades enquanto a pesquisa consumia boa parte do meu tempo. Ao Professor Nelson Mannrichgrande inspirador -, um agradecimento muito especial pelo sucesso profissional alcançado e, sobretudo, pelo caráter e exemplo de vida a ser seguido. Ao não hesitar em abrir as portas de sua casa aos alunos da Pós-graduação para o congraçamento e união, propiciou o fortalecimento da relação entre os colegas orientandos, fruindo dali grandes amizades. As viagens acadêmicas pela Itália, Espanha e Portugal viabilizaram o valoroso contato dos alunos com as instituições europeias de ponta, permitindo relevante desenvolvimento de todos aqueles que o seguiram. Depois de ter sido seu aluno por sete anos, aqui se encerra um ciclo que grava de maneira definitiva a forma especial de pensar o Direito. As palavras não são suficientes para demonstrar o agradecimento e a honra de trilhar os caminhos por ele traçados nessa jornada acadêmica. Aos meus colegas de escritório, cuja carga de trabalho lhes foi ampliada justamente para que esta pesquisa pudesse ser realizada, expresso também meus agradecimentos. Parte significante deste estudo deve-se aos amigos Francisco de Assis Garcia, Lincon Thomann,",,,,,,Autonomia; Subordinação; Alto empregado; Negociações coletivas; Dirigismo contratual; Derrogação Autonomy; Subordination; High employee; Collective bargaining; Contractual interventionism; Derogation,,,,https://www.teses.usp.br/teses/disponiveis/2/2138/tde-06032015-153707/publico/Integral_Tese_Reinaldo_deFrancisco_Fernandes.pdf https://www.teses.usp.br/teses/disponiveis/2/2138/tde-06032015-153707/,http://dx.doi.org/10.11606/t.2.2014.tde-06032015-153707,,10.11606/t.2.2014.tde-06032015-153707,2794522702,,0,,0,true,cc-by-nc-sa,gold
002-209-536-731-726,Guía de Práctica Clínica sobre las intervenciones terapéuticas en el Trastorno por Déficit de Atención con Hiperactividad (TDAH),2017-01-01,2017,book,,,GuíaSalud,,Jose Angel Alda; María Esther Cardo; Petra Díaz del Campo; Asunción García; Alfredo Gurrea; Jon Izaguirre,Red española de agencias de evaluación de Tecnologías y pResTaciones del sisTema nacional de salud Esta GPC es una ayuda a la toma de decisiones en la atención sanitaria. No es de obligado cumplimento ni sustituye el juicio clínico del personal sanitario.,,,,,Psychology,,,,,http://dx.doi.org/10.46995/gpc_574,http://dx.doi.org/10.46995/gpc_574,,10.46995/gpc_574,3093987984,,0,,5,true,,bronze
003-563-219-160-18X,Trajetórias do público-alvo da educação especial no ensino médio paulistano,,,dissertation,,,"Universidade de Sao Paulo, Agencia USP de Gestao da Informacao Academica (AGUIA)",,Marcos Rodrigo da Rosa,Tabela 4 -Especificação das deficiências nas matrículas de estudantes com deficiência múltipla.,,,,,,,,,,https://www.teses.usp.br/teses/disponiveis/48/48134/tde-07122019-182427/,http://dx.doi.org/10.11606/d.48.2020.tde-07122019-182427,,10.11606/d.48.2020.tde-07122019-182427,3205831000,,0,,0,true,cc-by-nc-sa,gold
003-750-617-163-320,Hacia una comprensión de las aproximaciones institucionales a los estudiantes con capacidades y talentos excepcionales: primeros pasos para incluirlos en la escuela,2020-05-01,2020,journal article,Revista Colombiana de Educación,23230134; 01203916,Universidad Pedagogica Nacional,,María Caridad García-Cepero; Juliana Iglesias Velasco,"espanolEn las ultimas tres decadas, las politicas educativas y aproximaciones academicas a las capacidades y talentos excepcionales en Colombia han cambiado significativamente. Esto ha permitido orientar las decisiones de las instituciones educativas para atender a dicha poblacion. En el 2015 se encuestaron 1731 instituciones educativas colombianas. Los resultados se usaron como base para el Documento de orientaciones tecnicas, administrativas y pedagogicas para la atencion educativa a estudiantes con capacidades y/o talentos excepcionales en el marco de la educacion inclusiva, publicado por el Ministerio de Educacion Nacional de Colombia. Algunas preguntas de la encuesta indagaron la comprension de las instituciones sobre la excepcionalidad. Dado que en ese momento no fueron abordados, en este articulo se presentan los resultados de analisis secundario realizado a dicha base de datos. Para esto se utilizo un analisis de contenido con categorias deductivas e inductivas de las respuestas de las 1731 instituciones. Como resultado se identificaron tres tendencias para comprender la excepcionalidad: rendimiento, potencialidad y medicion de inteligencia. Se observo que las aproximaciones tenian concordancia con algunas de las posturas de los documentos academicos y de politica. Sin embargo, es posible que estas aproximaciones no sean conducentes a las politicas actuales de educacion inclusiva. Es importante hacer un proceso de acompanamiento a las instituciones a fin de darles herramientas para construir las estrategias de reconocimiento y desarrollo de las capacidades y talentos excepcionales en concordancia con las politicas de educacion inclusiva vigentes. EnglishEducational policies and academic approaches to exceptional skills and talents in Colombia have changed significantly in the last three decades. These changes have guided the decisions made by educational institutions to deal with that population.In 2015, 1731 Colombian institutions were surveyed. The results were the basis of the Documento de orientaciones tecnicas, administrativas y pedagogicas para la atencion educativa a estudiantes con capacidades y/o talentos excepcionales en el marco de la educacion inclusiva [Technical, administrative, and pedagogical guidelines for the educational care of specially skilled and/or gifted students from an inclusive education perspective], published by the Colombian Ministry of National Education. Some questions in the survey measure institutional understanding of exceptionality, but they had not been addressed so far. In this paper, the authors analyze those questions. The analysis identifies three approaches to exceptionality: performance, potential, and intelligence measurement. Although these approaches coincide with policy and academic documents, they might not lead to current inclusive education policies. It is important to keep tracking the process with the institutions in order to provide them with tools that allow them to recognize and develop exceptional skills and talents, in agreement with current inclusive education policies. portuguesNas ultimas tres decadas, as politicas educacionais e as abordagens academicas para habilidades e talentos excepcionais na Colombia mudaram significativamente. Isso permitiu orientar as decisoes das instituicoes de ensino para servir a referida populacao. Em 2015, 1.731 instituicoes educacionais colombianas foram pesquisadas. Os resultados foram utilizados como base do Documento de Orientacoes Tecnicas, Administrativas e Pedagogicas para atendimento educacional a estudantes com habilidades e / ou talentos excepcionais no âmbito da educacao inclusiva, publicado pelo Ministerio da Educacao Nacional da Colombia. Algumas perguntas da pesquisa questionaram o entendimento do excepcionalismo pelas instituicoes. Como na epoca nao foram abordados, este artigo apresenta os resultados de analises secundarias realizadas no referido banco de dados. Para isso, foi utilizada uma analise de conteudo com categorias dedutiva e indutiva das respostas das 1731 instituicoes. Como resultado, tres tendencias foram identificadas para entender a excepcionalidade: desempenho, potencialidade e medicao de inteligencia. As abordagens foram consideradas consistentes com algumas posicoes nos documentos academicos e de politicas. No entanto, essas abordagens podem nao ser favoraveis ​​as atuais politicas de educacao inclusiva. E importante realizar um processo de acompanhamento as instituicoes, a fim de fornecer ferramentas para a construcao de estrategias de reconhecimento e desenvolvimento de capacidades e talentos excepcionais, de acordo com as politicas de educacao inclusiva em vigor.",1,79,423,444,,Gifted education; academically gifted; talent development; inclusive education; educational policy,,,,https://dialnet.unirioja.es/servlet/articulo?codigo=7396727 http://www.scielo.org.co/pdf/rcde/n79/0120-3916-rcde-79-423.pdf http://www.scielo.org.co/scielo.php?script=sci_arttext&pid=S0120-39162020000200423,http://dx.doi.org/10.17227/rce.num79-10040,,10.17227/rce.num79-10040,3022107896,,0,013-691-045-097-190; 015-195-438-906-980; 045-801-847-981-071; 050-148-682-582-612; 056-134-580-196-674; 072-620-824-124-620; 075-591-203-175-512; 090-244-216-265-805; 169-521-602-685-098,5,true,cc-by-nc,gold
004-605-239-607-611,La destreza - valor: Un nuevo concepto en la educación inclusiva,2017-12-21,2017,journal article,Saberes Andantes,26973278; 25880756,Fe y Alegria Ecuador,,Eduardo Molina Morán,"The Williams educational theory of popular education arises from a spe­cific institutional pedagogical experience, although it has been sprea­ding to other areas and building itself theoretically. Applying it in the field of educational inclusion has made possible the emergence of a new approach: skill-value. The purpose of this study is to continue the theoretical development of such category by analyzing its components: overt curriculum, group of persons, habits and values formation, based on the methodology of file review and collective biography; and thus, that definition should therefore be made more specific. lnnovatively this thesis encourages to think about the values and psychomotor skills as an indivisible unit that must be educated in the everyday life of the group of persons.",1,3,48,71,Sociology; Inclusion (education); Psychomotor learning; Pedagogy; Popular education; Everyday life; Field (Bourdieu); Education theory; Curriculum; Biography,Necesidades educativas especiales; destrezas; valores; educación popular,,,,https://saberesandantes.org/index.php/sa/article/view/21,http://dx.doi.org/10.53387/sa.v1i3.21,,10.53387/sa.v1i3.21,3134188316,,0,000-913-375-675-634; 008-578-693-337-513; 074-131-434-548-677,0,true,cc-by-nc-sa,hybrid
004-949-108-339-505,"Modelo de aptitud musical. Análisis y evaluación del enfoque de aprendizaje, la personalidad y la inteligencia emocional en alumnos de 13 a 18 años = Model for musical aptitude: analysis and assesment of the learning approach, personality and emotional intelligence among pupils from 13 to 18 years old",,,dissertation,,,University of Leon,,Ramos Díez; Juan Carlos,"Deseo manifestar mi gratitud a todas las personas que han confiado en mí y que me han brindado su cariño y su apoyo en los momentos difíciles. De forma muy especial estoy agradecido al Dr. Manuel García Cabero, por su cercanía y comprensión, por haber sabido adaptarse a mis circunstancias personales, por obsequiarme con valiosísimas sugerencias que han ayudado a mejorar mi formación y la investigación que aquí se describe, y por haber compartido conmigo su erudición y su calidez humana. Sus aportaciones bibliográficas y sus enriquecedoras reflexiones sobre los aspectos relevantes de este estudio han servido para comprometerme con el mundo de la educación a través de mi trabajo diario. Sin embargo, más allá de mi gratitud profesional, quiero agradecerle tantos momentos compartidos durante estos años, en los que he disfrutado aprendiendo y he alimentado el espíritu crítico. Mi gratitud y mi reconocimiento a la Dra. Mercedes López Aguado, sin cuyo asesoramiento diario, este trabajo no hubiera podido ver la luz. Ha contribuido con importantes aportaciones de carácter metodológico y formativo, y ha abierto mis ojos al placer de la investigación, a la precisión metodológica, al valor de la sencillez, de lo concreto, del rigor, de la meticulosidad. Agradezco la desinteresada colaboración de los centros educativos y de todas las personas integrantes de la muestra, sin cuya participación no hubiera sido posible la realización de esta investigación. Por último, agradezco a María Teresa su paciencia, comprensión, ayuda y ánimo en los momentos de incertidumbre, y a los pequeños, Amanda y Eduardo, a quienes me debo por entero y, sin embargo, me he permitido robarles de su tiempo. Todos ellos me han ayudado a convertir mis aspiraciones, las que un día soñaron mis padres, en realidad. A todos, gracias.",,,,,Psychology; Emotional intelligence; Personality; Aptitude; Musical; Social psychology,,,,,https://buleria.unileon.es/handle/10612/1784,http://dx.doi.org/10.18002/10612/1784,,10.18002/10612/1784,2810903222,,0,,0,true,,bronze
005-316-879-852-602,"Perfiles cognitivos en alumnos con baja, media y alta creatividad",2018-06-22,2018,journal article,Electronic Journal of Research in Education Psychology,16962095; 16995880,Editorial Universidad de Almeria,Spain,Mercedes Ferrando; Rosario Bermejo; Marta Sainz; Carmen Ferrándiz; María Dolores Prieto; Gloria M. Soto,"Resumen es: Introduccion. El objetivo de este trabajo es avanzar en el estudio de la relacion entre creatividad e inteligencia, analizando los perfiles cognitivos de...",10,28,967,984,,Creativity; cognitive profile analysis; intelligence; threshold theory,,,,http://www.investigacion-psicopedagogica.com/revista/articulos/28/english/Art_28_780.pdf https://www.redalyc.org/pdf/2931/293124654002.pdf https://dialnet.unirioja.es/servlet/articulo?codigo=4762527 https://eric.ed.gov/?id=EJ997666 http://www.redalyc.org/articulo.oa?id=293124654002 http://repositorio.ual.es/handle/10835/1835,http://dx.doi.org/10.25115/ejrep.v10i28.1545,,10.25115/ejrep.v10i28.1545,1632937714,,0,003-878-683-011-395; 006-924-242-488-108; 009-857-933-016-443; 014-856-090-228-777; 016-171-881-521-153; 016-299-651-077-723; 017-709-258-243-161; 028-496-103-410-140; 030-978-413-458-821; 037-153-991-120-222; 044-378-574-665-37X; 046-090-389-612-081; 061-634-902-446-966; 064-516-035-842-187; 067-226-437-197-858; 071-856-502-904-012; 075-809-630-773-866; 083-415-225-581-607; 084-501-952-733-491; 086-234-979-880-87X; 091-596-919-375-360; 104-566-534-414-966; 107-331-487-831-195; 113-007-001-005-268; 118-107-499-688-712; 118-224-186-665-520; 132-247-662-674-196; 136-465-195-451-532; 138-232-421-685-026; 143-538-737-889-909; 149-257-978-196-561; 159-640-389-760-43X; 163-700-622-785-243; 167-800-620-369-127; 194-783-494-996-96X; 199-840-894-900-322,3,true,,green
005-405-029-217-13X,La inclusión educativa en números Zona 7: Loja,2019-10-01,2019,book,,,Casa Editora Universidad del Azuay,,Ana Cristina Arteaga-Ortiz; Elida Margarita Proaño-Arias; Norma Alexandra Reyes-Fernández-de-Córdova; Andrea Carolina Reinoso-Gomezcoello,"<jats:p>El desarrollo del proyecto, en gran medida, se posibilitó gracias al convenio de cooperación establecido entre la Universidad del Azuay y la Secretaría Técnica de Discapacidades del Ecuador, SETEDIS, organismo que, entre otras acciones facilitó la colaboración del Ministerio de Educación, y posibilitó el desarrollo de las actividades planificadas tanto a nivel local como nacional.  La investigación fue realizada en el marco de la primera Maestría de Educación Básica Inclusiva, e involucró a los 26 maestrantes a través del desarrollo de sus respectivas tesis de grado, así como a 11 profesores del programa. Este selecto grupo laboró con gran entusiasmo y compromiso social por el lapso aproximado de 9 meses y se desplazó, en estricto cumplimiento de los objetivos trazados, a diferentes zonas de la geografía patria. 78 páginas ISBN: 978-9942-822-07-9 e-ISBN: 978-9942-822-16-1</jats:p>",,,,,Humanities; Philosophy,,,,,https://publicaciones.uazuay.edu.ec/index.php/ceuazuay/catalog/download/63/59/1178 http://dx.doi.org/10.33324/ceuazuay.63,http://dx.doi.org/10.33324/ceuazuay.63,,10.33324/ceuazuay.63,,,0,,0,true,cc-by-nc-sa,gold
006-060-977-189-365,Los alumnos superdotados en la agenda política educativa de México (1980-2006),2018-01-01,2018,journal article,Foro de Educación,16987802; 16987799,FahrenHouse,,Gustavo Adolfo Enríquez Gutiérrez; Adelina Arredondo,"In this paper we analyze educational policies on gifted students (1980-2006), known in Mexico as «estudiantes sobresalientes». The authors point out the way the term «estudiantes sobresalientes» was implemented over the field of Special Education as well as how a political agenda was designed in order to assist gifted childhood and youth. This article also focuses on the design a proposal of an educational intervention. And at the very end how this proposal was developed, the results and the way it was formed as a training program for Mexican Teachers from Public Education. We recognize the fact that the term «estudiante sobresaliente» is ambiguous due to the diversity of student population as well as, in many cases; the gifted status is no visible. We consider the process of selection, assessment and follow up of this project was based on formal concepts and at the same time did not take in consideration the capabilities and skills of the cultural context of each student (community, family and individual). These elements let us understand the educational political agenda (1980-2006) on special education for gifted students as well as the construction of a wide concept of «sobresaliencia» that was design in order to classify and rate them thru that political agenda.",16,24,193,213,Sociology; Point (typography); Pedagogy; Order (business); Political agenda; Field (Bourdieu); Diversity (politics); Special education; Public education; Intervention (law),Superdotado; destrezas; política educativa; educación especial Gifted; skill; education policy; separate special education,,,,https://dialnet.unirioja.es/descarga/articulo/6486247.pdf https://dialnet.unirioja.es/servlet/articulo?codigo=6486247 https://www.forodeeducacion.com/ojs/index.php/fde/article/download/515/380 http://redined.mecd.gob.es/xmlui/handle/11162/176318 https://www.forodeeducacion.com/ojs/index.php/fde/article/view/515,http://dx.doi.org/10.14516/fde.515,,10.14516/fde.515,2762919095,,0,,2,true,cc-by-nc,gold
006-193-761-267-917,Análisis descriptivo y orientaciones prácticas hacia la inclusión escolar. Un estudio de centros educativos de Castilla y León = Descriptive analysis and practical guidance to school inclusion. A study of schools in Castilla y León,,,dissertation,,,University of Leon,,David González Sánchez,,,,,,,,,,,https://buleria.unileon.es/bitstream/10612/5386/1/tesis_08f60d.PDF https://buleria.unileon.es/handle/10612/5386,http://dx.doi.org/10.18002/10612/5386,,10.18002/10612/5386,2770968600,,0,,0,true,,bronze
007-522-601-529-958,La atención de las necesidades educativas especiales y la labor docente en la escuela primaria / Response to Special Educational Needs and Teaching Efforts in Elementary School,2015-06-30,2015,journal article,Revista Costarricense de Psicología,16592913; 02571439,Colegio Profesional de Psicologos de Costa Rica,,Mayela Dabdub-Moreira; Alejandra Pineda-Cordero,"De acuerdo con la Ley de Igualdad de Oportunidades para las Personas con Discapacidad en Costa Rica (Ley N.o 7600), los maestros deben recibir y atender individuos con necesidades educativas especiales (NEE) dentro de sus clases regulares y saber como aplicar las diferentes adecuaciones curriculares. Por lo tanto, conocer la cantidad y el tipo de NEE que atienden los educadores y las areas en las que estos expresan requerir facultarse, permite mejorar considerablemente la calidad yla eficiencia de las actualizaciones profesionales que se brindan a los docentes y la atencion asertiva de las NEE. Para recolectar esta informacion, se realizo una entrevista a quince maestros de primero a sexto grado en una escuela privada en Moravia, Costa Rica. Los resultados visibilizan que las principales necesidades educativas que ellos intentan solventar son los trastornos de atencion y los problemas emocionales. Las principales limitaciones que enfrentan los educadores para atender las NEE son falta de tiempo y poco apoyo de las familias. Las areas en las que indicaron requerir capacitacion son relacionadas con la aplicacion eficaz de adecuaciones curriculares y las metodologiasespecificas para las NEE. La investigacion presenta utilidad tanto para la docencia como para la Psicopedagogia. Abstract: According to the Costa Rican Law on Equal Opportunities for Disabled Persons (Igualdad de oportunidades para las personas con discapacidad, Ley N.o 7600), teachers must receive and attend individuals with Special Educational Needs (SEN) inside their regular classrooms applying different curricular modifications. Thus, knowing the amount and types of SEN attended by teachers, and the areas in which they need to improve their teaching skills, will allow considerable improvement for the quality and efficiency of the teachers’ professional training processes for SEN attention. To gather this information, interviews were carried out with fifteen first to sixth grade primary school teachers in a private elementary school in Moravia, Costa Rica. Results make evident that the main SEN attended were attentional disorders and emotional problems. The main limitations facing teachers are lack of time and poor parental support. The areas in which teachers indicated they need training were related to curricular modifications and specific methodologies for SEN. This research is useful for teacher training and Educational Psychology.",34,1,41,55,,necesidades educativas especiales; adecuaciones curriculares; problemas de aprendizaje; enseñanza primaria; inclusión Special Educational Needs; Curricular Modifications; Learning Problems; Elementary School; Inclusion,,,,https://dialnet.unirioja.es/descarga/articulo/5278249.pdf http://www.rcps-cr.org/openjournal/index.php/RCPs/article/view/59 http://rcps-cr.org/openjournal/index.php/RCPs/article/download/59/80,http://dx.doi.org/10.22544/rcps.v34i01.03,,10.22544/rcps.v34i01.03,1605727522,,0,016-052-001-882-566; 182-711-151-346-633,3,true,cc-by-nc-nd,gold
008-019-934-367-422,"Perspectivas y avances de la investigación 2016. Actas de II Jornada de Doctorandos. Madrid, 6 de mayo de 2016",2020-01-13,2020,book,,,"Universidad Nacional de Educación a Distancia, UNED",,,"Quedan rigurosamente prohibidas, sin la autorización escrita de los titulares del Copyright, bajo las sanciones establecidas en las leyes, la reproducción total o parcial de esta obra por cualquier medio o procedimiento, comprendidos la reprografía y el tratamiento informático, y la distribución de ejemplares de ella mediante alquiler o préstamos públicos.",,,,,,bonding  support for teaching  learning difficulties  curricular adaptations Racismo  segregación escolar  segregación urbana e infancia Racism; school segregation; urban segregation and childhood teorías  políticas  modelos y sistemas Tutoring  Vocational Training  Delphi   guidance estrategias de enseñanza  educación superior  entornos virtuales  innovación didáctica  aulas virtuales Teaching strategies  Higher education  Virtual environments  Teaching innovation  Virtual classroom reading  writing  digital media  mobile devices  university,,,,,http://dx.doi.org/10.5944/jornadas.doctorandos.pde.2016,,10.5944/jornadas.doctorandos.pde.2016,,,0,,0,true,cc-by-nc-nd,hybrid
008-195-294-025-899,"Diagnóstico de percepciones del estado en que se encuentran las dimensiones: cultura inclusiva, políticas inclusivas y prácticas inclusivas, en la unidad educativa guardiana de saberes luz y vida, ubicada en la provincia de Pichincha, Cantón Quito",2022-11-07,2022,journal article,Ciencia Latina Revista Científica Multidisciplinar,27072215; 27072207,Asociacion Latinoamericana para el Avance de la Ciencia,,Patricia Aguilera Pavón; Sadie Aguilera Pavón; Verónica Guerrero Sinchi,"<jats:p>El diagnóstico de percepciones de autoridades, personal del  Departamento de Consejería Estudantil, DECE, y docentes en relación a una verificación de cumplimiento de ÍTEMS en las dimensiones de: Cultura Inclusiva, Políticas Inclusivas y Prácticas Inclusivas y Propuesta de Mejora en la Unidad Educativa Guardiana de los Saberes Luz y Vida,  permite demostrar los avances en cuanto a educación inclusiva tomando en cuenta el marco jurídico del Ecuador y leyes conexas en base a la aplicación de una entrevista estructurada con preguntas abiertas, que recoge apreciaciones y experiencias de trabajo operativo de profesionales involucrados en la institución, insumos, que han permitido la inferencia de posibles estrategias de mejoramiento en un contexto de participación, cooperación, coordinación y fortalecimiento de confianza con los actores de la comunidad educativa, de la institución educativa objeto de estudio.</jats:p>",6,5,3636,3660,Humanities; Political science; Sociology; Philosophy,Palabras clave: cultura; políticas y prácticas inclusivas culture; inclusive policies and practices,,,,https://ciencialatina.org/index.php/cienciala/article/download/3346/5084 https://doi.org/10.37811/cl_rcm.v6i5.3346,http://dx.doi.org/10.37811/cl_rcm.v6i5.3346,,10.37811/cl_rcm.v6i5.3346,,,0,,0,true,cc-by,gold
008-236-950-775-718,"Las personas con retraso mental y su diagnóstico : traducción, adaptación y valoración de la ""Escala de conducta adaptativa ABS-S:2"" y del método de ""Evaluación de las áreas de habilidades adaptativas AAA""",,,dissertation,,,Universidad de Burgos,,Isabel García Alonso,"La Asociacion Americana sobre Retraso Mental, AAMR, indica en su manual de definicion, clasificacion y sistema de apoyo del retraso mental, editado en 1992, que para diagnosticar a las personas con retraso mental no basta con que estas obtenga un funcionamiento intelectual significativamente inferior a la media, sino que este funcionamiento coexista con limitaciones en dos o mas de la diez areas de habilidades adaptativas propuestas en la definicion de las personas con retraso mental. En la actualidad, no disponemos en Espana de instrumentos estandarizados que nos permitan evaluar estas diez areas de habilidades que constituyen un requisito indispensable para llevar a cabo el diagnostico. Este es el objetivo de esta investigacion. La AAMR en su interes manifiesto por facilitar estos instrumentos ha revisado y editado ""la Escala de Conducta Adaptativa ABS-S:2, Version Centros Educativos"", para sujetos entre 3 y 18 anos. Las puntuaciones de dicha Escala pueden ser reconvertidas, a traves del Metodo AAA, a puntuaciones referidas a las diez areas propuestas de habilidades adaptativas. En nuestro trabajo de investigacion hemos llevado a cabo la traduccion y adaptacion de estos dos instrumentos para poder ser usados en nuestra cultura y facilitar de este modo el diagnostico de las personas con retraso mental. Una vez terminado el procedimiento de adaptacion se cumplimentaron estas pruebas a una muestra de 207 sujetos de la provincia de Burgos, de los que 142 estaban diagnosticados con retraso mental. Con los datos obtenidos en nuestra muestra se llevaron a cabo dos estudios. El primero tiene por objeto comprobar si las versiones adaptadas al castellano de estos dos instrumentos de evaluacion manifiestan los rasgos mas caracteristicos de lo que hoy en dia entendemos como constructo de la conducta adaptativa y de areas adaptativas. Para ello se fueron comprobando las siguientes relaciones: - La edad de los sujetos",,,,,,"2.3.1. Definiciones de los Conceptos de Salud y ^ .^  ^  ^   de Enfermedad 1.2.3.2. Clasificación Internacional de las Deficiencias  Dlscapacidades y Minusvalías CIDDM (OMS 1980) < 1.2.3.2.1. Concepto y Características de las Deficiencias  _ Discapacidades y Minusvalías 1.2.3.3. Clasificación Internacional del Funcionamiento ^' y la Discapacidad CIDDM-2 (Borrador Beta-2) V.V.... 1.2.3.3.1. Concepto de las Dimensiones propuestas V.1.2. Hipótesis 402 V.1.3. Definición de Variables 403 V.2. MÉTODO 406 V.2.1. Procedimiento 406 V.2.2. Materiales Utilizados 411 . V.2.3. Sujetos 412 '. V.3.2. Ritmos en los procesos de Adquisición y Uso de las Conductas y Habilidades Adaptativas en los Sujetos Con Retraso Mental V.3.2.1. Resultados obtenidos por los Sujetos Con Retraso Mental 2 y del Método AAA í-i; "" según su Capacidad Intelectual 451 """" V.3.4. Coexistencia en las Personas con Retraso Mental De VI. 1. OBJETIVOS 478 VI.2. ESTUDIO DE FIABILIDAD DEL ABS-S.2 480 VI.2.1. Consistencia Interna VI.2.2. Estimación de la Fiabilidad por el procedimiento Autonomía personal (""Independent Living"")     ..    _;   i '¡::. -; .^'.K. ^^rrji^.^^^r; - . . -.; :^-ir'""^rrt.--; ^ pSiCO-SOCial. .; -:^..... :-:•; .-|/; (:.:.-;  ^ Retrasados mentales: 360.; ir; .-; . ÍH> -. ^^ ^",,,,https://riubu.ubu.es/handle/10259/117 https://dialnet.unirioja.es/servlet/tesis?codigo=21784 http://redined.mecd.gob.es/xmlui/handle/11162/27268 http://riubu.ubu.es/handle/10259/117 https://core.ac.uk/download/61545310.pdf,http://dx.doi.org/10.36443/10259/117,,10.36443/10259/117,2102134305,,0,,4,true,cc-by-nc-nd,hybrid
008-360-767-642-878,"Inovação, Gestão e Sustentabilidade na Agroindústria",,2021,book,,,Instituto Internacional Despertando Vocações,,Balieiro Acenini Lima; Lima Anny Kelly de Oliveira; Nascimento Ayrton Matheus da Silva,"<jats:p>Em 2021, ainda em meio à crise social gerada pela pandemia causada pelo Coronavírus, que levou a população a manter um distanciamento social, o CIAGRO foi planejado, conduzido e vivenciado dentro do cenário crescente de temas que envolvem a agroindústria mundial. Com o tema norteador “Inovação Gestão e Sustentabilidade na Agroindústria” o CIAGRO 2021 contemplou o que há de mais moderno para a agroindústria na atualidade. O Congresso Internacional da Agroindústria – CIAGRO 2021 é um evento, concebido no âmbito das atividades desenvolvidas no Programa Internacional Despertando Vocações para as Ciências Agrárias (PDVAgro) e realizado pelo Instituto Internacional Despertando Vocações (IIDV) que tem compromisso com a democratização do conhecimento e com uma educação de qualidade. O e-book volume 1 do CIAGRO 2021, está dividido em 26 capítulos que enfatiza os diversos elos da agroindústria, evidenciando alternativas para o desenvolvimento de pesquisas, desafios e expectativas para a cadeia produtiva dos alimentos, dividindo experiências nas áreas de Inovação, Gestão e Planejamento Agroindustrial.</jats:p>",,,,,,Té púrpura  inhibición de enzimas digestivas  amilasa  lipasa Purple tea  inhibition of digestive enzymes  lipase  amylase Carotenoides  Hidrocarburos  Pigmentos  Desechos Carotenoids  Hydrocarbons  Pigments  Waste Sweeteners  green extraction  extraction methods  Stevia rebaudiana Bertoni Embutidos; Subproducto; Carne; Aditivo Sausage; By-product; meat; Additive Produtos cárneos  Hambúrguer  Banana  Fibra Alimentar Productos cárnicos  Hamburguesa  Plátano  Fibra Dietética Meat products  Hamburger  Banana  Dietary Fiber Protección ambiental  Biomoléculas  Glicolípidos  Lipopéptidos  Biosíntesis Environmental protection  Biomolecules  Glycolipids  Lipopeptides  Biosynthesis Sorghum (Sorghum Bicolor L.)  Sorghum flour  flour substitution  traditional recipes and technical cooking sheets Sugarcane bagasse  biomass  white rot fungi  pre-treatment  saccharification Fish  Crustaceans  Molluscs  Byproducts Antimicrobiano  antioxidante  encapsulado  metabolitos secundarios Antimicrobial  antioxidant  encapsulation  secondary metabolites Equation of Station  Peng-Robinson  Excel,,,,http://dx.doi.org/10.31692/978-65-88970-19-5,http://dx.doi.org/10.31692/978-65-88970-17-1,,10.31692/978-65-88970-17-1,3193949462,,0,,0,true,,bronze
008-528-555-445-318,O ocaso da globalização neoliberal,2022-04-26,2022,dissertation,,,Universidade Estadual de Campinas,,Allan Heráclito Xavier Fernandes,"This material presents theories and events seeking for verify if that neoliberal globalization has entered a new phase in the last decade, bringing with this crisis, new political phenomena and changes in societies.A crisis of the current world can be inserted in one row called by the structural crisis of the capital, in which this paper will seek to present some of its facets.In particular, this work explores the ascent of the alt right of the world, or the profile and the conditions of the electorate that offer these alternatives highly authoritarian and / or illiberal.Or discredit in some countries with democracy and with its institutions also addressed in this work showing that there is a crisis of representation and legitimacy in some Western countries.We will also address aspects of classical fascism, searching in literature for parallels in ancient times like that of XX century fascism.Part of this work will mention the main aspects of neoliberalism and its troubled relation with democracy.We will also bring insights about the neoliberal-neoconservative alliance.It is worth highlighting that this work was based on the western countries and traced mostly studies and data related to a larger economy and liberal democracy in the world; the United States of America that spent the last years governed by a politician who has a relation as the object of study of this work.",,,,,Neoliberalism (international relations); Democracy; Authoritarianism; Political science; Relation (database); Political economy; Legitimacy; Politics; Globalization; Capital (architecture); Alliance; Sociology; Law; Geography; Archaeology; Database; Computer science,Crise; neoliberalismo; tecnocracia; democracia Crisis; neoliberalism; technocracy; democracy,,,,https://doi.org/10.47749/t/unicamp.2022.1245524,http://dx.doi.org/10.47749/t/unicamp.2022.1245524,,10.47749/t/unicamp.2022.1245524,,,0,,0,true,,gold
008-687-218-843-25X,Validación de una escala de conocimiento sobre estudiantes con aptitudes sobresalientes de nivel medio superior,2021-06-02,2021,journal article,Psicumex,20075936,Universidad de Sonora,,Alejandro Jesús Robles Ramírez; Diana Irasema Cervantes Arreola; Héctor Francisco Ponce Renova,"The aim of this study was the design and validation of a scale to assess knowledge of Gifted high school students, which was called Knowledge Scale of Gifted students. It was grouped in three dimensions: myths related to social characteristics, myths related to the impossibility of failure and myths about to their high performance in everything. The scale was applied to a non-probabilistic sample, by quotas of 50 educational agents of four high schools. The process of validation consisted of an exploratory factor analysis (EFA) and confirmatory (CFA), as well as the internal consistency. The Cronbach's Alpha reliability was .68. and the EFA with the maximum likelihood method and with a varimax rotation obtained a KMO = .581. The AEF model was corroborated with a Confirmatory Factor Analysis (CFA) obtaining optimal fix indexes. It was concluded that it meets the minimum criteria to obtain valid and reliable scores.",11,1,1,31,Cronbach's alpha; Psychology; Exploratory factor analysis; Varimax rotation; Social characteristics; Internal consistency; Confirmatory factor analysis; Reliability (statistics); Maximum likelihood; Social psychology,conocimiento  aptitudes sobresalientes  escala  nivel medio superior  validación knowledge; gifted; scale; high school students  validation,,,,https://psicumex.unison.mx/index.php/psicumex/article/download/361/307 http://www.scielo.org.mx/scielo.php?script=sci_arttext&pid=S2007-59362021000100102 https://dialnet.unirioja.es/servlet/articulo?codigo=8040004 https://psicumex.unison.mx/index.php/psicumex/article/view/361 https://doaj.org/article/f355ecc283c647b3a11b1f0478953584 https://biblat.unam.mx/en/revista/psicumex/articulo/validacion-de-una-escala-de-conocimiento-sobre-estudiantes-con-aptitudes-sobresalientes-de-nivel-medio-superior http://www.scielo.org.mx/pdf/psicu/v11/2007-5936-psicu-11-e361.pdf,http://dx.doi.org/10.36793/psicumex.v11i1.361,,10.36793/psicumex.v11i1.361,3170883497,,0,006-858-118-841-848; 011-727-774-878-519; 012-401-473-911-449; 012-573-939-525-058; 022-940-708-354-698; 029-070-684-888-772; 029-212-836-024-190; 029-406-644-457-296; 029-873-259-626-471; 030-167-947-326-728; 031-612-612-248-851; 032-500-392-148-620; 045-263-526-874-800; 049-798-747-976-997; 056-427-510-894-660; 056-613-249-529-887; 056-911-987-828-235; 061-273-023-724-48X; 064-516-035-842-187; 072-620-824-124-620; 076-218-405-542-772; 077-556-460-735-508; 083-827-092-315-188; 084-383-883-293-44X; 084-915-061-334-542; 085-986-431-227-774; 101-519-102-145-888; 101-529-931-493-619; 102-676-523-555-987; 103-638-289-285-059; 128-485-432-237-942; 135-283-231-301-264; 156-377-322-112-003; 169-077-580-457-722; 171-587-841-951-238; 177-946-611-900-291; 190-204-978-683-287,0,true,cc-by-nc-nd,gold
008-857-098-768-820,DIABETES MELLITUS MATERNA Y SU INFLUENCIA EN EL NEURODESARROLLO DEL NIÑO; REVISIÓN SISTEMÁTICA,2015-12-01,2015,journal article,Nutricion hospitalaria,16995198; 02121611,Grupo Aula Medica S.A.,Spain,María José Aguilar Cordero; Laura Baena García; Raquel Rodríguez Blanque; Julio Latorre García; Norma Mur Villar; Antonio Manuel Sánchez López,"Background: at present, diabetes has become a global health problem. The consequences that entails, both short and long term, do more studies and knowledge necessary for detection, control and treatment. Moreover, its prevalence is increasing in both the general population and pregnant women. Numerous effects and complications have been reported in infants of diabetic mothers, such as fetal macrosomia, hypoglycemia and increased risk of developing obesity. This condition could have negative effects on the neurological development of the child and could affect his intellectual capacity and increase cognitive impairment. Aims: to analyze the studies which have investigated in the relationship between diabetes mellitus during pregnancy and its impact on child neurodevelopment short and long-term. Methods: we performed a systematic search and 20 specific articles on the subject selected would be selected following the PRISMA guidelines. Results: in the studies consulted include a large methodological variety in both instruments and cognitive assessment scales, as in the age at which the sample is studied. However, most researchers conclude that maternal diabetes can have consequences for the child, both short and long-term. A higher rate of obesity, impaired glucose tolerance, cardiovascular and metabolic disorders and neurodevelopmental impairment is also",32,6,2484,2495,Child development; Internal medicine; Endocrinology; Pediatrics; Pregnancy; Impaired glucose tolerance; Hypoglycemia; Fetal macrosomia; Population; Obesity; Diabetes mellitus; Medicine,,"Child; Child Development; Cognition; Developmental Disabilities/etiology; Diabetes, Gestational/physiopathology; Female; Humans; Pregnancy",,,https://pubmed.ncbi.nlm.nih.gov/26667695/ http://www.nutricionhospitalaria.com/pdf/10069.pdf https://www.redalyc.org/pdf/3092/309243321017.pdf https://scielo.isciii.es/pdf/nh/v32n6/17revision12.pdf https://pesquisa.bvsalud.org/portal/resource/pt/ibc-146107 https://medes.com/publication/106293 https://scielo.isciii.es/scielo.php?script=sci_arttext&pid=S0212-16112015001200017 http://europepmc.org/abstract/MED/26667695 http://www.redalyc.org/articulo.oa?id=309243321017 http://www.aulamedica.es/nh/pdf/10069.pdf https://dialnet.unirioja.es/servlet/articulo?codigo=5355004,https://www.ncbi.nlm.nih.gov/pubmed/26667695,26667695,,1755405445,,0,000-927-295-008-783; 000-980-138-485-271; 001-561-339-359-335; 004-505-245-076-820; 005-060-287-316-041; 005-310-435-537-356; 006-175-524-990-766; 007-720-483-110-976; 011-140-999-942-283; 011-152-085-728-887; 011-744-809-261-75X; 018-700-681-981-60X; 019-276-491-108-099; 020-851-390-828-795; 027-939-452-129-959; 032-235-115-161-945; 033-083-453-480-726; 035-672-749-129-984; 036-826-959-951-349; 036-857-354-231-340; 038-202-184-994-737; 038-353-457-451-147; 038-665-026-247-112; 039-190-259-956-278; 039-912-712-695-048; 044-437-453-828-379; 046-298-598-338-341; 049-879-746-811-829; 050-764-982-586-892; 052-987-286-839-463; 053-392-507-473-025; 055-380-473-549-750; 062-519-347-505-738; 064-010-764-857-049; 065-856-842-577-954; 073-252-158-739-454; 074-114-047-821-288; 081-366-418-636-933; 082-735-733-115-473; 083-321-991-664-615; 086-393-004-272-16X; 087-165-637-687-578; 092-228-640-274-340; 098-407-922-814-319; 100-736-081-319-90X; 103-886-250-809-735; 107-456-001-569-991; 132-680-147-231-822; 134-129-865-165-610; 140-265-671-768-02X; 169-977-652-270-216,6,true,cc-by-nc-sa,gold
008-938-601-540-095,Conexão (in)visível : degradação ambiental e saúde na fronteira agrícola amazônica,,,dissertation,,,Biblioteca Central da UNB,,Marla Weihs,"Meus filhos Bianca e Felipe, por juntos caminharmos. Meu companheiro Ivaldo, pela amorosidade, o diálogo e a valiosa correção do texto. Meus pais Dirson e Vidamira, pelo irrestrito incentivo. Meus irmãos Alison e Mey e sobrinhos Guilherme, Marina, Davi e Luca, pela amizade.",,,,,,environmental health; agricultural frontier; Amazon; pesticides; risk,,,,http://repositorio.unb.br/bitstream/10482/19908/1/2015_MarlaLeciWeihs.pdf https://repositorio.unb.br/handle/10482/19908,http://dx.doi.org/10.26512/2015.03.t.19908,,10.26512/2015.03.t.19908,2979088159,,0,,0,true,,green
009-313-570-667-400,Anais do Congresso Acervo + 2022 | Eixo Saúde,,2022,conference proceedings article,Anais do Congresso Acervo + 2022 | Eixo Saúde,,Revista Eletrônica Acervo Saúde,,,"SOBRE O EVENTO O Congresso Acervo+ mantém o seu propósito de contribuir para a disseminação da ciência. Através dos cadernos de anais publicados na Revista Eletrônica Acervo Saúde (REAS) e na Revista Eletrônica Acervo Científico (REAC), a sociedade é agraciada com um rico material científico de diversas áreas do conhecimento. A organização enfrentou novos desafios para realizar mais uma edição de sucesso do evento, que contasse com uma programação robusta e proveitosa aos participantes, além da publicação de um caderno de anais de qualidade. A partir da inovação, um dos pilares da Acervo+, os desafios foram superados. Antes mesmo do anúncio oficial da data do evento, os autores contaram com a assistência de uma masterclass com sete aulas, esclarecendo todos os pontos a respeito da construção de um resumo científico. Além disso, o processo de submissão foi reestruturado e se tornou intuitivo e didático aos autores, visando garantir que erros comuns fossem evitados nos resumos. As apresentações orais, por meio do evento ao vivo no YouTube, e dos episódios de podcast, garantem acessibilidade e inovação na disseminação da ciência. Em mais um evento, a Acervo+ possibilita que pessoas de todo o Brasil e do mundo fortaleçam a pesquisa e iniciem sua trajetória científica. Para garantir uma programação de excelência, a organização estruturou palestra, mesa-redonda, relato de experiência e aula-aberta divididos entre os quatro dias de Congresso. Além disso, a Oficina do Artigo foi uma novidade da edição de 2022, um convite para que os autores avancem na pesquisa e atinjam novos objetivos e metas, como a publicação de um artigo em periódico.",,,,,Computer science,COVID-19; Populações vulneráveis; População negra Tuberculose; Epidemiologia; Casos notificados Alimentos; Informação nutricional; Rotulagem nutricional Obesidade; Cesariana; Hipotensão arterial Dispositivos eletrônicos; Universitários; COVID-19 Escorpionismo; Enfermeiro; Belém Cicatrização; Ferimentos; Fitoterapia,,,,https://acervomais.com.br/index.php/saude/article/download/9586/5757 https://doi.org/10.25248/anais.e9586.2022,http://dx.doi.org/10.25248/anais.e9586.2022,,10.25248/anais.e9586.2022,,,0,,0,true,,gold
009-902-822-714-134,ESPIM: um modelo para guiar o desenvolvimento de sistemas de intervenção a distância,,,dissertation,,,"Universidade de Sao Paulo, Agencia USP de Gestao da Informacao Academica (AGUIA)",,Bruna C.R. Cunha,"Gostaria de agradecer e dedicar esta tese às seguintes pessoas: À minha família, principalmente aos meus pais, Lucélia e Luzmar, e aos meus avós, Dulce, Benedito, Luzia e Ademar, alguns que não estão mais presentes em vida, mas que sei que me acompanham. À minha namorada Natalia Cerrao, minha melhor companhia e meu porto seguro. À minha orientadora Graça Pimentel por me orientar neste projeto, mas ainda mais por ser uma grande amiga todos esses anos. Aos meus sogros, Leila e Ailton Cerrao, por cuidarem de mim quando meus pais estão longe. À Lívia Sousa, por ser minha melhor amiga sempre, apesar da distância e ""correria"" da vida. Aos colegas e colaboradores que auxiliaram no desenvolvimento deste trabalho: Kamila",,,,,Computer science,ESM; mHealth; m-Learning; Conceptual Model; interventions,,,,https://www.teses.usp.br/teses/disponiveis/55/55134/tde-29082019-090151/ https://www.teses.usp.br/teses/disponiveis/55/55134/tde-29082019-090151/publico/BrunaCarolinaRodriguesCunha_revisada.pdf,http://dx.doi.org/10.11606/t.55.2019.tde-29082019-090151,,10.11606/t.55.2019.tde-29082019-090151,2970965067,,0,,0,true,cc-by-nc-sa,gold
010-044-136-949-125,"Compostos de ferro de interesse farmacológico: avaliação da estabilidade, toxicidade em organismos aquáticos, transporte em células e capacidade de gerar reservatórios de ferro lábil",,,dissertation,,,"Universidade de Sao Paulo, Agencia USP de Gestao da Informacao Academica (AGUIA)",,Hector Aguilar Vitorino,"Aos meus pais, Paulina Vitorino Quiñones e Genaro Aguilar Castro, e a Miguel Angel Vargas Arqque pelo exemplo de perseverança, pelas lições ao longo da vida, principalmente por sempre me incentivarem a estudar, adquirir novos conhecimentos e por aceitarem minha ausência em vários momentos. Ao meu grande amor, Priscila Ortega, por sempre me apoiar em todas as formas de ajuda, carinho, amor e dedicação.",,,,,,ferro; Artemia salina; Ucides cordatus; toxicidade; fluorescência iron; Artemia salina; Ucides cordatus; toxicity; fluorescence,,,,https://www.teses.usp.br/teses/disponiveis/46/46136/tde-15092016-080252/pt-br.php https://www.teses.usp.br/teses/disponiveis/46/46136/tde-15092016-080252/publico/TeseCorrigidaHectorAguilarVitorino.pdf,http://dx.doi.org/10.11606/t.46.2016.tde-15092016-080252,,10.11606/t.46.2016.tde-15092016-080252,2562663641,,0,,0,true,cc-by-nc-sa,gold
010-341-438-700-764,Medidas desde el área de Educación Física para atender a las discapacidades motóricas e intelectuales,2020-06-03,2020,journal article,"e-Motion: Revista de Educación, Motricidad e Investigación",23411473,Universidad de Huelva,,Eliseo García Cantó; Pedro José Carrillo López; Andrés Rosa Guillamón,"Introduccion: Los alumnos con necesidades educativas especiales son aquellos que requieren una ayuda diferente al resto del alumnado para una respuesta adecuada a las necesidades que se le presentan. La atencion a la diversidad es la intervencion educativa que desde una oferta curricular comun ofrece una respuesta adaptada al discente. Estas adaptaciones pueden ser medidas ordinarias o especificas. En base a lo descrito, el objetivo de este trabajo fue analizar las discapacidades fisicas e intelectual y plantear propuestas practicas de actuacion desde el area de Educacion Fisica. Metodologia: Se desarrollan siete actividades basadas en una concepcion constructivista e integradora de todo el alumnado que favorece el aprendizaje. Una de las fortalezas es la conexion entre la motricidad, las areas  cognitivas y el canal afectivo favoreciendo el desarrollo pleno del individuo. Resultados y conclusiones: es importante contemplar las caracteristicas que conllevan los diferentes problemas y sus necesidades, poniendo en practica una EF generalizada con posibilidades de aplicacion para todos los escolares. La inclusion del alumnado discapacitado en la escuela pasa muchas veces por la reflexion y la buena voluntad para adaptar las actividades, sin escudarnos en la falta de material y de personal especializado para no llevar a cabo actividades diferentes en las sesiones de EF.",,14,82,104,,04-04-2020 Primary school special educational needs; attention to diversity; Physical Education,,,,http://rabida.uhu.es/dspace/handle/10272/18483 https://dialnet.unirioja.es/servlet/articulo?codigo=7486032 http://www.uhu.es/publicaciones/ojs/index.php/e-moti-on/article/view/4694 http://www.uhu.es/publicaciones/ojs/index.php/e-moti-on/article/download/4694/4404,http://dx.doi.org/10.33776/remo.v0i14.4694,,10.33776/remo.v0i14.4694,3047341428,,0,,5,true,cc-by-nc-sa,gold
011-040-803-079-177,"INTEGRA(-TE): cultura, ciência, pedagogia e empreendedorismo",2017-12-17,2017,journal article,Revista de Estudios e Investigación en Psicología y Educación,23867418,Universidade da Coruna,,Paula Marisa Fortunato Vaz; Vitor Gonçalves; Ivone Fachada; Raquel Branquinho,"Apresenta-se o projeto “Rotas Cientificas para uma Integracao Intercultural”, promovido pelo Centro de Ciencia Viva de Braganca, em colaboracao com a Escola Superior de Educacao do Instituto Politecnico de Braganca, financiado pelo programa “INTEGRA – Ciencia Viva”. Este projeto assenta no desenvolvimento de atividades educativas, direcionadas para uma comunidade de jovens provenientes de Paises Africanos de Lingua Oficial Portuguesa e tem por base tres ilhas de conhecimento: Ciencia e Tecnologia, Multiculturalidade e Diversidade Cultural, Pedagogia e Educacao na exploracao de novos desafios. Apresentam-se os pilares do projeto, respetivos objetivos e os resultados obtidos a partir das principais atividades.",,08,35,39,,,,,,https://core.ac.uk/display/153416046 https://revistas.udc.es/index.php/reipe/article/view/reipe.2017.0.08.2360 https://dialnet.unirioja.es/servlet/articulo?codigo=6349104,http://dx.doi.org/10.17979/reipe.2017.0.08.2360,,10.17979/reipe.2017.0.08.2360,2778917839,,0,,0,true,cc-by-sa,gold
011-082-470-133-248,Atención psicoeducativa en alumnos con TEA,2017-03-16,2017,journal article,Padres y Maestros / Journal of Parents and Teachers,22551042; 02104679,Universidad Pontificia Comillas,,José Luis Cabarcos Dopico,"The students with autism (ASD) shows an spectrum of needs that requires an spectrum of interventions at psychological  and  educational levels. In order to determine these needs and to provide an effective intervention, it will be necessary  an individualized psychological evaluation, understanding the psychological theories of the disorder and to implement learning methods based on   routine, structure,  functionality,  meaning and  motivation.",0,369,20,25,Psychological evaluation; Developmental psychology; Psychology; Autism; Psychological intervention; Intervention (counseling); Learning methods; Meaning (linguistics); Psychotherapist,,,,,https://dialnet.unirioja.es/servlet/articulo?codigo=5883031&info=link https://dialnet.unirioja.es/servlet/articulo?codigo=5883031 https://revistas.upcomillas.es/index.php/padresymaestros/article/view/7744,http://dx.doi.org/10.14422/pym.i369.y2017.003,,10.14422/pym.i369.y2017.003,2608627745,,0,,0,true,cc-by-nc-nd,hybrid
011-268-001-602-684,RESUMOS DO VIII EDIÇÃO DO SIMPÓSIO IBEROAMERICANO DE PLANTAS MEDICINAIS E DO III SIMPÓSIO IBEROAMERICANO DE INVESTIGAÇÃO EM CÂNCER,2017-08-25,2017,journal article,Infarma - Ciências Farmacêuticas,23189312; 01040219,Conselho Federal de Farmacia,,Valdir Cechinel Filho; Fátima De Campos-Buzzid; Clóvis Antonio Rodrigues; Arturo San Feliciano,Os eventos foram sediados pela Universidade do Vale do Itajai (UNIVALI) e contou com o apoio e patrocinio do Programa CYTED (Programa Ibero-americano de Ciencia e Tecnologia para o Desenvolvimento) por meio da Rede Iberoamericana de Estudos e Aproveitamento Sustentavel da Biodiversidade Regional de Interesse Farmaceutico (RIBIOFAR/CYTED/CNPq) e da Rede Iberoamericana de Investigacao em Câncer (RIBECANCER/CYTED/CNPq).,29,,321,691,,JANINE A PETTINELI; B O SOARES; K E F LACERDA; R GAGLIARDI S BIANCHIN; B P SOUZA; L GRACIANO ADRIANO FERRAZ; A F MOREL; D COPETTI; U F SILVA,,,,http://revistas.cff.org.br/?journal=infarma&page=article&op=download&path%5B%5D=2190&path%5B%5D=pdf_1 http://revistas.cff.org.br/?journal=infarma&page=article&op=view&path=2190,http://dx.doi.org/10.14450/2318-9312.v29.esup3.a2017.pp321-691,,10.14450/2318-9312.v29.esup3.a2017.pp321-691,2747081652,,0,,0,true,cc-by-nc-nd,gold
012-005-609-531-767,ANAIS DO CONGRESSO ACERVO+,,2021,conference proceedings article,ANAIS DO CONGRESSO ACERVO+,,Revista Eletrônica Acervo Saúde,,,"DOI:&nbsp;https://doi.org/10.25248/anais.e6674.2021 Indexação Crossref:&nbsp;clique aqui A 1° edição do Congresso Acervo+ foi um sucesso logo na submissão, tivemos um recorde de trabalhos enviados para avaliação. Foram 850 resumos simples que passaram pelo rigoroso processo de avaliação por pares das revistas A+. A participação da equipe editorial na avaliação garantiu a ética em pesquisa e aos preceitos legais na ciência, compilado e fundamentado nas normas metodológicas das revistas presentes em seu estatuto para publicação de anais de evento científico. Resumidamente, os parâmetros de avaliação da comissão científica do evento e da equipe editorial da revista foram: 1) Concisão e fidedignidade textual;2) Impacto, atualidade e originalidade;3) Dados preliminares por fontes confiáveis;4) Acessibilidade e clareza;5) Delineamento adequado da pesquisa;6) Ética em pesquisa;7) Definição clara dos objetivos, resultados e variáveis do estudo;8) Narrativa com fluidez e linguagem adequada;9) Didática e coerência de raciocínio e percurso;10) Aplicação, informação e/ou conhecimento no âmbito científico. A partir do processo de qualidade na avaliação, foram selecionados 476 resumos simples para o eixo Ciências da Saúde e 08 resumos simples para o eixo Ciências Gerais que compõem esse caderno de anais publicados nas revistas Acervo Saúde e Acervo Científico e indexados na Acervo+ index base. “A ciência que nos move!”Congresso Acervo+ ORGANIZADORES DO EVENTO• Equipe Editorial Acervo+• Equipe de Comunicação Acervo+• Equipe Administrativa Acervo+ Comissão Científica• Equipe Editorial Acervo+ - APRESENTAÇÕES ORAIS",,,1,966,Political science; Humanities; Art,Sífilis gestacional; Epidemiologia; Infecção sexualmente transmissível Procedimentos cirúrgicos do aparelho digestório; Epidemiologia; Covid-19 Sarampo; Casos; Epidemiologia,,,,https://acervomais.com.br/index.php/saude/article/download/6674/4154 https://doi.org/10.25248/anais.e6674.2021,http://dx.doi.org/10.25248/anais.e6674.2021,,10.25248/anais.e6674.2021,,,0,,0,true,,gold
012-244-011-784-223,La atención temprana en los trastornos del espectro autista (TEA),,2015,journal article,Psicología Educativa,1135755x; 21740526,Colegio Oficial de la Psicologia de Madrid,Spain,M. Araceli Sánchez-Raya; Eduardo Martínez-Gual; Juan Antonio Moriana Elvira; Bárbara Luque Salas; Francisco José Alós Cívico,"In this paper we will address early intervention in children with autism spectrum disorders (ASD) in ages ranging from birth to six years old. Early intervention is a very recent matter, but today we have some evidences about how to deal with it and the principles that must guide early intervention in children with autism spectrum disorders. The importance of early detection is undeniable in all developmental disorders in children with ASD as well, for an early intervention with children and their families. An early intervention is a very important predictor of functional recovery. Along with the growing incidence and prevalence of this kind of disorders, this makes our field of study a matter of increasing scientific and theoretical interest.",21,1,55,63,Psychiatry; Developmental psychology; Geography; Autism; Intervention (counseling); Functional recovery; Early detection; Incidence (epidemiology),,,,,https://journals.copmadrid.org/psed/archivos/ed2015v21n1a8.pdf http://pse.elsevier.es/es/la-atencion-temprana-los-trastornos/articulo/S1135755X15000081/ https://cyberleninka.org/article/n/1110146 https://dialnet.unirioja.es/servlet/articulo?codigo=5255035 https://www.sciencedirect.com/science/article/pii/S1135755X15000081 https://core.ac.uk/display/81925932 http://pse.elsevier.es/es/la-atencion-temprana-los-rastornos/articulo/S1135755X15000081/ https://www.elsevier.es/es-revista-psicologia-educativa-educational-367-articulo-la-atencion-temprana-trastornos-del-S1135755X15000081 https://www.academia.edu/59280666/La_atenci%C3%B3n_temprana_en_los_trastornos_del_espectro_autista_TEA_ https://cyberleninka.org/article/n/1110146.pdf https://journals.copmadrid.org/psed/art/j.pse.2014.04.001#resumen https://www.colibri.udelar.edu.uy/jspui/handle/20.500.12008/18905 https://core.ac.uk/download/pdf/81925932.pdf,http://dx.doi.org/10.1016/j.pse.2014.04.001,,10.1016/j.pse.2014.04.001,1568762729,,0,003-939-746-148-222; 007-623-264-307-600; 010-535-421-311-178; 012-292-489-095-677; 017-889-680-291-792; 023-459-946-918-861; 026-089-107-906-492; 030-080-672-857-957; 034-083-131-099-822; 039-163-930-141-654; 040-982-657-330-511; 041-407-015-205-503; 041-674-220-983-511; 046-118-617-887-848; 046-853-140-953-123; 050-605-912-028-352; 051-221-572-336-896; 052-296-816-467-335; 052-301-781-001-212; 069-142-014-099-636; 079-625-240-653-139; 085-761-483-421-141; 087-528-454-034-312; 090-421-004-160-256; 094-221-397-893-387; 101-880-808-113-64X; 107-634-497-239-863; 114-438-019-977-592; 131-423-542-523-282; 132-092-741-652-565; 137-824-806-135-802; 140-852-301-035-941; 143-444-946-140-323; 148-522-082-184-064,13,true,cc-by-nc-nd,gold
012-359-271-141-320,Mecanismos associados à ocorrência de surtos populacionais e manejo de Panonychus citri (McGregor) (Acari: Tetranychidae) em pomares cítricos,,,dissertation,,,"Universidade de Sao Paulo, Agencia USP de Gestao da Informacao Academica (AGUIA)",,Odimar Zanuzo Zanardi,"Tese apresentada para obtenção do título de Doutor em Ciências. Área de concentração: Entomologia Piracicaba 2015 Dados Internacionais de Catalogação na Publicação DIVISÃO DE BIBLIOTECA -DIBD/ESALQ/USP Zanardi, Odimar Zanuzo Mecanismos associados à ocorrência de surtos populacionais e manejo de Panonychus citri (McGregor) (Acari: Tetranychidae) em pomares cítricos / Odimar Zanuzo Zanardi. --Piracicaba, 2015. 134 p. : il. Tese (Doutorado) --Escola Superior de Agricultura ""Luiz de Queiroz"". 1. Surto populacional 2. Inseticidas 3. Hormese 4. Comportamento 5. Demografia 6. Impactos sobre predador 7. Biopesticides I. Título CDD 634.3 Z27m ""Permitida a cópia total ou parcial deste documento, desde que citada a fonte -O autor"" Às secretárias do Departamento de Entomologia e Acarologia da Escola Superior de Agricultura ""Luiz de Queiroz"" (ESALQ/USP), em especial à Andrea Varella Sintoni pelo auxílio, colaboração, dedicação e aos serviços prestados. À bibliotecária Eliana Maria Garcia da Biblioteca Central (ESALQ/USP), pelo auxílio na formatação desse trabalho. A todos aqueles que direta ou indiretamente contribuíram ou participaram da execução desse trabalho.",,,,,,Citrus red mite; Formulations; Bioactivity; Lethal effect; Fecundity; Fertility,,,,https://www.teses.usp.br/teses/disponiveis/11/11146/tde-04052015-152001/ https://www.teses.usp.br/teses/disponiveis/11/11146/tde-04052015-152001/publico/Odimar_Zanuzo_Zanardi.pdf,http://dx.doi.org/10.11606/t.11.2015.tde-04052015-152001,,10.11606/t.11.2015.tde-04052015-152001,1527598345,,0,,0,true,cc-by-nc-sa,gold
012-373-721-294-158,Estudio sobre las dificultades de aprendizaje y el uso de las pantallas: la identidad digital en el aula de Primaria,2021-02-03,2021,journal article,ReiDoCrea: Revista electrónica de investigación Docencia Creativa,22545883,Editorial de la Universidad de Granada,,Lorena Muñoz Muñoz; Manuel Jesús Cardoso Pulido,"espanolNo cabe duda de que Internet y las nuevas tecnologias han supuesto un cambio drastico en nuestra sociedad, transformando la forma de vivir de las personas y aportando numerosos beneficios en diversos ambitos como en educacion. Sin embargo, tambien ha generado especial interes y adiccion en ninas y ninos menores de edad. En este articulo se presentan los datos y analisis de un cuestionario de investigacion llevado a cabo con 143 discentes de primaria de entre 9 a 12 anos de edad, en el cual se pretende analizar la existencia de un alto consumo hacia las pantallas y su relacion directa con las dificultades de aprendizaje. Los resultados muestran una poblacion con una alta sobreexposicion de manera descontrolada hacia las pantallas, aspecto que se relaciona significativamente con variables psicologicas y dificultades de aprendizaje en el alumnado, asi como factores de riesgo que influyen en el buen desarrollo de su identidad. Finalmente, nuestro trabajo muestra como las identidades digitales son cada vez mas comunes y, a la vez, separadas de la sociedad, lo que provoca que los menores no consigan manejar el contenido ni la velocidad con la que avanza la informacion. EnglishIt is worldwide-known that Internet and new technologies have caused a vast change on our society, transforming people’s way of life and providing numerous benefits in many scopes such as education. However, it has raised special concentrations and it has become an addiction in underage children too. This paper highlights the data and analysis of a research questionnaire carried out in 143 primary students, between 9 and 12 years old, which intertwines the existence of screen’s high consumption and its relationship with learning disabilities. Our research has shown participants with an elevated overexposure towards screens, this aspect is connected with psychological variables and students’ learning disabilities, as well as risk factors affecting children’s self-identity. Finally, our study shows how digital identities are more common and, at the same time, isolated from society. This leads to children in not being able to manage the content or information’s speed.",10,10,1,20,,,,,,https://digibug.ugr.es/handle/10481/66300 https://digibug.ugr.es/bitstream/10481/66300/1/10-10.pdf https://dialnet.unirioja.es/servlet/articulo?codigo=7750663,http://dx.doi.org/10.30827/digibug.66300,,10.30827/digibug.66300,3129143830,,0,,1,true,cc-by,gold
012-851-242-746-27X,O ENSINO DO EMPREENDEDORISMO NOS CURSOS DE PÓS-GRADUAÇÃO EM ADMINISTRAÇÃO NO BRASIL,2008-11-11,2008,journal article,Revista de Negócios,19804431; 14133849,Fundacao Universidade Regional de Blumenau,,Danusa Cunha Flores; Marianne Hoeltgebaum; Amelia Silveira,"<jats:p>The entrepreneurs’ formation has been growing in term of value in the world because of the important changes affecting mainly the labor relationship, employment and income. The entrepreneurs’ formation becomes an important subject. The aim of the present paper is to characterize the post-graduate programs in Business Administration, in Brazil, that have research lines, specific concentration area in entrepreneurship and offer disciplines in his curriculum structure regarding this issue. The teaching plans of the entrepreneurship disciplines were analyzed as for the menus, load-hourly and bibliographies. The research was exploratory, using a qualitative method. The population was constituted by the 16 programs for masters and doctorates degree recognized by the Coordination of Personal Improvement of Superior Level (CAPES). The results show that the menus and load- hours have a tendency to focus on the growth of entrepreneurship in the programs analyzed. The business plan, innovation, creating new business opportunities and recognition were the most discussed topics. Filion, Birley and Muzyca, and Drucker were the authors; they have been mentioned as references in the most bibliographies of offered disciplines. The conclusion evidenced that the theme of entrepreneurship is winning field in this level of studies in the Brazilian post-graduate in administration, being relevant to the role of Higher Education Institutions (HEI).</jats:p>",13,1,93,,,Entrepreneurship; Education; Post-Graduation in Business Administration; Brazil,,,,,http://dx.doi.org/10.7867/1980-4431.2008v13n2p93-104,,10.7867/1980-4431.2008v13n2p93-104,,,0,,3,true,cc-by-nc-nd,hybrid
014-003-610-283-960,Dicionário terminológico da gestão pela qualidade total em serviços,,,dissertation,,,"Universidade de Sao Paulo, Agencia USP de Gestao da Informacao Academica (AGUIA)",,Manoel Messias; Alves da Silva,"A descriptive monolingual terminological research concerning terms related to a specific area of the Portuguese language called Total Quality Control in Services is provided. Items have been collected in a Terminological dictionary. Choice and justification of themes and a historical summary that contextualizes Total Quality Control in Services and Manufacturing in Brazil and wordwide are given, together with the theoretical basis of Terminology Science and its importance in a globalized world. Working through modalities of terminology, the author follows a theoretical design covering the typology of dictionaries, the terminological dictionary and its specialties, the problem of the conceptual structure area, units of specialized knowledge from translation and its adaptation to the Portuguese language, from its different modes of formation to the definition problem. It will lead the reader to form a theoretical basis that answers some hypotheses. Is Total Quality Control in Services a true specialty area with regard to Total Quality Control in Manufacturing, or is it merely a subarea? If this administrative philosophy arose within a foreign language, how were the terms adapted to Portuguese? Which were the formation modes employed in the adaptation? Information on bibliographical research, collection of terms, terminological card research, structure of words in the dictionary is also given. Finally, the words in the Terminological Dictionary of Total Quality Control in Services are arranged according to the Deming tripod of planning, control and an improvement in total quality.",,,,,,Terminography; Terminological dictionary; Terminology; Total Quality Control,,,,https://www.teses.usp.br/teses/disponiveis/8/8142/tde-08102003-141220/publico/tdeManoelMessias.pdf https://www.teses.usp.br/teses/disponiveis/8/8142/tde-08102003-141220/ http://www.las.inpe.br/~perondi/26.10.2009/Manoel-Messias_2003_tese.pdf,http://dx.doi.org/10.11606/t.8.2003.tde-08102003-141220,,10.11606/t.8.2003.tde-08102003-141220,2336885669,,0,017-167-426-886-470; 041-186-750-260-027; 044-121-402-909-012; 047-549-745-178-385; 057-296-361-289-633; 073-819-563-731-725; 080-475-647-451-269; 084-781-775-397-552; 127-531-898-135-073; 135-514-350-238-953; 163-224-350-054-37X; 183-350-312-737-308; 189-218-553-918-273,2,true,cc-by-nc-sa,gold
015-007-716-840-504,Estudio de casos:: alumnado de altas capacidades con y sin trastorno del espectro autista ¿Podemos hablar de inclusión en el aula?,,2015,journal article,Fòrum de recerca,,Universitat Jaume I,,Raquel Nieto Garoz; Irene Garcia-Molina; Aida Sanahuja Ribés,"Segun la Unesco (2005), la educacion inclusiva puede ser concebida como un proceso que permite abordar y responder a la diversidad de las necesidades de todos los educandos a traves de una mayor participacion en el aprendizaje, las actividades culturales y comunitarias y reducir la exclusion dentro y fuera del sistema educativo. Sin embargo, la realidad de muchos alumnos no responde a los principios de la educacion inclusiva, puesto que estos no son atendidos en el aula ordinaria y tienden a ser segregados por su diagnostico. Nos situamos en el paradigma de la investigacion cualitativa, concretamente en el estudio de casos. En este trabajo presentamos seis casos de ninos cuyas edades estan comprendidas entre 7 y 9 anos, con un CI igual o superior a 120, por lo tanto, diagnosticados de altas capacidades. Ademas, tres de ellos han sido diagnosticados de trastorno del espectro autista nivel 1 (segun DSM-5). De los 3 alumnos con TEA, uno de ellos asistia a un aula CIL (mod. B), otro estaba incluido en el aula y asistia a una asociacion especifica y el tercer alumno estaba incluido en el aula ordinaria. Por lo que respecta a los tres alumnos diagnosticados de AACC, uno de ellos estaba escolarizado en el aula ordinaria, pero salia a clases de refuerzo impartidas por el especialista de pedagogia terapeutica, otro estaba incluido en el aula ordinaria y el ultimo estaba acelerado un curso. Los tres asistian a una asociacion especifica. Con los diferentes casos expuestos queremos resaltar, ademas de la importancia de implantar en el aula los principios que persigue la educacion inclusiva, la necesidad de trabajar con este tipo de alumnado habilidades sociales y relaciones interpersonales, considerando el aula el contexto social idoneo donde poder trabajar estos aspectos. Finalizamos el trabajo aportando algunas propuestas pedagogicas que pueden ayudar a los docentes a atender los diferentes ritmos, intereses y necesidades del alumnado en el aula.",,20,463,478,,,,,,https://core.ac.uk/display/153568825 http://repositori.uji.es/xmlui/bitstream/10234/172620/1/Nieto_garcia_Sanahuja.pdf https://dialnet.unirioja.es/servlet/articulo?codigo=6280334 http://repositori.uji.es/xmlui/handle/10234/172620,http://dx.doi.org/10.6035/forumrecerca.2015.20.32,,10.6035/forumrecerca.2015.20.32,2794258385,,0,,0,true,cc0,hybrid
015-059-683-383-363,Análisis de los errores en tareas geométricas de argumentación visual por estudiantes con talento matemático,2018-03-11,2018,journal article,Revista Latinoamericana de Investigación en Matemática Educativa,20076819; 16652436,Colegio Mexicano de Matemática Educativa A. C.,Mexico,Rafael Ramírez-Uclés; Pablo Flores Martínez; Isabel Ramírez-Uclés,"En este trabajo se analizan los errores cometidos por un grupo de veinticinco estudiantes de entre 13 y 16 anos, que participan en un proyecto de estimulacion del talento matematico, al resolver tareas geometricas durante tres sesiones de enriquecimiento curricular focalizado en tecnicas de argumentacion. Se identifican errores especificos de la argumentacion visual (establecer falsas analogias entre plano y espacio, no discutir todos los casos posibles y razonar a partir de ejemplos concretos limitados) y derivados del uso incorrecto de los elementos de razonamiento, contenidos y procedimientos matematicos. El estudio de correlaciones muestra que, en su mayoria, los errores son independientes, tanto entre si como con las puntuaciones en tres test que miden su capacidad visual e intelectual. Los resultados del ANOVA de medidas repetidas indican que a lo largo de las tres sesiones disminuye significativamente la frecuencia con la que manifiestan los errores especificos de la argumentacion visual.",21,1,29,56,,,,,Ministerio de Economía y Competitividad; Ministerio de Economía y Competitividad; Ministerio de Economía y Competitividad,http://relime.org/articulos/2101/201802a/index.html https://biblat.unam.mx/es/revista/revista-latinoamericana-de-investigacion-en-matematica-educativa/articulo/analisis-de-los-errores-en-tareas-geometricas-de-argumentacion-visual-por-estudiantes-con-talento-matematico https://dialnet.unirioja.es/servlet/articulo?codigo=6698555 https://www.redalyc.org/journal/335/33554987003/ https://www.redalyc.org/journal/335/33554987003/33554987003.pdf http://www.scielo.org.mx/pdf/relime/v21n1/2007-6819-relime-21-01-29.pdf http://funes.uniandes.edu.co/23072/ http://www.scielo.org.mx/scielo.php?script=sci_arttext&pid=S1665-24362018000100029,http://dx.doi.org/10.12802/relime.18.2112,,10.12802/relime.18.2112,2794501438,,0,001-463-888-827-403; 009-679-312-359-401; 014-317-202-718-859; 014-832-753-221-730; 020-730-856-808-542; 021-809-555-786-990; 022-826-970-359-049; 023-788-957-449-404; 023-906-338-314-53X; 024-687-301-269-471; 026-445-720-554-489; 031-463-348-720-080; 031-526-363-294-820; 032-063-902-920-885; 033-529-653-592-638; 034-438-306-726-067; 034-936-658-711-573; 038-478-872-831-904; 041-499-015-883-567; 044-163-427-429-192; 049-944-837-153-436; 050-315-549-366-684; 051-601-069-065-27X; 053-957-206-351-046; 067-464-061-026-543; 084-969-598-033-006; 089-213-587-272-898; 093-284-423-270-346; 094-309-697-984-017; 099-403-486-899-042; 114-488-420-541-336; 116-587-902-018-405; 123-126-628-600-006; 129-991-945-224-045; 133-021-476-298-224; 136-622-667-921-683; 139-037-943-519-554; 146-373-015-314-616; 164-403-527-383-495; 173-483-146-428-37X; 188-003-223-556-113; 194-676-552-930-704; 195-636-052-075-983; 199-796-680-045-484,4,true,cc-by-nc,gold
015-228-382-393-562,Talentos esportivos no ensino fundamental: (re)pensando as altas habilidades ou superdotação no esporte,,,dissertation,,,EDUFU - Editora da Universidade Federal de Uberlandia,,Guacira Quirino Miranda,,,,,,,High Ability; Gifted; Sports Talents; Special Education; Physical Education; Sports; Elementary School,,,,https://repositorio.ufu.br/bitstream/123456789/25754/1/TalentosEsportivosEnsino.pdf http://repositorio.ufu.br/handle/123456789/25754,http://dx.doi.org/10.14393/ufu.te.2019.2073,,10.14393/ufu.te.2019.2073,2954513836,,0,,0,true,cc-by-nc-nd,hybrid
016-034-890-836-738,Semiologia de Enfermagem - O PROCESSO DE ENFERMAGEM COMO FERRAMENTA NA REABILITAÇÃO E PREVENÇÃO DE AGRAVOS AOS SUJEITOS SEQUELADOS DE AVE: REVISÃO INTEGRATIVA,2019-08-15,2019,book chapter,Semiologia de Enfermagem,,Atena Editora,,Ilza Iris dos Santos; Lilianne Pessoa de Morais; Vande-Cleuma Batista; Rodrigo Jácob Moreira de Freitas; Juce Ally Lopes de Melo; Rúbia Mara Maia Feitosa; Natana Abreu de Moura; Evilamilton Gomes de Paula; Kaline Linhares de Araujo,,,,310,323,,PALAVRAS-CHAVE: Método Canguru; Assistência à Saúde; Neonato,,,,http://dx.doi.org/10.22533/at.ed.39619150830,http://dx.doi.org/10.22533/at.ed.39619150830,,10.22533/at.ed.39619150830,2967610841,,0,,0,true,,bronze
016-517-505-321-049,Semiologia de Enfermagem - APLICAÇÃO DE PAPAÍNA EM PÓ EM DEISCÊNCIA DE FERIDA OPERATÓRIA INFECTADA,2019-08-15,2019,book chapter,Semiologia de Enfermagem,,Atena Editora,,Andressa de Souza Tavares; Dayse Carvalho do Nascimento; Graciete S. Marques; Norma Valéria Dantas de Oliveira Souza; Priscila Francisca Almeida; Patrícia Alves dos Santos Silva; Déborah Machado dos Santos; Rodrigo Costa Soares Savin,,,,261,266,,PALAVRAS-CHAVE: Método Canguru; Assistência à Saúde; Neonato,,,,http://dx.doi.org/10.22533/at.ed.39619150826,http://dx.doi.org/10.22533/at.ed.39619150826,,10.22533/at.ed.39619150826,2968341403,,0,,0,true,,bronze
016-752-406-297-805,INTELIGENCIAS MÚLTIPLES Y ESPIRITUALIDAD,2018-06-20,2018,conference proceedings article,Vulnerabilidad e inclusión. Hacia la resignificación de los derechos de la niñez,,Instituto de Ciencias para la Familia - Universidad Austral,,Silvia C. González,"Se permite su copia y distribución por cualquier medio siempre que mantenga el reconocimiento de sus autores, no haga uso comercial de las obras y no realice ninguna modificación de ellas.",,,265,282,,Childhood; Malnutrition; Vulnerability; Brain damage; Public politics derechos del niño; Niñez y familia; Inclusión; Vulnerabilidad; Abandono,,,,http://dx.doi.org/10.26422/icf.2017.cong04.gon,http://dx.doi.org/10.26422/icf.2017.cong04.gon,,10.26422/icf.2017.cong04.gon,2810457439,,0,,0,true,cc-by-nc-nd,hybrid
016-855-977-208-257,La realidad aumentada al servicio de la Inclusión Educativa. Estudio de caso.,2018-12-11,2018,journal article,Revista RETOS XXI,25241133; 25241125,Editorial de la Universidad de Granada,,Verónica Marín Díaz,"El desarrollo de las Tecnologias de la Informacion y la Comunicacion en la esfera educativa supone la aplicacion de recursos digitales cuya meta sera la mejora de los procesos de ensenanza y aprendizaje. En este sentido se presenta el estudio llevado a cabo con un grupo de estudiantes de Grado de Educacion Primaria, como estudio piloto para determinar si la Realidad Aumentada puede mejorar la educacion inclusiva. La muestra compuesta por 81 estudiantes, los cuales a su vez formaban parte de un estudio mayor dentro del proyecto RAFODIUM (EDU201457446-P) y a traves de un cuestionario creado ad hoc, conformado por 31 item con una escala de respuesta tipo 5 Likert de 5 opciones, se recabo informacion sobre esta tecnologia y la educacion inclusiva. El principal resultado alcanzado pone de relieve que la RA puede ser un elemento que potencie la educacion inclusiva en el nivel de educacion primaria, sin embargo, presenta limitaciones para diversas discapacidades como puede ser la visual. En conclusion, la RA puede ser un recurso digital que mejore el desarrollo curricular inclusivo de los centros educativos.",2,1,60,72,,TIC; Realidad Aumentada; educación inclusiva; alumno universitario ICT; Augmented Reality; inclusive education; university student,,,,https://dialnet.unirioja.es/servlet/articulo?codigo=6824275 https://ridda2.utp.ac.pa/handle/123456789/5803 https://digibug.ugr.es/handle/10481/61623 https://core.ac.uk/download/pdf/234021275.pdf,http://dx.doi.org/10.33412/retoxxi.v2.1.2060,,10.33412/retoxxi.v2.1.2060,2904921998,,0,,9,true,,gold
018-173-696-270-534,Descripción de una experiencia para el desarrollo de la competencia tecnológica de modo transversal en la formación inicial de los grados de maestro/a en Educación Infantil y en Educación Primaria,2013-12-29,2013,journal article,REDU. Revista de Docencia Universitaria,18874592,Universitat Politecnica de Valencia,,Raúl Tárraga Mínguez; M. Inmaculada Fernández Andrés; Gemma Pastor Cerezuela; Carla Colomer Diago,"La adquisicion de una competencia tecnologica que permita utilizar las TIC como herramienta educativa es uno de los objetivos que se plantean en los planes de estudio de la formacion inicial de los futuros maestros y maestras. Sin embargo, entre estos planes de estudio, son pocas las asignaturas que se dirigen especificamente a analizar como utilizar esas TIC como herramienta educativa, por lo que este tema debe tratarse de manera transversal durante todas las asignaturas de estos estudios. En este trabajo se describe una experiencia en que se implementan diferentes actividades y se utilizan materiales educativos orientados al desarrollo de la competencia tecnologica en estudiantes de los grados de maestro/a en educacion infantil y maestro/a en educacion primaria desde la asignatura de Necesidades Educativas Especiales en la Universitat de Valencia. Estas actividades y materiales no estan directamente relacionadas con el contenido de la asignatura, sino que sirven de medio de apoyo para el abordaje de los contenidos propios de la asignatura. Entre las estrategias utilizadas para desarrollar esta competencia tecnologica se incluyen: el empleo durante las clases de la pizarra digital interactiva, la creacion de sitios web y blogs relacionados con el contenido de la asignatura, el diseno de mapas conceptuales digitales que reflejen graficamente los contenidos estudiados, la creacion de posters interactivos en los que se aborden los contenidos trabajados, o el diseno de actividades educativas creadas para la educacion de estudiantes con necesidades educativas especiales en soporte informatico gracias al uso de herramientas informaticas de autor. ABSTRACT Description of an experience to improve technological competence in a transverse way in the education of pre-service teachers. The acquisition of a technological competence that can enable the use of ICT as an educational tool is one of the goals of the initial training of future teachers. However, in this initial training there are few subjects that are directed specifically to analyze how to use ICT as an educational tool, so that this item should be treated on a transverse way during all the subjects of these studies. This work describes an experience in which different activities are implemented and educational materials are used to aim the development of technological competence in students of the degrees in primary education teacher and child teacher from the subject of Special Educational Needs in the University of Valencia. These activities and materials are not directly related to the content of the subject, but serve as means of support for the approach of the own content of the subject. Among the strategies used to develop this technological competence are included: employment during classes of an interactive whiteboard, creating websites and blogs related to the course content, the design of digital concept maps that reflect graphically the contents studied, creating interactive posters that address the content studied, or the design of computerized educational activities adressed to students with special education needs.",11,3,383,402,,Palabras clave: competencias; formación del profesorado; innovación educativa; software educativo; TIC; transversalidad competencies; transversal; educational innovation; educational software; ICT; teacher training,,,,http://roderic.uv.es/handle/10550/32352?show=full https://dialnet.unirioja.es/servlet/articulo?codigo=4558284 https://polipapers.upv.es/index.php/REDU/article/view/5536 https://dialnet.unirioja.es/descarga/articulo/4558284.pdf http://red-u.net/redu/index.php/REDU/article/view/508 https://core.ac.uk/display/71018830 https://riunet.upv.es/handle/10251/140070 http://redined.mecd.gob.es/xmlui/bitstream/11162/107164/1/tarraga_fernandez_pastor_colomer.pdf https://polipapers.upv.es/index.php/REDU/article/download/5536/5527 https://core.ac.uk/download/71018830.pdf,http://dx.doi.org/10.4995/redu.2013.5536,,10.4995/redu.2013.5536,1707896476,,0,001-615-124-885-080; 030-896-330-786-572; 032-968-402-326-405; 063-145-629-048-064; 075-256-361-254-509; 111-025-002-590-282; 116-737-632-736-714; 124-003-203-151-133; 127-405-174-431-97X; 128-508-294-424-676; 131-372-076-822-455; 169-072-977-388-603,3,true,cc-by-nc-nd,gold
018-409-283-736-154,Implicaciones de la formación del profesorado en aprendizaje cooperativo para la educación inclusiva,2019-12-17,2019,journal article,"Profesorado, Revista de Currículum y Formación del Profesorado",19896395; 1138414x,Editorial de la Universidad de Granada,Spain,Ignacio Perlado Lamo de Espinosa; Yolanda Muñoz Martínez; Juan Carlos Torrego Seijo,"El estudio analiza las influencias que el aprendizaje cooperativo ejerce en los procesos reflexivos docentes para el cambio educativo, dirigidos a la mejora de la atencion a la diversidad y la inclusion dentro del aula ordinaria a los estudiantes con necesidades especificas de apoyo educativo. Como objetivo general se plantea analizar la influencia que la formacion del profesorado en aprendizaje cooperativo tiene en los estudiantes con necesidades especificas de apoyo educativo y como objetivos especificos trata de estudiar esas influencias sobre los procesos inclusivos y de atencion a la diversidad. La metodologia utilizada es cualitativa, mediante un estudio de caso. Los participantes son los 178 alumnos que han estudio el postgrado de Experto en Aprendizaje Cooperativo de la Universidad de Alcala, durante los cursos 2011 al 2017, surgiendo del analisis documental realizado, 5 familias de categorias relacionadas entre si: las acciones cooperativas inclusivas basicas desarrolladas al trabajar con esta metodologia, las dificultades para aplicar acciones inclusivas, las acciones de atencion a la diversidad externas a la unidad didactica cooperativa en el aula ordinaria y por ultimo, las acciones desarrolladas fuera del aula ordinaria. Se concluye subrayando la importancia que para la atencion a la diversidad e inclusion dentro del aula tiene la formacion docente en esta metodologia, influyendo de forma positiva en sus procesos inclusivos, siendo necesario una mayor reflexion docente hacia la atencion a la diversidad dentro del aula, a traves de la planificacion cooperativa.",23,4,128,151,,,,,,https://digibug.ugr.es/bitstream/10481/60614/1/9468-34092-1-PB.pdf https://digibug.ugr.es/handle/10481/60614 https://revistaseug.ugr.es/index.php/profesorado/article/view/9468 http://redined.mecd.gob.es/xmlui/handle/11162/194039 https://revistaseug.ugr.es/index.php/profesorado/article/download/9468/pdf https://dialnet.unirioja.es/servlet/articulo?codigo=7174995 https://core.ac.uk/download/288487935.pdf,http://dx.doi.org/10.30827/profesorado.v23i4.9468,,10.30827/profesorado.v23i4.9468,2994842154,,0,,19,true,cc-by-nc-nd,gold
018-912-196-483-724,Impacto de la “televisión basura” en la mente y la conducta de niños y adolescentes,2017-12-14,2017,journal article,Avances en Psicología,18129536,Universidad Femenina Del Sagrado Corazon,,Manuel Arboccó de los Heros; Jorge O’Brien Arboccó,"In the next job it reflects on the negative impact that generates the bad use of television in our environment and in other countries of the world. We will review its use and abuse, and the phenomenon of the “trash TV” as one of the factors favoring a number of shortcomings in the mind and the conduct of persons, in particular children and adolescents. A series of important research and conclusions reached by specialists in the area will be remembered and we raise a series of recommendations to try to stop damage already under way.",20,2,43,57,Psychology; Important research; Phenomenon; Social psychology,Educación; televisión basura; homo videns; embrutecimiento; manipulación Education; TV trash; homo videns; brainwashing; manipulation,,,,http://revistas.unife.edu.pe/index.php/avancesenpsicologia/article/view/318 https://www.mendeley.com/catalogue/d6c18d7c-a81d-3861-a363-b17226066296/,http://dx.doi.org/10.33539/avpsicol.2012v20n2.318,,10.33539/avpsicol.2012v20n2.318,2809694449,,0,,1,true,cc-by,hybrid
018-975-788-463-127,Caracterización del emprendimiento desde un enfoque universitario,,2022,journal article,Formación universitaria,07185006,SciELO Agencia Nacional de Investigacion y Desarrollo (ANID),Chile,Carlos Pacheco-Ruiz; Claudia Rojas-Martínez; William Niebles-Nuñez; Hugo G. Hernández-Palma,"Esta investigación buscó analizar las acepciones vinculadas al emprendimiento, articulando esta indagación con las necesidades y expectativas que actualmente se vienen exponiendo al respecto. La metodología fue de corte descriptivo y se realizó un análisis detallado de la literatura. Se seleccionaron 20 fuentes de información publicadas en Scopus, Scielo o Web of Science. Los resultados exponen que en la medida que desde la universidad se desarrollen procesos tempranos, existen mayores posibilidades para la generación del emprendimiento por parte del estudiante o futuro profesional. Se identifican también los perfiles y modelos de emprendimiento que han marcado hitos en el proceso histórico. Se concluye que la responsabilidad de los proyectos de emprendimiento, que lleven a su éxito o fracaso, no debe depender exclusivamente del emprendedor, puesto que los contextos sociales y económicos de la actualidad propician una bilateralidad con respecto al apoyo que debería presentarse por parte de otros actores involucrados.",15,1,135,144,Humanities; Political science; Philosophy,entrepreneurship; higher education; innovation; creativity; university,,,,http://www.scielo.cl/pdf/formuniv/v15n1/0718-5006-formuniv-15-01-135.pdf https://doi.org/10.4067/s0718-50062022000100135,http://dx.doi.org/10.4067/s0718-50062022000100135,,10.4067/s0718-50062022000100135,,,0,,13,true,cc-by-nc,gold
019-362-689-253-217,Resolución de problemas interpersonales en niños en exclusión social: Valoración de un programa de entrenamiento,2018-09-30,2018,journal article,Revista Latinoamericana de Psicología,01200534,Fundacion Universitaria Konrad Lorenz,Colombia,Sara Mata; M. Mar Gómez-Pérez; M. Dolores Calero,"espanolResumen La exclusion social es uno de los mayores desafios de las sociedades modernas especialmente para una de las poblaciones mas afectadas: la infancia. Crecer en ambientes desfavorecidos tiene un impacto negativo en la salud, la educacion o el desarrollo cognitivo, emocional y social. Una de las areas especialmente afectadas en estos ninos es la competencia social, entendida como la habilidad del sujeto para enfrentarse a situaciones sociales problematicas de forma exitosa. Este trabajo se centra en las habilidades de resolucion de problemas interpersonales, consideradas componentes fundamentales de la competencia social. El objetivo del estudio ha consistido en determinar si la implementacion de un programa de entrenamiento en habilidades de resolucion de problemas interpersonales consigue mejorar dichas habilidades en ninos en situacion de exclusion social a traves de un diseno cuasi-experimental pre-post-tratamiento. Los participantes han sido 61 ninos de 7 a 12 anos de los cuales 34 se situan en situacion de exclusion. Los resultados muestran mejoras en la habilidad de generar soluciones a los conflictos y en solucion de problemas interpersonales. De los resultados se concluye que el programa genera mejoras en las habilidades entrenadas en ninos en situacion de exclusion. No obstante, se hace necesario seguir investigando el impacto de las intervenciones breves en esta poblacion. EnglishAbstract Social exclusion is one of the biggest challenges of modern societies especially for one of the most affected populations: children. Growing up in disadvantaged environments has a negative impact on health, education or cognitive, emotional and social development. One area particularly affected in these children is social competence - the subject's ability to deal with problematic social situations successfully. This work focuses on interpersonal problem-solving skills, which are deemed as being quintessential components of social competence. This paper sought to determine whether the implementation of a training program for solving interpersonal problems improves these skills in children in situation of social exclusion, through a quasi-experimental pre-post-treatment design. Participants were 61 children aged 7-12, of which 34 were situation of exclusion. The results show improvements in the ability to generate solutions to conflicts and in interpersonal problem-solving skills. Based on the results, it can be concluded that the program generates improvements in the skills trained in children in situation of exclusion. Nevertheless, it is necessary to conduct further research on the impact of brief interventions in this population.",50,2,107,116,,exclusión social; pobreza; infancia; habilidades interpersonales; entrenamiento social exclusion; poverty; children; interpersonal skills; training,,,"; ",https://dialnet.unirioja.es/descarga/articulo/7072937.pdf https://www.redalyc.org/journal/805/80557847004/movil/ http://www.scielo.org.co/scielo.php?script=sci_arttext&pid=S0120-05342018000200107 https://dx.doi.org/10.14349/rlp.2018.v50.n2.4 https://digibug.ugr.es/handle/10481/57252 http://dx.doi.org/10.14349/rlp.2018.v50.n2.4 https://dialnet.unirioja.es/servlet/articulo?codigo=7072937 http://www.scielo.org.co/pdf/rlps/v50n2/0120-0534-rlps-50-02-107.pdf,http://dx.doi.org/10.14349/rlp.2018.v50.n2.4,,10.14349/rlp.2018.v50.n2.4,2890042375,,0,000-512-123-460-453; 005-133-693-776-312; 005-360-753-322-794; 005-917-902-628-558; 006-629-186-527-114; 022-375-024-397-268; 022-673-391-871-668; 023-599-791-067-939; 025-962-663-684-226; 029-920-190-044-711; 034-524-425-650-449; 047-087-285-101-104; 049-646-046-428-557; 050-231-999-003-137; 053-739-468-623-472; 056-589-228-163-962; 066-226-525-612-568; 070-613-125-838-140; 071-909-682-301-169; 072-663-227-551-886; 075-146-361-406-130; 093-303-430-558-955; 115-874-223-657-753; 118-091-819-290-735; 127-012-601-742-514; 135-064-769-923-831; 141-493-132-875-732; 143-637-395-407-140; 159-989-934-515-15X; 167-306-711-621-814,3,true,cc-by-nc-nd,gold
019-455-471-130-719,Efectos de la educación musical en el desarrollo emocional de adolescentes entre 10 y 18 años. Una revisión sistemática,2022-03-16,2022,journal article,Revista Música Hodie,16763939; 23176776,Universidade Federal de Goias,Brazil,José Salvador Blasco-Magraner; Pablo Marín-Liébana; Ana María Botella-Nicolás,"<jats:p>En las últimas décadas se han sistematizado los estudios sobre la capacidad de la música para generar emociones en el ser humano. El objetivo de este trabajo es examinar la evidencia sobre los efectos positivos de la educación musical en el desarrollo emocional de los adolescentes entre 10 y 18 años edad. Para ello, se ha llevado a cabo una revisión sistemática, analizando 28 artículos. Los resultados sugieren varios efectos beneficiosos, como una mayor inteligencia emocional, inducción de estados emocionales positivos, favorecimiento de algunos procesos educativos y formativos como la educación STEM y medioambiental, así como la capacidad de concentración, imaginación, creatividad y transferencia, y beneficios socioemocionales como mejoras en las relaciones interpersonales y en la autoestima.</jats:p>",22,,,,Humanities; Psychology; Philosophy,Educación emocional; Educación musical; Contexto Escolar; Adolescentes; Revisión sistemática Emotional education; Music Education; School; Adolescents; Systematic review,,,,https://revistas.ufg.br/musica/article/download/68847/38349 https://doi.org/10.5216/mh.v22.68847,http://dx.doi.org/10.5216/mh.v22.68847,,10.5216/mh.v22.68847,,,0,,2,true,cc-by,gold
019-917-609-876-235,Assessments of intellectually gifted students with(out) characteristic(s) of ASD: An explorative evaluation among diagnosticians in various psycho-educational organisations,2015-04-01,2015,journal article,Electronic Journal of Research in Educational Psychology,16962095; 16995880,Editorial Universidad de Almeria,Spain,Agnes E.J. Burger-Veltmeijer; Alexander Minnaert; Els J. van den Bosch,"Recently, Burger-Veltmeijer, Minnaert & Van den Bosch (2014) constructed a conceptual framework, called the Strengths and Weaknesses Heuristic (S&W Heuristic) which might provide systematicity and coherence in research as well as psycho-educational praxis, regarding assessments of Intellectually Gifted (IG) students with (suspicion of) Autism Spectrum Disorders (ASD). In this contribution it was evaluated whether assessments in psychoeducational practice were consistent with the theoretical principles of the S&W Heuristic. The results indicated the possibility of missed signals of ASD-characteristics among IG-students as well as a trend that a rather large number of the assessments of IG students with(out) characteristics of ASD might not be arranged in a systematic dimensional needs-based way, according to the basic principles of the S&W Heuristic. These findings suggest either the necessity of optimisation of assessments trajectories in psycho-educational practice, or the necessity of optimisation of the S&W Heuristic itself.",13,1,5,26,Developmental psychology; Conceptual framework; Psychology; Heuristic; Educational assessment; Autism; Praxis; Intellectual giftedness; Needs assessment; Strengths and weaknesses; Applied psychology,Needs-based assessment; Intellectual giftedness; ASD; Twice-exceptionality; Dimensional assessment,,,,https://core.ac.uk/display/148304630 http://www.investigacion-psicopedagogica.com/revista/articulos/35/english/Art_35_967.pdf http://www.redalyc.org/pdf/2931/293139632001.pdf https://www.rug.nl/research/portal/en/publications/assessments-of-intellectually-gifted-students-without-characteristics-of-asd(17c96cdc-896e-41ba-ab06-fb88a8a0dfe9).html http://ojs.ual.es/ojs/index.php/EJREP/article/viewFile/1632/2070 https://research.rug.nl/en/publications/assessments-of-intellectually-gifted-students-without-characteris https://www.narcis.nl/publication/RecordID/oai%3Apure.rug.nl%3Apublications%2F17c96cdc-896e-41ba-ab06-fb88a8a0dfe9 https://eric.ed.gov/?id=EJ1060218 http://www.investigacion-psicopedagogica.org/revista/new/english/ContadorArticulo.php?967,http://dx.doi.org/10.14204/ejrep.35.14109,,10.14204/ejrep.35.14109,1997602336,,0,008-303-880-807-741; 010-194-093-145-445; 010-398-485-485-865; 024-511-288-197-581; 033-981-433-364-650; 045-468-130-942-263; 057-460-581-451-243; 061-600-840-254-524; 065-999-240-435-906; 074-058-351-929-345; 075-257-236-187-540; 084-061-789-002-464; 085-745-146-103-898; 130-334-083-467-240; 140-109-483-169-72X; 183-314-634-793-89X; 188-681-168-352-419; 197-411-981-869-257,5,true,,green
020-606-019-345-829,"La evaluación psicológica en contextos educativos: aciertos del pasado, errores del presente y propuestas de futuro",,2016,journal article,Estudos de Psicologia (Campinas),0103166x; 19820275,FapUNIFESP (SciELO),Brazil,María Pérez Solís,"This article will develop two objectives. The first is to highlight the progress of psychological evaluation through the consideration of important achievements of the past and current developments in production, technology and research, detailing the reasons why evaluation has not progressed in the applied level of educational contexts (one of the most important areas since the beginning of the psychological evaluation history in Spain). This non-progress is a result of legislative mistakes of the Educational Administration, which has allowed professionals without proper qualifications to perform those functions. It is necessary that university teachers, professional and scientific associations join force in order to establish guidelines of test usage, qualifications of evaluators and professional intrusion control. The second objective is to propose a model for diagnostic evaluation in educational contexts, the ""Integrator Model"", in which educational psychologists will collect relevant information not only about the student but also about the family and school context.",33,3,465,476,Psychological evaluation; Psychology; Intrusion; Pedagogy; Control (management); Test (assessment); Context (language use); University teachers; Relevant information; Social psychology; Legislature,Actuación del psicólogo; Evaluación psicológica; Habilitación profesional; Psicólogo Psychologist performance; Psychological assessment; Professional qualifications; Psychologist,,,,https://www.scielo.br/j/estpsi/a/mVSsCkWNzp6yX3cTczNKnRy/ http://www.scielo.br/j/estpsi/a/mVSsCkWNzp6yX3cTczNKnRy/ http://www.scielo.br/pdf/estpsi/v33n3/0103-166X-estpsi-33-03-00465.pdf https://core.ac.uk/display/142182755,http://dx.doi.org/10.1590/1982-02752016000300010,,10.1590/1982-02752016000300010,2474163966,,0,000-545-928-173-321; 066-547-014-172-385; 085-786-703-956-131; 135-796-228-158-851; 145-977-488-926-891,3,true,cc-by,gold
020-636-291-093-680,An analysis of the autism from the perspective of his influence in families and the technology like facilitator in the managing of this condition,2016-12-21,2016,journal article,Revista Logos Ciencia & Tecnología,24224200; 2145549x,Policia Nacional de Colombia,,Jesica Paola Casas-Rodríguez; Lilia Edith Aparicio-Pico,"This article has as content a detailed analysis of the Autistic spectrum disorder development. It begins with a deep investigation of the common symptoms, taking as resources historic references in order to understand the development of this disorder in children, taking on count how the behavior of the patient is affected by this situation. As a manner of reflection, it’s necessary to make the analysis of these children’s parents lifestyle and how technology and governmental programs treat each one as a controlled case. Finally this article shows how technology has contributed to overcomes the difficulties that autism children’s parents and family suffer, being this the main objective of the reflection.",8,1,168,182,Developmental psychology; Psychology; Perspective (graphical); Autism; Facilitator; Art; Humanities; Autistic spectrum disorder; Cartography,aprendizaje; autismo; cuidado; familia; necesidades; tecnología autism; family; health care; learning; necessities; technology,,,,https://doaj.org/article/f7d370de313e4f20b8038adb494c6611,http://dx.doi.org/10.22335/rlct.v8i1.301,,10.22335/rlct.v8i1.301,2561540333; 2905584409,,0,002-725-273-184-070; 008-226-929-358-574; 011-803-221-393-580; 013-168-527-337-429; 015-248-481-724-724; 015-883-810-342-632; 020-929-684-295-40X; 021-279-818-029-081; 024-509-389-762-516; 025-094-422-961-619; 025-980-050-368-748; 029-858-012-559-339; 030-403-648-100-982; 031-298-863-474-092; 031-513-263-536-615; 031-524-043-095-866; 034-903-699-972-883; 035-708-610-966-616; 037-122-495-511-898; 038-674-015-665-823; 039-052-387-330-59X; 040-091-384-223-550; 041-201-760-319-232; 041-801-389-147-50X; 047-765-072-644-690; 051-416-711-898-152; 054-103-406-023-714; 057-735-069-211-726; 061-726-217-432-775; 062-182-720-931-823; 065-799-599-162-020; 076-411-472-968-890; 081-627-108-716-842; 085-340-408-360-275; 094-389-222-522-727; 098-668-044-839-04X; 101-376-285-415-741; 125-367-787-169-487; 129-070-072-253-069; 129-234-998-809-516; 137-476-318-721-898; 143-616-719-859-934; 157-769-410-054-359; 171-139-899-347-851,5,true,cc-by,gold
020-679-277-488-977,Usando aplicações ricas para internet na criação de um ambiente para visualização e edição de regras SWRL,,,dissertation,,,"Universidade de Sao Paulo, Agencia USP de Gestao da Informacao Academica (AGUIA)",,João Paulo Orlando,"Agradeço aos meus pais, pois sem eles eu não poderia existir e sempre que precisei deles, eles me ajudaram. Nem tudo o que terei em minha vida toda será o suficiente para conseguir agradecer a eles. Amo vocês Bernardete e Itacir Neri Orlando. Ao meu irmão Josias Marcos Orlando, pelo apoio e pelos momentos de descontração. A todos os demais familiares um grande agradecimento por tudo e, principalmente em especial ao meu primo afilhado Gustavo que tem 3 anos, desejo a ele um futuro brilhante. E espero que um dia ele esteja aqui passando por todos esses momentos. Queria deixar um agradecimento especial ao meu orientador Prof. Dr. Dilvan de Abreu Moreira, pela confiança e por toda a ajuda dedicada ao meu trabalho. E ainda agradeço a todos demais docentes (tanto do ICMC-USP, quanto aos da URI) que contribuíram para minha formação. Aos amigos do ICMC, especialmente a Adriano Rivolli e Kleberson Serique que me ajudaram várias vezes no desenvolvimento deste mestrado. Aos colegas de república que compartilham dos mesmos desafios acadêmicos: Bruno",,,,,Computer science,SWRL rules; Rule composition; Rule visualization; Data annotation; Semantic Web,,,,https://www.teses.usp.br/teses/disponiveis/55/55134/tde-25072012-101810/publico/DissertacaoFinal_JoaoPauloOrlando.pdf https://www.teses.usp.br/teses/disponiveis/55/55134/tde-25072012-101810/,http://dx.doi.org/10.11606/d.55.2012.tde-25072012-101810,,10.11606/d.55.2012.tde-25072012-101810,1479968220,,0,001-591-334-125-086; 003-501-210-711-738; 004-502-436-166-438; 009-268-874-933-982; 009-827-523-585-101; 013-416-865-151-109; 019-973-142-456-523; 021-218-818-319-40X; 023-998-815-914-994; 026-712-844-452-082; 026-787-086-442-120; 029-446-880-945-669; 030-084-069-759-39X; 030-136-936-524-671; 030-630-986-568-027; 031-285-067-502-571; 031-955-348-504-493; 036-509-196-506-474; 041-300-136-971-263; 042-349-804-093-624; 045-064-006-107-921; 046-869-036-524-851; 049-605-404-610-383; 050-340-126-436-50X; 052-404-716-603-008; 056-725-688-313-865; 059-365-426-074-166; 061-820-669-166-245; 063-637-299-453-446; 068-147-482-154-495; 073-536-581-629-329; 079-696-762-771-421; 101-428-862-318-303; 108-417-577-406-137; 108-807-354-373-730; 110-161-098-870-253; 130-838-530-418-635; 134-493-483-094-117; 135-807-482-654-421; 136-614-707-399-00X; 137-779-759-473-584; 138-696-819-701-634; 139-030-023-338-038; 146-300-970-233-825; 153-701-919-317-514; 177-845-697-616-562; 195-585-131-439-16X,0,true,cc-by-nc-sa,gold
020-722-534-019-815,"La investigación en el Doctorado en Ciencias de la Educación - Rudecolombia : Educación, política educativa y bilingüismo. Tomo IV",,2020,book,,,Universidad Tecnológica de Pereira,,Robinson Ruiz Lozano; Mario Alberto Álvarez López; Rodrigo Jaramillo Roldán; Nelly Hernández Molina; Luz Mery Hernández Molina; Deyssi Acosta Rubiano; Martha Luz Valencia Castrillón; Neira Loaiza Villalba; Enrique Arias Castaño; Norbella Miranda; Oscar Fernández Sánchez,"La investigación en el Doctorado en Ciencias de la Educación -RUDECOLOMBIA Educación, política educativa y bilingüismo Tomo IV Reservados todos los derechos La investigación en el Doctorado en Ciencias de la Educación Rudecolombia : Educación, política educativa y bilingüismo Tomo IV / Robinson Ruiz Lozano y otros. -Pereira :",,,,,,,,,,http://repositorio.utp.edu.co/dspace/bitstream/11059/12139/1/RUDECOLOMBIA%20TOMO%20IV.pdf http://repositorio.utp.edu.co/dspace/handle/11059/12139,http://dx.doi.org/10.22517/9789587224542,,10.22517/9789587224542,3149808204,,0,,0,true,,bronze
020-796-467-629-059,Praxis inclusiva para la atención de necesidades educativas especiales en el sector rural de Bucaramanga,2016-10-03,2016,journal article,Praxis & Saber,24628603; 22160159,Universidad Pedagógica y Tecnológica de Colombia,,Luis Rubén Pérez Pinzón,"El articulo reflexiona sobre un proceso practico de atencion de los estudiantes con necesidades educativas especiales como resultado de un proyecto de investigacion interinstitucional, mediante el cual se integraron los saberes especializados en discapacidad y educacion inclusiva de la Universidad Autonoma de Bucaramanga con las practicas innovadoras establecidas por una institucion rural del Area Metropolitana de Bucaramanga. A partir de la descripcion de los tres modelos internacionales de teorizacion y analisis de la discapacidad y las necesidades especiales, se plantea un procedimiento integral de atencion e inclusion que se caracteriza por seis etapas de educacion activa e integral para estudiantes en situacion de discapacidad, especialmente fisica o motora.",7,15,127,145,,disability; special need; basic education; active learning; didactic technic; physical rehabilitation,,,,https://dialnet.unirioja.es/servlet/articulo?codigo=5773703 https://revistas.uptc.edu.co/revistas/index.php/praxis_saber/article/view/5726/4828 https://www.redalyc.org/journal/4772/477250547007/html/ https://dialnet.unirioja.es/descarga/articulo/5773703.pdf https://core.ac.uk/display/87760351 https://www.redalyc.org/journal/4772/477250547007/477250547007.pdf https://core.ac.uk/download/pdf/228847009.pdf,http://dx.doi.org/10.19053/22160159.v7.n15.2016.5726,,10.19053/22160159.v7.n15.2016.5726,2568255858,,0,000-782-319-500-648; 007-331-028-271-031; 018-758-173-851-675; 020-065-258-477-782; 021-170-487-783-266; 026-095-065-571-823; 085-900-009-608-045; 093-218-984-019-703; 097-271-483-428-638; 192-093-427-812-795,2,true,cc-by-nc-nd,gold
021-938-311-621-031,Entre eclusas e espelhos: a esférica pública vista a partir de uma leitura crítica de Niklas Luhmann e de debates contemporâneos,,,dissertation,,,"Universidade de Sao Paulo, Agencia USP de Gestao da Informacao Academica (AGUIA)",,Pedro Henrique Gonçalves de Oliveira Ribeiro,"Ao Professor Marcelo Neves, pela pessoa e acadêmico que ele é. Pela generosidade, dedicação e pelo incansável trabalho que tanto nos inspira. Pelo apoio incrível que ele me dá -que muito me honra. Também à Elvira Gama Neves, pelo apoio e por me receber tão bem em sua casa, com grande alegria. Ao Professor Orlando Villas Bôas Filho, a quem devo muita gratidão pelas discussões, ensinamentos, apoio e pela confiança depositada em mim. Com grande admiração e muita estima. Ao Professor Adrian Gurza Lavalle, pelo trabalho e pelos excelentes cursos ministrados no DCP/USP. Pelos valiosos comentários e conversas sobre essa dissertação e pela presença em minha formação acadêmica. Ao professor Frederic Vanderberg e à professora Cintia Hamlin, pelo belo trabalho realizado na ANPOCS. Pelo apoio, discussão e incentivos ao artigo que pude apresentar por láe que agora consta como anexo de minha dissertação. À Fundação de Amparo à Pesquisa do Estado de São Paulo -FAPESP, que financiou e possibilitou esse estudo. Ao Goethe Institut São Paulo e aos seus professores. Principalmente ao professor Marc Siemons, por seu inabalável esforço e inumana paciência em me fazer completar os exercícios e compreender a gramática do alemão -mesmo quando eu não lhe dava motivos para que isso parecesse possível. Aos professores que contribuíram muito para minha formação e para essa dissertação, em especial professores Márcio Álves da Fonseca, Rodrigo Octávio Bróglia",,,,,,Esfera Pública; opinião pública; teoria dos sistemas; Niklas Luhmann; teoria do discurso; Jürgen Habermas Public sphere; public opinion; systems theory; Niklas Luhmann; discourse theory; Jürgen Habermas,,,,https://www.teses.usp.br/teses/disponiveis/2/2134/tde-25062013-091439/es.php,http://dx.doi.org/10.11606/d.2.2012.tde-25062013-091439,,10.11606/d.2.2012.tde-25062013-091439,1557729950,,0,,0,true,cc-by-nc-sa,gold
022-537-853-794-550,Same or diametrical relationships between autistic and schizotypy traits ? Implication for autism and schizophrenia spectrum research,2015-05-29,2015,journal article,European child & adolescent psychiatry,1435165x; 10188827,Springer Science and Business Media LLC,Germany,Guillaume Sierro; Jérôme Rossier; Christine Mohr,"Background Very few instruments have been validated in order to verify the clinical efficacy of psychodynamic and relational therapies in developmental age. The Children’s Play Therapy Instrument (CPTI) (Kemberg, Chazan, Normandin,1998) examines child's play activity in individual psychotherapy. Its use was reported in a case study describing the efficacy of the psychotherapeutic treatment of a 2.4 yr-old child with autistic features. Further clinical researches, on larger samples, are needed in order to assess clinical processes and outcome in child relational therapies.",24,S1,23,23,Psychology; Autism; Schizotypy; Schizophrenia spectrum; Clinical psychology; Pediatrics; Clozapine; Treatment failure; Early onset psychosis; Treatment resistance; Clinical cohort; Medicine; Clumsiness; Gait (human); Psychiatry; Psychosis NOS; Pre school; Psychodynamics; Psychomotor learning; Play therapy; Autism spectrum disorder; Developmental age; Autistic features; Clinical efficacy; Play activity; Autobiographical memory; Anorexia nervosa (differential diagnoses); Disease duration; Psychotherapist; Child and adolescent psychiatry,dialogue; shared decision-making; visualization Destigmatisation; stigma; mental health care Multidisciplinary Teams; Collaborative Care; Schools; Pediatrics References: Report from WHO and Wonca: Integrating Mental Health Care into primary care: A global Perspective (will complete later) Cannabis medicalization; legalization; and commercialization: the American experience Transcultural psychiatry; Adolescent psychopathology; Migrants of second generation; Vulnerability; Creativity Adolescence; Historical traumatism; Colonization Identity; Development; Adolescence; Personality disorder; Transcultural psychiatry. Chair: Schmeck; K DSM-5; Identity; Adolescence; Personality disorder Identity; Adolescence; Personality disorders Identity; Adolescence; Prison population Adolescents; Identity; Intra-family violence. Eur Child Adolesc Psychiatry (2015) 24 (Suppl 1):S1-S303 S21 Behavior; CBCL Emotional control; Test CPTI; Psychomotor therapy; ASD. R. Lindauer (symposium Chair); T. Dekkers (first Presenter); R. Op Den Kelder (second Presenter); L. Wolters (third Presenter); M. Van Der Donk (fourth Presenter Trauma; Chronic trauma; Executive function; Posttraumatic stress; PTSD; Children Obsessive compulsive disorder; OCD; Treatment; Obsessions; working memory; Adolescents ADHD; Executive functions; Cognitive training; Moderators Coping; Bullying; Adolescence; Depression Bullying; Longitudinal; Outcome Course of depression; Adolescents; Young adults; Risk factors; Attachment Longitudinal; Risk factors; Depressive symptoms. S2-03 Autism spectrum disorder: clinical presentation and neuropsychological performance Autism Spectrum Disorder; AQ; Sensitivity; Core symptoms Autism spectrum disorder; Screening; Continuity of symptoms; ASSQ; AQ Autism spectrum disorder; NEPSY; Neuropsychology; Neuropsychological abilities; Culture Quality assessment; Outpatient services Working memory training; ADHD; ASS; Borderline intellectual disabilities (minimum 2) ADHD; Gender Dysphoria; Substance Use; US Guidelines Hearing impairment; Psychological profile; Language; Speech Tourette syndrome; Tics; Obsessive compulsive behavior; Anorexia nervosa; etiology ADHD; Adolescence; Genetic risk scores; Nicotine use; Response inhibition; ADHD; Dopamine; Serotonin; fMRI Gene-environment interaction; Serotonin transporter; Psychosocial stress; Attention-deficit/hyperactivity disorder; Grey matter volume ADHD; Brain volume; Gene-environment interaction; Social environment; sMRI Borderline personality disorder; Adolescents; Mentalization-based treatment BPD; Early intervention; Adolescents 22q11.2 deletion syndrome; Risk factors; Treatment; Psychotropic medications EA; PRE; MCS Psychopathic traits; Delinquency; Aggression Psychopathic traits; Callous-unemotional traits; Adolescence Identity; Adolescence; Personality Subtance abuse; Bipolar disorder; Adolescence PS-017 Child attention deficit hyperactivity disorder: a study on temperament and character factors ADHD; ERP; LDAEP. B. Martı ´nez-nu ´n ˜ez; M. Rı ´o-garcı ´a; S. Yamamoto; Y. La ´zaro-pascual; I. Mesia ´n-pe ´rez; L. Olivares-gerechter; A. Pe ´rez-tejeda; J. Rodrı ´guezquijano; A. Pelaz-antolı ´n Alcohol; Binge drinking; Conduct disorders; Adolescence PDD; ADHD; MPH; CES-1; Pharmacogenetic Adolescent psychopathology; Family interaction; Diagnostic assessment Early development; Counseling centers; Visiting nurses; Punishment; Play therapy; Community care Child and adolescent psychiatric training; Clinical anamnesis questionnaire; School coordination protocol ADHD; Autism; Pregnancy; Cohort study. Eur Child Adolesc Psychiatry (2015) 24 (Suppl 1):S1-S303 S277,,,Medical Research Council (MR/L017105/1) United Kingdom,https://serval.unil.ch/en/notice/serval:BIB_43909B8E87A9,http://dx.doi.org/10.1007/s00787-015-0714-4,26022212,10.1007/s00787-015-0714-4,2421751889; 2918279947; 2967451185; 2614743176; 2729475336; 2618797440; 2242185948; 2276433039,,0,,13,true,,green
022-825-052-637-56X,Ángel Rivière: la búsqueda del sentido en la clínica del autismo,,2007,journal article,Infancia y Aprendizaje,02103702; 15784126,SAGE Publications,United Kingdom,Rosa Ventoso; Ángeles Brioso,"ResumenAngel Riviere desarrollo una larga y profunda labor profesional en el campo del diagnostico de los trastornos generalizados del desarrollo. Sus informes de evaluacion diagnostica o de revision periodica de la evolucion constituyen documentos unicos e imprescindibles para tener una perspectiva completa de su obra. En ellos se plasman los distintos caminos desviados que se pueden presentar en la psicogenesis de los procesos de constitucion subjetiva, convirtiendolos en lecciones “personalizadas” de psicopatologia evolutiva y diferencial, donde, partiendo de la descripcion de los sintomas, se sumerge en un dibujo agudo y profundo de procesos y mecanismos psicologicos que le llevan a considerar la logica diferente que dirige el desarrollo de “un nino con autismo”. Este proceso siempre se realiza de manera absolutamente unica en cada individuo y sus informes tienen como objetivo final fomentar el desarrollo sobre la base de una comprension profunda. El guion del proceso de valoracion se manifiesta en la...",30,3,413,437,,Autismo ; ngel Rivière  diagnóstico  intervención Autism ; ngel Rivière  diagnosis  intervention,,,,https://dialnet.unirioja.es/servlet/articulo?codigo=2362251 http://redined.mecd.gob.es/xmlui/handle/11162/79228 https://www.tandfonline.com/doi/pdf/10.1174/021037007781787444 https://www.tandfonline.com/doi/abs/10.1174/021037007781787444,http://dx.doi.org/10.1174/021037007781787444,,10.1174/021037007781787444,2077031129,,0,007-475-856-783-297; 015-764-244-026-43X; 077-301-607-551-275; 081-608-805-145-658; 085-074-621-447-979; 107-083-848-271-585; 140-156-398-475-062,4,true,,green
022-883-600-982-31X,"Dossié: Inclusión y diversidad, exclusión, formación de profesores",2017-11-01,2017,journal article,Revista on line de Política e Gestão Educacional,15199029,Revista Eletronica Politica e Gestao Educacional,,Osmar Hélio Alves ARAÚJO; Janine Marta Coelho RODRIGUES; Wilson Honorato ARAGÃO,"a la deficiencia, al dficit cultural y a la desigualdad.",21,esp.2,920,926,Geology,,,,,https://periodicos.fclar.unesp.br/rpge/article/download/10605/6874 https://doi.org/10.22633/rpge.v21.n.esp2.nov.2017.apr.esp,http://dx.doi.org/10.22633/rpge.v21.n.esp2.nov.2017.apr.esp,,10.22633/rpge.v21.n.esp2.nov.2017.apr.esp,,,0,,0,true,cc-by-nc-sa,gold
022-981-003-575-002,(In)diferenças em questão: conversando sobre inclusão,2017-06-01,2017,book,,,Edifes parceria,,Allana Cristine Borges de Resende; Andre Louzada Silva; Claudia Alessandra Costa de Araujo Lorenzoni; Evânia de Oliveira Pereira Lima; Fabiana da Silva Kauark; Flávio Lopes dos Santos; Gisély de Abrêu Corrêa; Janivaldo Pacheco Cordeiro; Maria da Penha Dias Kapitzky; Nahum Thiaghor L. P. Gonçalves; Nelson Victor Lousada Cade; Régisson da Silva; Robson Wilson Cordeiro Onofre; Stefanea Reis Antunes Hoffman; Vagner Lourenção; Thamires Belo de Jesus,"4 -IMPORTÂNCIA DA EDUCAÇÃO FÍSICA ESCOLAR: uma reflexão sobre a inclusão de estudantes deficientes físicos ......87 5 -DISLEXIA E DISCALCULIA: entre letras, números e o grande desafio da inclusão .",,,,,,,,,,http://dx.doi.org/10.36524/9788582632017,http://dx.doi.org/10.36524/9788582632017,,10.36524/9788582632017,3211068341,,0,000-995-870-752-926; 003-747-744-797-230; 009-597-549-070-252; 010-147-204-384-069; 018-404-525-936-755; 023-793-772-224-299; 025-928-016-145-024; 029-296-094-759-083; 037-779-328-315-669; 040-430-126-380-637; 056-508-608-463-070; 065-892-754-127-88X; 074-196-431-735-431; 075-472-887-141-425; 079-184-228-648-950; 081-172-774-651-341; 093-856-653-417-260; 096-468-466-438-95X; 098-247-638-602-423; 099-088-331-288-397; 100-180-017-626-541; 108-966-685-933-016; 116-059-285-733-948; 119-183-053-542-015; 120-445-879-265-643; 128-593-967-000-050; 141-451-212-073-259; 143-004-378-672-989; 145-934-777-064-546; 163-452-418-120-981; 196-504-296-777-318; 198-258-574-537-675,0,true,,bronze
023-035-963-244-177,Entre o privado e o coletivo: a atuação do psicólogo em Unidades Básicas de Saúde da Coordenadoria de Saúde Centro-Oeste da cidade de São Paulo,,,dissertation,,,"Universidade de Sao Paulo, Agencia USP de Gestao da Informacao Academica (AGUIA)",,Auryana Maria Archanjo,"Teixeira pela leitura e sugestões no exame de qualificação. A Ianni Regia Scarcelli, que possibilitou que eu fosse mais do que uma monitora em sua disciplina no Programa de Aperfeiçoamento de Ensino (PAE), mas fez de mim sua companheira de trabalho em constantes trocas e reflexões. A Evaldo Shinji Kunyoshi da Coordenadoria de Saúde Centro-Oeste, pela atenção e interesse em auxiliar-me na entrega do projeto de pesquisa ao Comitê de Ética da Secretaria de Saúde da Prefeitura de São Paulo. À supervisão técnica de saúde Lapa-Pinheiros e Butantã, nas figuras de Isabel e Regina Maia, com quem foram feitos os contatos para divulgação da pesquisa aos serviços de saúde. Aos professores Miriam Krasilchik da Faculdade de Educação e Marcelo Afonso Ribeiro do Instituto de Psicologia, que através de suas disciplinas ""Metodologia do Ensino Superior"" e ""Trabalho, desemprego e novas formas de carreira"" contribuíram muito para meu aprendizado. À professora Maria Elisabeth Leuba Salum, do Centro de Línguas FFLCH/USP com o curso ""Redação acadêmica para pós-graduação"". A Fátima Araújo, que gentilmente se disponibilizou em deixar uma cópia de seu artigo no Departamento de Medicina Preventiva. À Denise Zakabi, à Juliana Ribeiro e a Maria Inês, companheiras de pós que se tornaram amigas na jornada da vida. Um especial reconhecimento a Lilian, secretária da pós-graduação, pela sempre gentileza, atenção e competência com que passou todo tipo de informação necessária. Outro especial reconhecimento às participantes da pesquisa, sem as quais não seria possível a realização desse trabalho. Aos membros da banca pela disponibilidade e oportunidade na troca de conhecimentos. E a muitos outros que contribuíram enviando por email suas dissertações, teses e artigos, sugerindo bibliografias e oferecendo suas opiniões e sugestões de diversas partes do país.",,,,,,Public Health; Psychology Clinical; Health Personnel; Health Public Policy; Mental Health,,,,https://www.teses.usp.br/teses/disponiveis/5/5137/tde-01022011-183404/publico/AuryanaMariaArchanjo.pdf https://www.teses.usp.br/teses/disponiveis/5/5137/tde-01022011-183404/pt-br.php,http://dx.doi.org/10.11606/d.5.2011.tde-01022011-183404,,10.11606/d.5.2011.tde-01022011-183404,1590678517,,0,,0,true,cc-by-nc-sa,gold
023-096-210-400-437,CRIAÇÃO DE VALOR SEGUNDO OS MODELOS DE NEGÓCIO DO EMPREENDEDORISMO SOCIAL PORTUGUÊS,2020-07-28,2020,dissertation,,,Faculdades Catolicas,,IRENE DOBARRIO MACHADO CICCARINO,"Esta pesquisa avalia se existem diferenas significativas nos modelos de negcio e no acesso a recursos no ecossistema, que permitam distinguir e classificar as Iniciativas de Empreendedorismo Social (IES). Tambm busca compreender como essas",,,,,Humanities; Political science; Philosophy,Administração -Teses. 2. Empreendedorismo social. 3. Valor social. 4. Taxonomia. 5. Modelos de negócio. 6. Economia social Empreendedorismo social; Valor social; Taxonomia; Modelos de negócio; Economia social Social entrepreneurship; Social value; Taxonomy; Business models; Social economy,,,,https://www.maxwell.vrac.puc-rio.br/50764/50764.PDF https://doi.org/10.17771/pucrio.acad.50764,http://dx.doi.org/10.17771/pucrio.acad.50764,,10.17771/pucrio.acad.50764,,,0,,0,true,,gold
023-124-869-024-885,Percepción y uso de las TIC en las aulas inclusivas: Un estudio de caso,2018-01-01,2018,journal article,EDMETIC,22540059,Cordoba University Press (UCOPress),,Sandra Martínez Pérez; Juan Jesús Gutiérrez Castillo; Bárbara Fernández Robles,"Este articulo reporta resultados de una investigacion llevada a cabo en una escuela de educacion infantil y primaria, cuyo objetivo era conocer el uso, que hacen docentes de las aulas inclusivas, de las tecnologias de la informacion y la comunicacion. En relacion a la metodologia empleada mantiene un caracter mixto. Para el enfoque cuantitativo se diseno un instrumento ad hoc compuesto por 15 items que nos permitiria recabar informacion sobre el perfil docente, la formacion y la practica educativa del profesorado. En lo que respecta al enfoque cualitativo, se hicieron ocho entrevistas en profundidad a diferentes profesionales, con el fin de recoger informacion relacionada con las TIC y la inclusion. Los resultados nos llevan a poner de manifiesto la necesidad de formar y sensibilizar al profesorado en el uso de las TIC y en la atencion a la diversidad.",7,1,87,106,,inclusive education; equal opportunity; information and communication technologies (ICT); teacher education,,,,https://core.ac.uk/display/153632824 https://helvia.uco.es/handle/10396/17035 https://www.uco.es/ucopress/ojs/index.php/edmetic/article/download/10132/9732 https://dialnet.unirioja.es/servlet/articulo?codigo=6382215 https://dialnet.unirioja.es/descarga/articulo/6382215.pdf https://www.uco.es/ucopress/ojs/index.php/edmetic/article/view/10132,http://dx.doi.org/10.21071/edmetic.v7i1.10132,,10.21071/edmetic.v7i1.10132,2790160800,,0,,4,true,cc-by,gold
023-386-144-993-005,Economía Digital y Marketing para la empresa - emprendimiento,2021-11-26,2021,journal article,Editorial Internacional Runaiki,,IBKNORGCORP S.A.,,Fidel Chiriboga-Mendoza; Karen Estefanía Zambrano-Roldán; Paola Balseca-Macías; Rosa Felicidad Roldán-Zambrano; Jennifer Moreira-Choez; Luis Orlando Menéndez-Cevallos,"<jats:p>Se puede definir al emprendimiento, como la forma en la que las personas invierten dinero para desarrollar alguna idea que se derivan en el desarrollo de proyectos innovadores comúnmente con alto valor estratégico, para Bedoya Mauricio (2017), el emprendimiento es la manera en la que empresas de creación reciente intentan sumarse a la competencia agresiva de solventar alguna necesidad, producto o servicio, donde se desarrollan ideas innovadoras para generar capital y poder ingresar al mercado especifico del producto que se oferta, con creciente expansión de competitividad, en los mercados actuales se está comenzando a crear nuevos mercados sin explotar para emprender de una manera más segura, ante lo anterior afirma Eshter Michelle y García Michelle (2020), quienes definen a la cultura emprendedora como la capacidad de proyectar ideas innovadoras que mediante acciones desarrollarlas de manera conveniente, también mencionan que están estrechamente ligadas con la innovación porque en la actualidad cada vez los emprendedores deben esforzarse más en que sus ideas se relacionen con la tecnología para transformar o crear productos con mayor atractivo para que de ese modo sea más fácil competir con el resto del mercado que siempre está en constante expansión, pero no todo es crear nuevos productos sino también es necesario planificar y gestionar los proyectos que ya están establecidos para que sigan siendo rentables; para realizar esto se realizan objetivos que los proyectos deben cumplir, denominándose así como emprendimiento a todo aquel negocio que intenta sumarse a un mercado preestablecido o totalmente nuevo, haciéndolo de maneras distintas que varí????an tanto por la creatividad de los emprendedores como de las herramientas a disposición.</jats:p>",,,1,293,,,,,,https://runaiki.es/index.php/runaiki/article/download/50/63/209,http://dx.doi.org/10.46296/runaiki-economia-digital-2021,,10.46296/runaiki-economia-digital-2021,3215185314,,0,000-701-133-321-804; 000-767-615-909-696; 000-899-242-854-77X; 000-924-851-575-233; 001-468-108-910-306; 002-431-225-675-920; 002-469-692-953-890; 002-851-335-032-150; 003-094-179-389-895; 003-683-698-785-094; 003-765-800-975-628; 003-789-936-320-213; 006-201-672-391-18X; 007-440-357-968-22X; 008-530-161-925-290; 009-802-349-069-88X; 011-721-400-332-549; 013-337-742-964-673; 013-459-473-835-376; 014-846-860-380-216; 018-029-110-801-486; 019-669-124-594-07X; 020-946-406-297-100; 021-136-033-783-641; 021-895-843-689-400; 023-244-927-030-914; 023-384-126-163-56X; 024-336-849-272-321; 024-492-844-912-400; 025-017-852-849-88X; 026-159-070-235-138; 027-010-832-579-860; 027-862-293-620-106; 029-084-797-275-734; 030-431-363-554-073; 030-916-878-048-562; 034-852-259-163-348; 036-724-201-067-982; 037-598-027-405-596; 037-949-316-169-843; 038-123-820-399-192; 038-306-346-559-84X; 038-685-754-643-330; 039-207-801-502-611; 042-660-534-359-112; 042-750-844-433-719; 043-059-916-201-803; 043-690-892-147-025; 045-821-095-163-25X; 045-868-533-189-889; 047-150-755-188-259; 047-515-848-422-154; 049-810-732-389-14X; 051-162-075-081-688; 052-016-910-616-481; 052-557-739-310-336; 054-895-031-605-336; 055-295-055-520-190; 056-695-323-730-928; 056-952-559-351-611; 056-983-129-765-98X; 057-098-039-786-212; 057-993-057-018-250; 060-121-303-750-712; 061-571-046-953-985; 061-652-963-734-928; 062-233-976-777-118; 062-741-276-351-061; 062-960-870-661-636; 063-212-057-226-351; 064-720-306-327-055; 064-941-474-200-183; 066-190-100-999-398; 067-001-208-124-527; 068-076-978-749-243; 068-622-431-334-074; 072-184-012-269-981; 073-225-656-623-688; 073-431-852-416-448; 074-161-973-588-819; 075-192-884-064-202; 075-226-997-568-872; 075-381-064-797-876; 077-447-047-576-803; 078-669-935-286-564; 079-278-535-431-601; 080-906-947-895-963; 080-995-473-103-748; 081-416-205-434-257; 082-128-497-774-287; 086-687-349-654-925; 087-116-812-641-681; 090-816-391-922-48X; 092-899-716-223-089; 094-468-502-119-532; 095-318-480-510-436; 095-814-122-429-163; 096-559-431-507-47X; 100-325-328-067-200; 101-064-321-944-956; 101-363-762-001-777; 102-310-694-294-228; 107-677-360-495-612; 109-757-676-819-372; 110-011-138-544-150; 113-134-072-098-23X; 116-527-725-620-07X; 116-672-998-536-157; 122-441-251-789-104; 122-703-146-148-716; 123-168-598-541-257; 124-269-306-352-171; 125-257-532-541-366; 127-149-853-910-649; 130-606-333-523-45X; 131-311-536-516-979; 131-351-678-635-128; 132-289-195-080-246; 134-418-691-017-36X; 135-257-113-016-009; 137-381-813-257-664; 139-723-932-129-438; 141-956-242-699-475; 143-954-931-540-009; 152-814-575-371-764; 153-597-931-054-035; 154-515-421-380-636; 156-522-365-014-92X; 157-556-298-269-392; 158-029-664-770-315; 159-656-878-559-901; 162-483-337-724-842; 165-994-298-937-653; 167-712-739-537-095; 170-611-031-057-569; 170-996-199-281-812; 174-036-607-435-997; 174-625-261-292-620; 176-617-694-317-339; 193-640-103-968-191; 199-780-761-443-365,0,true,cc-by-nc-sa,hybrid
024-007-891-368-266,Formación del docente inclusivo y la influencia en la transformación de su práctica pedagógica: revisión teórica,2021-07-02,2021,journal article,Infancias Imágenes,2665511x; 16579089,Universidad Distrital Francisco Jose de Caldas,,Gabriel Román Meléndez; Eufrasio Pérez Navio; Antonio Medina Rivilla,"<jats:p>La formación del docente en el marco de una educación inclusiva se convierte en un recurso importante en la transformación de su práctica pedagógica, facilitando la formación integral de los estudiantes desde sus diferencias individuales. En este trabajo se definen los elementos teóricos de la formación del docente de básica primaria, mediante una línea de tiempo de 1990 al 2017, contextualizada en diferentes países latinoamericanos e iberoamericanos, por medio de un ejercicio de revisión documental. La pregunta orientadora fue ¿Cuál es la formación del docente de básica primaria para atender estudiantes considerando sus diferencias individuales? A nivel de conclusión el docente puede ayudar a superar las dificultades en el aprendizaje de los estudiantes con propuestas innovadoras a partir de su formación, logrando minimización de los obstáculos y optimización de los recursos. Los resultados obtenidos alientan a continuar investigando en esta línea a nivel de básica secundaria, media técnica y universitaria.</jats:p>",20,1,93,108,Humanities; Philosophy,Román; G.; PéRez; e. y medina; a basic education; special education; inclusive education; primary teacher training,,,,https://revistas.udistrital.edu.co/index.php/infancias/article/download/15288/17903 https://doi.org/10.14483/16579089.15288,http://dx.doi.org/10.14483/16579089.15288,,10.14483/16579089.15288,,,0,,6,true,cc-by-nc-sa,gold
024-876-630-123-96X,Evolução da musicalidade humana: seleção sexual e coesão de grupo,,,dissertation,,,"Universidade de Sao Paulo, Agencia USP de Gestao da Informacao Academica (AGUIA)",,Marco Antonio Correa Varella,"pela companhia, conversas e por tornarem meu doutorado mais musical! À Isabella, pela paciência, apoio, sinceridade e atenção, pelo carinho e disposição para conversas profundas e conselhos pessoais e profissionais, pela companhia, por nossas viagens, por suas visitas ao Canadá, pelo conforto quando do falecimento de minha avó e do meu reajuste ao Brasil. A todo apoio da sua família Ernesto,",,,,,Psychology,Adj. 2 Arborizado; Arejado; Calmo; Claro; Ensolarado; Iluminado; Relaxante e Tranqüilo. Determinado; Individualista; Solidário e Unido. Alegre; Atraente; Educado; Engraçado; Forte; Gentil; Inteligente; Interessante; Simpático e Sorridente; Adj. 3 Agradável; Arborizado; Calmo; Claro; Iluminado; Quente; Silencioso e Tranqüilo. Organizado; Prestativos; Responsáveis; Solidário e Unido. Carinhoso; Gentil; Inteligente; Simpático; Simples e Sorridente Aconchegante; Amplo; Calmo; Frio; Quente e Tranqüilo. Companheiros. Carinhoso; Educado,,,,https://www.teses.usp.br/teses/disponiveis/47/47132/tde-07112011-123856/publico/varella_do.pdf https://teses.usp.br/teses/disponiveis/47/47132/tde-07112011-123856/pt-br.php,http://dx.doi.org/10.11606/t.47.2011.tde-07112011-123856,,10.11606/t.47.2011.tde-07112011-123856,1564523313,,0,000-261-930-471-315; 001-642-918-648-398; 001-958-905-917-289; 002-123-691-324-349; 003-466-552-099-023; 004-339-025-172-721; 004-975-109-620-453; 005-567-077-751-320; 005-910-063-039-469; 006-703-371-261-752; 007-625-547-579-285; 008-418-125-403-436; 012-572-444-775-704; 012-835-044-968-226; 014-271-946-024-031; 015-579-984-042-414; 015-815-543-736-260; 016-355-087-285-786; 018-969-416-445-170; 018-993-273-352-056; 019-886-081-369-171; 021-438-122-298-422; 022-440-594-083-381; 022-762-857-046-980; 024-998-488-437-743; 025-276-314-229-022; 025-825-524-768-146; 027-505-598-171-481; 027-744-229-455-751; 028-601-530-275-192; 030-143-156-826-527; 030-265-376-848-512; 031-958-727-154-407; 032-087-199-639-704; 032-944-004-623-803; 034-044-846-767-634; 036-595-212-917-075; 037-245-578-201-06X; 037-405-292-939-755; 037-756-899-323-855; 038-946-635-870-701; 039-328-004-798-14X; 039-559-632-700-949; 042-977-616-963-255; 047-134-819-194-35X; 047-466-945-248-428; 048-962-124-973-701; 051-982-250-644-286; 052-602-826-735-084; 053-925-164-227-568; 056-234-774-597-714; 057-855-514-146-587; 060-744-660-862-131; 061-863-150-729-697; 064-110-314-378-241; 066-155-113-660-277; 067-042-605-107-879; 071-195-867-739-480; 071-602-019-254-048; 076-927-999-074-92X; 077-607-690-126-609; 081-992-008-600-776; 083-800-732-631-120; 085-330-240-042-070; 086-763-542-186-934; 087-698-443-005-163; 087-780-707-846-306; 088-703-181-190-134; 090-186-759-171-810; 094-278-508-007-884; 095-887-926-018-316; 096-940-984-867-46X; 100-031-124-035-086; 108-766-741-013-374; 109-599-639-215-19X; 112-327-895-756-04X; 114-587-299-904-10X; 115-216-212-520-036; 117-210-571-816-15X; 118-006-842-237-802; 118-417-017-572-48X; 122-915-734-982-840; 132-183-075-671-126; 134-298-854-055-536; 134-823-283-063-825; 135-354-948-477-043; 136-280-660-941-211; 137-236-865-208-214; 141-431-454-019-118; 145-219-573-480-30X; 146-459-963-792-439; 146-882-642-574-244; 151-774-623-068-517; 152-641-612-658-367; 167-311-517-736-366; 167-881-380-556-894; 173-859-524-225-661; 176-863-418-156-86X; 180-515-710-691-652; 183-809-444-957-181; 189-148-674-537-513; 189-487-063-912-341; 194-175-115-632-893,0,true,cc-by-nc-sa,gold
024-891-799-301-130,Trabalhos de conclusão de curso: tendências dos estudos relacionados à Educação Especial em um curso de Pedagogia,,2019,journal article,Praxis Educativa,18094031; 18094309,Universidade Estadual de Ponta Grossa (UEPG),,Silmara de Oliveira Gomes Papi; Leticia Golba,"Este artigo analisa as tendencias dos Trabalhos de Conclusao de Curso relacionados a Educacao Especial, apresentados por concluintes do Curso de Pedagogia da Universidade Estadual de Ponta Grossa, Ponta Grossa, Parana. A pesquisa foi realizada a partir de pressupostos de estudos do tipo estado do conhecimento. O estudo revelou que a abordagem qualitativa e exploratoria e a mais utilizada nos trabalhos. Indicou que questionarios e entrevistas sao os instrumentos de coleta de dados mais comuns entre os concluintes. Revelou, ainda, que o maior numero de pesquisas e voltado a deficiencia auditiva, havendo, assim, lacunas em relacao ao desenvolvimento de pesquisas em outras areas, tais como: a da deficiencia fisica, a das altas habilidades/superdotacao, a do Transtorno do Espectro do Autismo, a da Tecnologia Assistiva. Palavras-chave: Educacao Especial. Trabalho de Conclusao de Curso. Pesquisa. Abstract Undergraduate theses: trends of studies related to Special Education in a Pedagogy course This paper analyzes the tendencies of the undergraduate theses related to Special Education, presented by senior students of the Pedagogy Course of the Universidade Estadual de Ponta Grossa, Ponta Grossa, Parana, Brazil. The research was carried out based on assumptions of studies of the state of knowledge type. The study revealed that the qualitative and exploratory approach is the most used in the works. It indicated that questionnaires and interviews are the most common data collection instruments among the senior students. It also revealed that the largest number of researches is focused on hearing impairment, thus there are gaps in relation to the development of research in other areas, such as: physical disability, high skills/giftedness, Autism Spectrum Disorder, Assistive Technology. Keywords: Special education. Undergraduate thesis. Research. Resumen Trabajos de conclusion de curso: tendencias de los estudios relacionados a la Educacion Especial en un curso de Pedagogia Este articulo analiza las tendencias de los Trabajos Finales Academicos (Trabajos de Conclusion de Curso - TCC) relacionados con la Educacion Especial, presentados por los egresados del curso de Pedagogia de la Universidad Estadual de Ponta Grossa. La investigacion fue realizada en base al analisis sistematico y la valoracion del conocimiento de producciones investigativas, esto es, segun el Estado del Conocimiento en torno a un campo de investigacion definido. El estudio revelo que tanto el abordaje cualitativo como el exploratorio, fueron los mas utilizados en dichos trabajos finales. Indico tambien que el cuestionario y la entrevista son los instrumentos de recoleccion de datos mas comunmente utilizados por todos los egresados. Revelo ademas que, el mayor numero de investigaciones se encuentran volcadas a la deficiencia auditiva, siendo que existen vacios en relacion a academicos que busquen profundizar el desarrollo de investigaciones en otras areas de conocimiento, tales como: la deficiencia fisica, las altas habilidades/superdotacion, el Trastorno del Espectro del Autismo (TEA), las Tecnologias para la educacion y el empoderamiento de las personas con discapacidad.  Palabras-clave: Educacion Especial. Trabajo de Conclusion de Curso. Investigacion.",14,1,333,361,,Special education; Undergraduate thesis; Research,,,,http://www.revistas2.uepg.br/index.php/praxiseducativa/article/view/12269 https://dialnet.unirioja.es/descarga/articulo/6844888.pdf https://dialnet.unirioja.es/servlet/articulo?codigo=6844888,http://dx.doi.org/10.5212/praxeduc.v.14n1.018,,10.5212/praxeduc.v.14n1.018,2903786109,,0,,0,true,cc-by-nc-nd,gold
025-643-912-563-006,El uso del cine en el conocimiento de la discapacidad: propuesta didáctica en el grado de maestro,2019-12-21,2019,journal article,International Journal of Developmental and Educational Psychology. Revista INFAD de Psicología.,26035987; 02149877,Asociacion INFAD,,Asunción Lledó Carreres; Alejandro Lorenzo Lledó; Elena Pérez Vázquez; Alba Gilabert Cerdá; Gonzalo Lorenzo Lledó,"In this new curricular framework, university teaching staff take on new methodological challenges that make us reflect on how to train competent and critical people with attitudes of respect, solidarity and with open and flexible points of view. With the emergence of information and communication technologies, there have been important changes in the methodological field that have affected the way of teaching with the media, one of these media is cinema. The inclusion of cinema in university teaching methodologies can mean a pedagogical innovation that breaks with the traditional passive and transmission model and gives protagonism to the students so that they can create their own knowledge. From this perspective, the aim of this study has been to use cinema as methodological resources to work on subjects of the Infant and Primary Education Teacher’s Degree on disability. 156 second year students (61 from the Infant Grade and 95 from the Primary Grade) took part in the training. A didactic proposal has been implemented through a selection of films according to each disability and a work guide prior to the viewing of the film and after it. A self-evaluation rubric was designed for the activity carried out. The planned didactic proposal has shown not only the acquisition of contents referring to the disabilities worked without also favourable beliefs towards it, as well as very positive levels of satisfaction with the methodology used with the inclusion of cinema in the teaching and learning process.",1,2,461,468,Primary education; Rubric; Inclusion (education); Psychology; Pedagogy; Perspective (graphical); Solidarity; University teaching; Movie theater; Information and Communications Technology,disability; cinema; resources; pedagogical innovation,,,,https://dehesa.unex.es/bitstream/10662/10691/1/0214-9877_1_2_461.pdf https://revista.infad.eu/index.php/IJODAEP/article/view/1716 https://dialnet.unirioja.es/servlet/articulo?codigo=7756238 http://rua.ua.es/dspace/handle/10045/101050 https://dehesa.unex.es/handle/10662/10691 https://revista.infad.eu/index.php/IJODAEP/article/download/1716/1525 http://infad.eu/RevistaINFAD/OJS/index.php/IJODAEP/article/download/1716/1525 https://rua.ua.es/dspace/bitstream/10045/101050/1/2019_Lledo-Carreres_etal_INFADRevPsicol.pdf https://core.ac.uk/download/pdf/326809234.pdf,http://dx.doi.org/10.17060/ijodaep.2019.n2.v1.1716,,10.17060/ijodaep.2019.n2.v1.1716,2996476949,,0,017-504-830-513-419; 036-968-417-168-951; 088-869-286-778-022; 090-987-696-419-638; 107-735-030-405-322; 113-001-595-299-293; 135-867-001-238-203; 146-361-258-797-669; 156-506-854-478-688,2,true,cc-by-nc-nd,gold
025-962-663-684-226,Valoración de un programa de habilidades interpersonales en niños superdotados,,2014,journal article,Revista Latinoamericana de Psicología,01200534,Fundacion Universitaria Konrad Lorenz,Colombia,M. Mar Gómez-Pérez; Sara Mata-Sierra; M. Belén García-Martín; M. Dolores Calero-García; Clara Molinero-Caparrós; Saray Bonete-Román,"Certain research studies report that a number of gifted children show social adaptation issues, as well as problems with social and interpersonal skills, while others consider that",46,1,59,69,Developmental psychology; Psychology; Social adaptation; Research studies; Social psychology; Social skills,Interpersonal Skills; Gifted Children; Social Adaptation,,,,https://www.sciencedirect.com/science/article/pii/S012005341470007X https://www.redalyc.org/articulo.oa?id=80532607007 https://dialnet.unirioja.es/servlet/articulo?codigo=5031377 https://www.elsevier.es/es-revista-revista-latinoamericana-psicologia-205-articulo-valoracion-un-programa-habilidades-interpersonales-S012005341470007X https://biblat.unam.mx/es/revista/revista-latinoamericana-de-psicologia/articulo/valoracion-de-un-programa-de-habilidades-interpersonales-en-ninos-superdotados https://pesquisa.bvsalud.org/portal/resource/pt/lil-735139 http://www.scielo.org.co/pdf/rlps/v46n1/v46n1a07.pdf http://www.scielo.org.co/scielo.php?script=sci_arttext&pid=S0120-05342014000100007 https://digibug.ugr.es/handle/10481/34896,http://dx.doi.org/10.1016/s0120-0534(14)70007-x,,10.1016/s0120-0534(14)70007-x,2096554293,,0,000-369-190-852-458; 003-157-625-480-820; 003-441-919-562-897; 003-917-549-139-821; 004-115-225-231-850; 004-139-737-310-356; 006-629-186-527-114; 007-790-124-396-806; 009-270-062-884-989; 014-605-460-890-973; 017-522-203-549-26X; 018-962-488-604-204; 019-197-873-086-213; 020-610-908-000-881; 020-701-020-896-324; 021-348-420-506-665; 022-813-070-633-388; 024-641-623-697-491; 026-272-539-443-060; 026-492-772-831-312; 029-025-239-124-851; 032-355-449-002-772; 035-579-899-537-848; 035-949-881-347-97X; 036-174-307-585-40X; 038-965-842-008-341; 039-357-289-079-298; 040-065-963-375-744; 040-429-687-017-32X; 043-056-814-043-927; 044-730-892-818-183; 045-263-526-874-800; 047-370-959-410-450; 051-500-502-061-85X; 052-869-601-044-357; 056-527-560-880-054; 056-589-228-163-962; 057-324-496-618-41X; 058-730-414-146-413; 064-822-593-828-617; 064-968-952-970-546; 069-411-788-788-825; 073-027-022-737-141; 073-860-888-502-298; 074-320-542-987-645; 074-958-410-359-519; 077-845-335-917-506; 079-013-629-038-452; 079-022-538-782-977; 079-181-437-492-688; 085-466-099-759-859; 089-657-147-772-693; 091-138-286-521-568; 094-914-678-342-356; 099-486-407-348-872; 103-963-045-135-731; 107-081-468-565-62X; 117-505-191-748-798; 117-807-414-278-396; 118-149-119-792-418; 121-848-009-718-496; 126-406-116-009-816; 134-680-290-935-155; 135-064-769-923-831; 135-899-411-873-038; 139-270-841-130-231; 139-357-193-194-748; 155-650-598-233-226; 156-339-805-135-341; 159-621-966-255-73X; 161-103-203-551-997; 161-628-022-588-469; 165-092-773-978-487; 181-588-428-366-673; 190-972-635-218-633,13,true,cc-by-nc-nd,gold
026-283-221-122-252,Trastorno del vínculo en niños con trastorno del espectro alcohólico fetal,2020-12-29,2020,journal article,Revista de Psiquiatría Infanto-Juvenil,26607271; 11309512,Asociacion Espanola de Psiquiatria del Nino y del Adolescente - Aepnya,,Miguel Romero-González; Mireia Primé-Tous; María Alejandra Martí-González,"Introduction: Fetal alcohol syndrome and fetal alcohol spectrum disorders (FASD) result from intrauterine exposure to alcohol, and are the most common non-heritable causes of intellectual disability. Among people diagnosed with FASD, a higher prevalence of physical, cognitive and behavioral disorders, as well as more psychopathology have been identified in the child, affecting temperament variables that make it difficult to create a secure attachment. Children with attachment disorders show behavioral, emotional and social interaction problems that appear associated with exposure to patterns of care characterized by neglect, social deprivation or abuse during early childhood. Objective: The aim of this work is to review the relationship between FASD and attachment disorders, through the review of the existing literature and the presentation of two clinical cases. Finally, we will discuss about the psychotherapeutic intervention in this clinical profile. Method: Clinical case study of 2 children with a diagnosis of FASD and attachment disorder, treated in our Child and Adolescent Clinical Psychiatry and Psychology Service at Hospital Clinic in Barcelona. Results: The clinical characteristics and the evolution of the cases during the treatment will be presented. Conclusions: An early diagnosis and an intervention focused on attachment is proposed, providing a constant and sensitive caregiver, emotionally involved and affectively available, and after this, facilitate the work ofcomorbid symptoms. The results cannot be generalized due to review limitations and the number of cases.",37,4,36,53,Attachment theory; Psychopathology; Neglect; Early childhood; Attachment disorder; Fetal alcohol syndrome; Intervention (counseling); Intellectual disability; Clinical psychology; Medicine,,,,,https://dialnet.unirioja.es/servlet/articulo?codigo=7745726 https://www.aepnya.eu/index.php/revistaaepnya/article/download/394/318 https://www.aepnya.eu/index.php/revistaaepnya/article/view/394,http://dx.doi.org/10.31766/revpsij.v37n4a4,,10.31766/revpsij.v37n4a4,3123021322,,0,,2,true,cc-by-nc-nd,gold
026-337-530-592-494,FACILITADORES PARA LA ENSEÑANZA Y CUIDADO DE PERSONAS CON DISCAPACIDAD,2017-07-11,2017,journal article,Revista Cognosis. ISSN 2588-0578,25880578,Empresa Publica de Servicios Generales e Ingenieria Utm,,Denisse Sánchez Palma; Cristina Beatriz Macías Mendoza,"El presente trabajo manifiesta en su introduccion, como el proceso de inclusion educativa en nivel superior ha mejorado en los ultimos anos. En el desarrollo de este articulo se presentan los conceptos de discapacidad y toma enfasis en los procesos que el Ecuador tiene para promover la inclusion a la educacion; Se analiza el estado de la Universidad Tecnica de Manabi y su progreso en la educacion. Como parte fundamental, el articulo brinda un protocolo para la atencion e inclusion de personas con discapacidad y uso de los tics para mejorar la ensenanza. En el articulo manifiesta como conclusion, la importancia de la inclusion a la educacion de personas con discapacidad y como el profesor juega un papel importante es este ideal.; PALABRAS CLAVE: Discapacidad; Inclusion; educacion.; FACILITATORS FOR THE TEACHING AND CARE OF PERSONS WITH DISABILITIES; ABSTRACT; This work shows in its introduction how the inclusion process had been improving better over the recently years. During the development of this article are shown the disability concepts emphasizing about the process promoted by Ecuador about the inclusion of the education; was analyzed the status of the “Universidad Tecnica de Manabi” and its progress in the education. As a fundamental part, this article offers a protocol for the attention and inclusion of the people with disability and gadgets for improving the act of teaching. It´s expressed a conclusion of the importance of the inclusion of the education of the people with disability and how the teacher plays an important role on this ideal.; KEYWORDS: Disability; Inclusion; education.",2,2,79,88,Art; Inclusion (education); Humanities; E inclusion; Persona; Cartography,PALABRAS CLAVE: Discapacidad; Inclusion; educación,,,,https://revistas.utm.edu.ec/index.php/Cognosis/article/view/779 https://core.ac.uk/download/230931583.pdf,http://dx.doi.org/10.33936/cognosis.v2i2.779,,10.33936/cognosis.v2i2.779,2769772951,,0,,0,true,cc-by-nc-sa,gold
026-622-365-950-499,Entrenamiento en habilidades sociocomunicativas en los trastornos del espectro autista de alto funcionamiento,2007-04-01,2007,journal article,Revista de Psicopatología y Psicología Clínica,22546057; 11365420,UNED - Universidad Nacional de Educacion a Distancia,Spain,Miriam de la Iglesia; José-Sixto Olivar,"This paper presents the effects of referential-ecological communication training regarding role-taking skills and task-evaluation skills concerning the possible interventions for the socio-communicative aspect of high functioning autistic spectrum Disorders (HF-ASD). The results are compared at three moments of evaluation (pretest, posttest and transfer) as to two groups of people with the same diagnostic condition of which one group had the training program applied and the other not. The training group shows a significant decrease in the non-adapted regulations to the speaker and an increase in self-restructuring, in both the post-test and the transfer test. These data suggest that the referential communication paradigm is a suitable, sensitive and reliable instrument for the exploration and study of the communication process and its results, permitting us to put a training program into practice for the most deficient skills of persons affected by HF-ASD",12,1,33,42,Psychology; Social group; Psychological intervention; Training program; Transfer test; Referential communication; High functioning; Autistic spectrum; Applied psychology,Trastornos del espectro autista; comunicación referencial; habilidades sociales; habilidades comunicativas; programas de entrenamiento; evaluación; intervención. Sociocommunicative skills training in high functioning autistic spectrum disorders Autistic spectrum disorders; referential communication; social skills; communicative skills; training programs; evaluation; intervention,,,,http://revistas.uned.es/index.php/RPPC/article/view/4032 http://e-spacio.uned.es/fez/view/bibliuned:Psicopat-2007-C376F071-041C-0415-38A4-3D52ED1023EF http://e-spacio.uned.es/fez/eserv/bibliuned:Psicopat-2007-C376F071-041C-0415-38A4-3D52ED1023EF/Documento.pdf https://dialnet.unirioja.es/servlet/articulo?codigo=2335859 http://www.aepcp.net/arc/04_2007(1)_de_la_Iglesia_y_Olivar.pdf http://revistas.uned.es/index.php/RPPC/article/download/4032/3886,http://dx.doi.org/10.5944/rppc.vol.12.num.1.2007.4032,,10.5944/rppc.vol.12.num.1.2007.4032,2056571060,,0,008-973-921-185-436; 011-707-328-225-253; 016-336-541-443-622; 025-369-692-555-696; 047-279-565-887-451; 078-573-445-930-322; 082-334-006-336-23X; 085-373-878-882-028; 094-326-910-033-734; 111-657-161-030-579; 126-123-211-018-104; 138-166-027-669-48X; 145-879-626-522-942; 178-623-030-705-674,8,true,cc-by-nc-nd,hybrid
028-288-191-688-559,"Educación inclusiva, reflexión y capacitación de profesores",2022-03-10,2022,journal article,Conjecturas,16575830,Uniao Atlantica de Pesquisadores,,Marcos Martins de Oliveira; Giovanna Lianne Teran Villanueva de Oliveira; Jose Reinaldo Quineteiro,<jats:p>Sabemos que son grandes los desafíos para implementar una educación inclusiva para todos. El problema que guió este ensayo de investigación fue: ¿la capacitación inicial de profesores garantiza la cualificación teórica y practica para implementar una escuela inclusiva para estudiantes con deficiencia? Los objetivos propuestos fueron: reflexionar sobre la capacitación inicial y continua de profesores y la construcción de una escuela inclusiva; analizar la capacitación docente en una perspectiva inclusiva; presentar lineamentos de la Base Nacional Común curricular para la Capacitación Continua de Profesores de Educación Básica. Resultados nos mostraron que la capacitación inicial en las universidades aún es precaria. Nuestras consideraciones nos hicieron reflexionar sobre la necesidad de invertir en la capacitación inicial y continua de profesores para actuar con las diferencias en el espacio escolar.</jats:p>,22,3,182,194,Humanities; Sociology; Philosophy,Inclusión escolar; Capacitación de profesores; Estudiantes con deficiência Inclusão escolar; Formação de professores; Estudantes com deficiência,,,,https://conjecturas.org/index.php/edicoes/article/download/691/546 https://doi.org/10.53660/conj-691-824,http://dx.doi.org/10.53660/conj-691-824,,10.53660/conj-691-824,,,0,,0,true,cc-by,hybrid
028-466-078-047-61X,Altas capacidades y tdah: una doble excepcionalidad poco abordada,2019-09-01,2019,journal article,International Journal of Developmental and Educational Psychology. Revista INFAD de Psicología.,26035987; 02149877,Asociacion INFAD,,Fernanda Álvarez-Cárdenas; María José Peñaherrera-Vélez; Claudia Arévalo-Proaño; Yolanda Dávila; Ximena Vélez-Calvo,"Dual exceptionality refers to the population with high intellectual potential in co-occurrence with some type of disorder. A dual exceptionality present in schools is the one that combines giftedness with attention deficit hyperactivity disorder (ADHD). The objective of this article is to analyze the empirical and review studies from the last five years, focused on the dual exceptionality giftedness-ADHD, in primary school children. 10 articles were obtained with the specific research topic. A series of key characteristics and symptomatology were established for the differential diagnosis of this dual exceptionality. In addition, the development of subjects with this condition in the social, emotional, family and educational aspects was described, determining their limitations in the context and the coping mechanisms they develop. Finally, relevant aspects of the intervention in this dual exceptionality were identified, considering the benefits of alternative therapies such as Mindfulness. This review identifies the lack of experience that exists regarding this issue, largely due to the current poor approach from the scientific community, especially in Latin America. All this shows the need for intervention in a population little attended within the classrooms, as well as a condition that must be studied and included in the training of education professionals.",5,1,417,428,Developmental psychology; Psychology; Latin Americans; Context (language use); Mindfulness; Intervention (counseling); Attention deficit hyperactivity disorder; Population; DUAL (cognitive architecture),gifted children; double exceptionality; primary school; ADHD,,,,https://doaj.org/article/58fbcfc706054eddbb7c09b7eb316824 http://www.infad.eu/RevistaINFAD/OJS/index.php/IJODAEP/article/view/1621 https://dialnet.unirioja.es/servlet/articulo?codigo=7376085 https://revista.infad.eu/index.php/IJODAEP/article/download/1621/1409 https://revista.infad.eu/index.php/IJODAEP/article/view/1621,http://dx.doi.org/10.17060/ijodaep.2019.n1.v5.1621,,10.17060/ijodaep.2019.n1.v5.1621,2970333891,,0,009-221-138-842-937; 016-076-020-123-836; 022-974-267-186-785; 023-989-850-391-16X; 026-112-350-104-118; 026-613-520-329-834; 027-179-915-897-542; 051-277-937-223-070; 053-693-846-672-554; 065-633-739-433-065; 069-795-260-645-696; 079-141-065-611-917; 086-166-658-991-067; 097-857-931-944-934; 106-124-905-404-375; 119-718-034-615-205; 125-165-952-558-107; 137-805-169-021-074; 146-925-208-963-826; 154-569-282-379-654,5,true,cc-by-nc-nd,gold
029-148-700-488-312,¿Sería comprensible la inclusión del TDAH dentro de las denominadas “anomalías mentales permanentes” descritas por la doctrina penal tras el análisis de la cuestión de imputabilidad-inimputabilidad?,2018-01-20,2018,journal article,Revista Internacional de Doctrina y Jurisprudencia,22551824,Editorial Universidad de Almeria,,Marta María Aguilar Cárceles,"El presente articulo tiene por objeto analizar uno de los aspectos mas tradicionales en materia de enjuiciamiento penal, concretamente el relativo a la aplicabilidad de las circunstancias modificativas de la responsabilidad criminal ante la existencia de una anomalia o alteracion mental. De manera especifica, la cuestion de partida se establece sobre la posibilidad de eximir de responsabilidad criminal (articulo 20.1 Codigo Penal) a personas con Trastorno por Deficit de Atencion e Hiperactividad (TDAH), para lo cual se revisan y analizan -tanto desde el punto de vista legislativo como jurisprudencial-, las psicopatologias que comunmente han sido admitidas por la doctrina penal. Todo lo anterior resulta en una vision critica sobre las denominadas como “alteraciones mentales permanentes”, actualmente admisibles conforme al tenor literal de lo implicitamente aceptado por el legislador en el Codigo Penal. Se trata de una cuestion que viene a ser discutida desde la comprension interdisciplinar de las psicopatologias.",,11,2,,,responsabilidad criminal; patologías mentales permanentes; Trastorno por criminal liability; permanent psychopathologies; Attention-Deficit Hyperactivity,,,,http://repositorio.ual.es/handle/10835/4814 https://dialnet.unirioja.es/descarga/articulo/5633651.pdf https://dialnet.unirioja.es/servlet/articulo?codigo=5633651,http://dx.doi.org/10.25115/ridj.v4i11.1827,,10.25115/ridj.v4i11.1827,2550544993,,0,000-488-616-623-604; 006-388-458-233-028; 009-038-936-082-332; 038-410-699-166-080; 044-441-635-667-862; 044-700-946-052-228; 052-822-712-040-676; 055-812-860-679-201; 058-832-636-682-198; 072-354-884-271-893; 076-364-654-253-854; 094-028-871-050-949; 099-023-901-121-920; 107-644-249-529-422; 109-599-097-934-762; 113-630-653-728-773; 118-910-070-336-557; 127-110-803-366-835; 142-605-954-228-761; 166-775-049-634-383; 172-363-179-537-940; 174-384-700-437-859,0,true,cc-by,gold
029-258-508-318-038,Análisis sistémico de la neurodiversidad en la educación,2025-09-28,2025,journal article,GADE: Revista Científica,27452891,"Fundación de Gestión, Administración Deportiva y Empresarial",,Natalia Andrea Ortega Berrio; Mara Suarez Martínez; Nelvis Ochoa Lozano; Karina Pineda Balmaceda,"<jats:p>           El análisis sistémico de la neurodiversidad en la educación constituye una necesidad impostergable en el marco de los actuales desafíos de la inclusión. Las aulas contemporáneas, naturalmente heterogéneas, integran estudiantes con espectro autista (TEA), trastorno por déficit de atención e hiperactividad (TDAH), dislexia, altas capacidades y diversas formas de procesamiento cognitivo y sensorial, lo cual exige a los sistemas educativos superar enfoques centrados en el déficit y avanzar hacia modelos que reconozcan la diversidad neurológica como una fortaleza. Este trabajo, sustentado en una revisión de literatura reciente, identifica teorías, categorías conceptuales y resultados de investigaciones internacionales que abordan la neurodiversidad desde múltiples perspectivas: la adaptación docente y el uso de estrategias flexibles como el Diseño Universal para el Aprendizaje (DUA), la implementación de Planes Individuales de Ajustes Razonables (PIAR), la importancia de la psicoeducación y la creación de ambientes de aprendizaje más inclusivos. Los hallazgos evidencian que la transformación de la práctica pedagógica depende en gran medida de la formación del profesorado y de la articulación entre política educativa, investigación y práctica en el aula. Asimismo, se resalta que la neurodiversidad debe ser concebida no como un obstáculo, sino como una oportunidad para enriquecer los procesos de enseñanza-aprendizaje, consolidar comunidades escolares democráticas y fortalecer la justicia social. En conclusión, el estudio propone un marco de análisis integral que permite comprender la neurodiversidad como una condición constitutiva de la educación, aportando lineamientos para la mejora continua de la equidad y la calidad educativa.</jats:p>",5,3,596,616,Humanities; Political science; Philosophy; Sociology; Context (archaeology); Physics; Psychology; Scope (computer science); Computer science; Order (exchange),,,,,https://revista.redgade.com/index.php/Gade/article/download/729/412 https://doi.org/10.63549/rg.v5i3.729,http://dx.doi.org/10.63549/rg.v5i3.729,,10.63549/rg.v5i3.729,,,0,,0,true,cc-by-nc-nd,gold
029-595-344-545-150,Ensino Remoto Emergencial: experiência de docentes na pandemia - Educação musical: experiências de ensino/aprendizagem na pandemia,,2021,book chapter,Ensino Remoto Emergencial: experiência de docentes na pandemia,,Uniedusul Editora,,Fernando Icaro Jorge Cunha; Thiago Lopes da Silva; Bruno Antunes André; Caroline Menezes Lucas; Guilherme Baltar de Azambuja,"O conteúdo dos artigos e seus dados em sua forma, correção e confiabilidade são de responsabilidade exclusiva dos autores. Permitido fazer download da obra e o compartilhamento desde que sejam atribuídos créditos aos autores, mas sem de nenhuma forma ou utilizá-la para fins comerciais. www.uniedusul.com.br PREFÁCIO O Ensino Remoto Emergencial (ERE) foi amplamente utilizado em consonância da pandemia do novo coronavírus (Sars-CoV-2) que provoca a doença infecciosa (Covid-19). Docentes foram submetidos em diversos contextos e vivências de superação na oferta do (ERE). Portanto este livro aborda diversas experiências destes profissionais da Educação Básica e do Ensino Superior neste período de crise. A rede pública de ensino foi o setor mais afetado, principalmente na utilização dos materiais impressos na Educação Básica. Este fator intensifica-se quando pensamos nas escolas inseridas em classes periféricas, onde é evidenciado a vulnerabilidade socioeconômica. A maioria das escolas de rede particular utilizaram o ensino remoto na modalidade digital, sendo utilizado recursos das Tecnologias da Informação e Comunicação (TICs). As metodologias ativas foram potencializadoras deste Ensino Remoto, acrescentando o dinamismo e interatividade nas aulas, através de estratégias didáticopedagógicas que melhoram a relação professor/aluno. Outrossim, a formação continuada foi uma revolução causada pelo Ensino Remoto, culminando com a necessidade da atualização constante e o domínio das tecnologias digitais. Portanto, o (ERE) provocou muitos desafios, e muitos docentes tiveram de utilizar subsídios de contorno para desmistificar a crise na garantia de um ensino de qualidade. Ainda que, os impactos no processo de ensino-aprendizagem tenham sido significativamente relevantes, é necessário abordar uma visão de Ensino Remoto, como garantia do ano letivo, enfatizando o mesmo como ferramenta eficiente para ""aproximar"", em um momento em que o ""afastar"" é eminente.",,,93,111,,Ensino remoto; EAD; Similaridades; Distinções; Comparações Remote teaching; EAD; Similarities; Distinctions; Comparisons Ensino remoto; Ensino híbrido; Integração Remote teaching; Hybrid teaching; Integration Remote education; Sciences; Democratization; Disclosure Jogos digitais; pandemia; educação infantil Digital games; pandemic; child education Early Childhood Education. Remote Teaching. Pandemic. COVID-19 Educação ambiental  Ensino remoto; Pandemia Educação Remota  Ead e Híbrida; Educação Musical; Pandemia; Educação Infantil; Ensino fundamental Remote  Distance and Hybrid Education; Musical education; Pandemic; Child education; Elementary School Letramento digital; Tecnologias digitais; Ensino e aprendizagem; Ensino Remoto Formação  eventos científicos  reflexão  práticas Ensino remoto; Materiais impressos; Rede Pública; Educação básica; Ensino Fundamental Ensino-remoto; Química; Ensino-superior,,,,http://dx.doi.org/10.51324/86010770.7,http://dx.doi.org/10.51324/86010770.7,,10.51324/86010770.7,3127032696,,0,,0,true,,bronze
029-825-402-658-497,"La integración escolar: nacimiento, experimentación y generalización (1970/1995). Su implementación en la provincia de Valladolid.",,,journal article,,,Universidad de Valladolid,,Carmen Romero Ureña,"Esta tesis desgrana las razones que motivaron que, en un momento concreto de nuestra historia reciente, una gran parte del alumnado con discapacidad fuera escolarizado en aulas ordinarias, junto con el resto de los alumnos considerados normales, en lugar de estar segregados en un sistema educativo paralelo de centros especificos, que quedaron solo para los alumnos gravemente afectados.",,24,300,302,,,,,,https://uvadoc.uva.es/handle/10324/4612 http://redined.mecd.gob.es/xmlui/handle/11162/163443 https://www.upo.es/revistas/index.php/pedagogia_social/article/download/1008/832 https://uvadoc.uva.es/bitstream/10324/4612/6/TESIS502-140301-1.pdf https://dialnet.unirioja.es/servlet/tesis?codigo=132367,http://dx.doi.org/10.35376/10324/4612,,10.35376/10324/4612,1593456157,,0,,0,true,cc-by-nc-nd,hybrid
030-055-561-540-899,Propuesta didáctica con enfoque ecológico e interdisciplinar: una apuesta por la educación superior inclusiva,2021-09-27,2021,journal article,Siglo Cero Revista Española sobre Discapacidad Intelectual,25300350; 02101696,Ediciones Universidad de Salamanca,Spain,Doris Adriana Ramírez Salazar; Paola Andrea Soto Ossa; María Teresa Rugeles López; Luz Helena Lugo Agudel; María Catalina Ocampo Agudelo; Marcela Ruiz Yepes; Diego Andrés Pereira Velásquez; Alejandra Vanegas Castro; Carolina Lopera Cataño; Vanessa Andreina Seijas Bermúdez,"espanolLas personas en situacion de discapacidad intelectual han tenido pocas oportunidades para acceder a la educacion superior; durante mucho tiempo se ha considerado que ellas no son un colectivo potencial para formarse en el ambito universitario. Este articulo es derivado de una investigacion que se desarrollo en el contexto colombiano, cuyo proposito consistio en contribuir a disminuir las barreras de los jovenes para su inclusion en el contexto familiar, social, academico y ocupacional, mediante el diseno y validacion de un modelo de atencion integral con enfoque ecologico e interdisciplinar. El estudio tuvo una perspectiva metodologica mixta, se utilizo la escala ABAS II para evaluar el indice de conducta adaptativa en 20 jovenes a modo de pretest y postest. Se concluyo que esta experiencia contribuyo a la formacion y calidad de vida de los jovenes; y mostro que a todas las personas se les puede ensenar, pero que cada una aprende en su singularidad. EnglishPeople with intellectual disabilities have had few opportunities to access higher education, for a long time it has been considered that they are not a potential group to be trained in the university environment. This article is derived from an investigation that was developed in the Colombian context, the purpose of which was to contribute to reducing the barriers of young people for their inclusion in the family, social, academic and occupational context, through the design and validation of a model of comprehensive care with an ecological and interdisciplinary approach. The study had a mixed methodological perspective, the ABAS II scale was used to evaluate the adaptive behavior index in 20 young people as a pretest and posttest. It was concluded that this experience contributed to the formation and quality of life of the young people; and it showed that all people can be taught, but that each one learns in their uniqueness.",52,3,163,184,Sociology; Humanities; Context (language use); Persona,,,,,https://dialnet.unirioja.es/servlet/articulo?codigo=8079905 https://gredos.usal.es/handle/10366/147411,http://dx.doi.org/10.14201/scero2021523163184,,10.14201/scero2021523163184,3204437468,,0,005-338-272-077-280; 005-497-653-749-309; 022-805-040-157-202; 024-002-566-079-29X; 040-114-982-126-012; 055-660-976-088-294; 059-027-899-467-750; 063-692-035-069-813; 073-765-748-551-447; 077-906-478-819-168; 102-230-200-564-014; 116-118-883-958-124; 117-741-440-731-650; 133-522-559-916-96X; 140-677-487-074-205; 157-210-502-780-545,2,true,cc-by-nc-sa,gold
030-412-520-935-520,"Liderazgo y empoderamiento docente, nuevos retos de la educación inclusiva en la sociedad del conocimiento",2016-03-09,2016,book,,,Ediciones de la Universidad de Castilla-La Mancha,,,,,,,,,"Oral verbal language  verbal language  writing  phonetic  semantic  morphosyntax  pragmatics  stimulation  teamwork  deprivation  urban fringe early stimulation  early attention  prevention  biological risk  work with families Orff music therapy in specific learning disabilities CORRÊA  E.  MENDES  P.  RAPOSO  H.  MARINHEIRO  M.  & DELGADO  M Specific Learning Difficulties; Orff Music Therapy. 2. ""Vitória  Vitória  continua a nossa história"" (Vitória  Vitória  all's well that goes on well""-Portuguese Idiom) -Project of Social Involvement with the Elderly -CORRÊA  E.  SILVEIRA  L.  RAPOSO  H.  FARINHO  P. & DELGADO  M Cultural Animation; Third Age; Active aging; Social participation 3. Processes of collaboration between regular education teachers and special education in primary education in Portugal FARINHO  P.  CASAL  J.  PEREIRA  P.  DELGADO  M. & CORRÊA  E Collaboration; Collaborative Work; Inclusive Education; Special Education Teacher; Regular Education Teacher. 4. Social Inequality and the Digital Divide among Students DELGADO  M.  PEREIRA  P.  RAPOSO  H.  FARINHO  P. & CORRÊA  E accessibility; Inclusive School; Checklist BRITES  S.  MOREIRA  A.  RAPOSO  H.  FARINHO  P.  & PEREIRA  P Grupos Interactivos  inclusión  diversidad  aprendizaje dialógico Interactive Groups  inclusion  diversity  dialogic learning",,,,,http://dx.doi.org/10.18239/jor_05.2016.03,,10.18239/jor_05.2016.03,,,0,,2,true,,green
030-788-783-356-198,Herramientas tecnológicas para la educación inclusiva.,2018-01-11,2018,journal article,"Revista Tecnología, Ciencia y Educación",24442887; 2444250x,CEF. Centro de Estudios Financieros,,Sonia Janeth Romero Martínez; Irene González Calzada; Ana García Sandoval; Alicia Lozano Domínguez,"Dentro de las posibilidades que la incorporacion de las tecnologias de la informacion y la comunicacion (TIC) ofrece a la educacion se encuentra la atencion a la diversidad, ya que por medio de estas herramientas se puede facilitar el acceso y la educacion de calidad a los estudiantes con diversas necesidades educativas especiales. Existen diferentes tipos de discapacidad (las discapacidades motrices, las sensoriales [entre las que podemos encontrar la visual y la auditiva] y las intelectuales) con muchos tipos diversos de manifestaciones. Los estudiantes con estos tipos de discapacidad se enfrentan a la dificultad de acceder a la educacion de forma igualitaria. A pesar de que se han venido logrando avances en cuanto a su integracion, se deben incrementar los esfuerzos para conseguirla en su totalidad.",9,9,83,112,,necesidades educativas especiales; herramientas tecnológicas; programa pedagógico; integración educativa special educational needs; technological tools; pedagogical program; educational integration,,,,https://dialnet.unirioja.es/servlet/articulo?codigo=6247305 https://dialnet.unirioja.es/descarga/articulo/6247305.pdf https://udimundus.udima.es/handle/20.500.12226/54 https://www.tecnologia-ciencia-educacion.com/index.php/TCE/article/download/175/148 https://www.tecnologia-ciencia-educacion.com/index.php/TCE/article/view/175 https://revistasocitec.org/judima/index.php/TCE/article/view/175,http://dx.doi.org/10.51302/tce.2018.175,,10.51302/tce.2018.175,2782504237,,0,000-069-249-354-951; 014-108-385-306-345; 018-248-626-850-73X; 024-923-220-303-334; 068-865-428-808-888; 070-209-644-619-201; 098-562-275-788-117; 120-304-133-605-93X; 132-171-905-570-650,16,true,cc-by-nc-nd,gold
031-083-405-824-499,Mycobacterium Bovis Como Agente Causal da Tuberculose Humana,2012-12-01,2012,journal article,Revista de Educação Continuada em Medicina Veterinária e Zootecnia do CRMV-SP,25961306,Revista de Educacao Continuada em Medicina Veterinaria e Zootecnia do CRMV-SP,,Vivianne Cambuí Figueiredo Rocha; Salomão Cambuí de Figueiredo; Acácia Orieth Elias; Douglas Alexandre Saraiva Leão; José Soares Ferreira Neto,"Mycobacterium bovis included in the Mycobacterium tuberculosis complex infects a range of domestic and wildanimals. Although primarily infecting the bovine species it mayalso be isolated from other mammals, including human beingsin which it promotes a disease that’s indistinguishable from theone due to M. tuberculosis. In many industrialized countries dueto the application of strict control measures and the consequentreduction in the prevalence of bovine tuberculosis, andinfections of other animal species by M. bovis, this subject hasbeen considered of minor importance. However in developingcountries, there is still a significant public health risk of infectionwith this microorganism. Indeed in these countries M. bovis is,has been found in domestic animals, wildlife and humans. Thispaper analyzes the importance of Mycobacterium bovis infectionfor the human health.",10,2/3,22,31,Public health; Virology; Mycobacterium bovis; Disease; Mycobacterium tuberculosis complex; Tuberculosis; Bovine Species; Human health; Bovine tuberculosis; Biology; Microbiology,Aquariophily. Regulation. Sanity. Participatory Aquiculture. Public Health. Zoonoses SANTOS  F. L. N.; FARO  L. B. The first confirmed case of Diphyllobothrium latum in Tuberculosis. Zoonoses. Human health. Mycobacterium bovis BOTELHO  A.; CRUZ  K. D.; BOSCHIROLI  M. L.; BONIOTTI  M. B.; PACCIARINI  M.; GARCIA-PELAYO  M. C.; ROMERO  B.; DE JUAN  L.; DOMÍNGUEZ  L.; GORDON  S. V.; VAN SOOLINGEN  D.; LOFTUS  B.; BERG  S.; HEWINSON  R. G.; ARANAZ  A.; SMITH  N. H. European 2 -A clonal complex of Mycobacterium bovis dominant in the Iberian Peninsula. Infection Genetics Evolution  v. 12  n. 4  p. 866-872  2011. RODWELL  T. C.; MOORE  M.; MOSER  K. S.; BRODINE  S. K.; STRATHDEE  S. A. Tuberculosis from Mycobacterium bovis in binational communities  United States. Emerging Infectious Diseases  v. 14  p. 909-916  2008. ROTHSCHILD  B. M.; MARTIN  L. D. Did ice-age bovids spread tuberculosis? SMITH  N. H. The global distribution and phylogeography of Mycobacterium bovis clonal complexes. Infection Genetics and Evolution  v. 12  n. 4  p. 857-865  2011a. SMITH  N. H. B. S.; DALE  J.; ALLEN  A.; RODRIGUEZ  S.; ROMERO  B.; MATOS  F.; GHEBREMICHAEL  S.; KAROUI  C.; DONATI  C.; MACHADO  A. C.; MUCAVELE  C.; KAZWALA  R. R.; HILTY  M.; CADMUS  S.; NGANDOLO  B. N.; HABTAMU  M.; OLOYA  J.; MULLER  A.; MILIAN-SUAZO  F.; ANDRIEVSKAIA  O.; PROJAHN  M.; BARANDIARÁN  S.; MACÍAS  A.; MÜLLER  B.; ZANINI  M. S.; IKUTA  C. Y.; RODRIGUEZ  C. A.; PINHEIRO  S. R.; FIGUEROA  A.; CHO  S. N.; MOSAVARI  N.; CHUANG  P. C.; JOU  R.; ZINSSTAG  J.; VAN SOOLINGEN  D.; COSTELLO  E.; ASEFFA  A.; PROAÑO-PEREZ  F.; PORTAELS  F.; RIGOUTS  L.; CATALDI  A. A.; COLLINS  D. M.; BOSCHIROLI  M. L.; HEWINSON  R. G.; FERREIRA NETO  J. S.; SURUJBALLI  O.; TADYON  K.; BOTELHO  A.; ZÁRRAGA  A. M.; BULLER  N.; SKUCE  R.; MICHEL  A.; ARANAZ  A.; GORDON  S. V.; JEON  B. Y.; KÄLLENIUS  G.; NIEMANN  S.; BONIOTTI  Tuberculosis. Zoonoses. Human health. Mycobacterium bovis,,,,https://www.revistamvez-crmvsp.com.br/index.php/recmvz/article/view/252 https://www.revistamvez-crmvsp.com.br/index.php/recmvz/article/download/252/236 https://www.bvs-vet.org.br/vetindex/periodicos/revista-de-educacao-continuada-em-medicina-veterin/10-(2012)-2-3/mycobacterium-bovis-como-agente-causal-da-tuberculose-humana/ http://www.revistas.bvs-vet.org.br/recmvz/article/download/252/236,http://dx.doi.org/10.36440/recmvz.v10i2/3.252,,10.36440/recmvz.v10i2/3.252,2397764503,,0,,3,true,cc-by-nc-nd,gold
031-688-258-079-477,La comprensión infantil de la mente y su relación con el problema del rechazo entre iguales,,2002,journal article,Infancia y Aprendizaje,02103702; 15784126,SAGE Publications,United Kingdom,Lidón Villanueva; Rosa Ana Clemente; Francisco Juan García,"ResumenEn este trabajo se revisa el paradigma de comprension de la mente (o teoria de la mente), en relacion a un problema con alta incidencia en el contexto escolar, el rechazo entre iguales. Se asume que la comprension de la mente es una de las competencias necesarias para la comprension socio-cognitiva y, en consecuencia, tambien resulta importante para la interaccion social. En primer lugar, se analizan los modelos teoricos del rechazo entre iguales (modelo del deficit individual y modelo de contribucion del grupo), y en segundo lugar, se revisan los correlatos del rechazo entre iguales (agresion, aislamiento, etc.). En ambos casos, se intenta establecer una serie de similitudes con los enfoques teoricos del paradigma de comprension de la mente.",25,1,85,100,,mind understanding; peer rejection; aggression; social withdrawal,,,,https://dialnet.unirioja.es/servlet/articulo?codigo=48680 https://www.tandfonline.com/doi/abs/10.1174/021037002753508548 http://redined.mecd.gob.es/xmlui/handle/11162/79580 https://core.ac.uk/download/84752550.pdf,http://dx.doi.org/10.1174/021037002753508548,,10.1174/021037002753508548,2020201857,,0,000-071-322-536-050; 000-769-982-334-408; 002-120-710-467-22X; 002-808-042-321-625; 004-254-394-126-437; 005-883-620-179-181; 010-256-554-026-205; 012-979-094-079-34X; 018-719-357-563-297; 024-943-168-968-256; 025-210-165-830-823; 027-246-488-466-728; 027-855-857-301-421; 030-165-912-595-822; 036-845-602-755-170; 041-945-802-373-58X; 045-043-567-226-821; 049-420-827-923-786; 052-929-348-315-978; 053-864-751-404-366; 054-593-673-431-67X; 056-275-542-787-325; 059-642-764-913-850; 075-803-524-470-450; 076-197-067-766-182; 081-434-371-856-956; 103-403-623-039-499; 106-220-423-915-324; 110-266-270-863-823; 111-903-888-726-703; 116-325-823-141-050; 122-705-245-671-624; 123-126-682-702-492; 123-738-312-359-524; 124-211-236-181-984; 129-490-468-360-515; 131-902-668-895-872; 143-219-566-386-005; 143-309-699-515-973; 144-344-617-324-680; 154-395-667-726-533; 160-534-675-438-456; 173-524-732-016-341; 173-651-380-420-421; 185-776-606-596-900,5,true,cc0,green
031-808-034-693-594,Discapacidad e inclusión en la educación universitaria - Educación y estrategias didácticas para la educación inclusiva,,2018,book chapter,Discapacidad e inclusión en la educación universitaria,,Editorial Universidad Santiago de Cali,,Catalina Estrada González; Mariela Sánchez Rodríguez; María Fernanda González Osorio; Cesar Augusto Vásquez; Luz Dary González Restrepo,"<jats:p>Los paradigmas educativos para personas con discapacidad  son  fundamentalmente  tres:  El  paradigma  segregador, el paradigma integrador y el paradigma inclusivo.</jats:p>",,,39,70,,,,,,,http://dx.doi.org/10.35985/9789585522442.2,,10.35985/9789585522442.2,3134332783,,0,,1,true,cc-by,hybrid
032-119-444-275-099,61 congreso de la Asociación Española de Psiquiatría del Niño y del Adolescente. Integrando miradas,,2017,journal article,Revista de Psiquiatría Infanto-Juvenil,11309512; 26607271,Asociacion Espanola de Psiquiatria del Nino y del Adolescente - Aepnya,,,"<jats:p>Como Presidente del Comité Organizador es un orgullo y un honor presentar el 61º Congreso de la Asociación Española de Psiquiatría del Niño y del Adolescente, Integrando Miradas, que celebraremos en Castellón de la Plana del 15 al 17 de junio de 2017.; ; En la Organización de un evento de esta envergadura nos hemos implicado todos los profesionales de los equipos de Salud Mental Infantil que atendemos a la población infanto-juvenil en nuestra provincia.</jats:p>",34,2,,,Humanities; Political science; Art,Regulación emocional; Autocuidado y Tratamiento del Trauma; que desarrollamos basándonos en la información,,,,http://aepnya.eu/index.php/revistaaepnya/article/download/16/16 https://doi.org/10.31766/revpsij.v34n2,http://dx.doi.org/10.31766/revpsij.v34n2,,10.31766/revpsij.v34n2,,,0,,1,true,cc-by-nc-nd,gold
032-129-643-510-142,Taller de creatividad para todo el centro escolar,2015-06-16,2015,journal article,Padres y Maestros. Publicación de la Facultad de Ciencias Humanas y Sociales,22551042; 02104679,Universidad Pontificia Comillas,,Ángela Raya Martínez,"The world is becoming increasingly ambiguous and volatile. In this context, is no longer enough to ""teach people something"". Schools need to build new navigation skills, they need to provide the compass. And in a world defined by change, we need to be changemakers in order for not to be marginalized and to make the world a better place.There are some schools in Spain that are already innvating in that way. Schools as CEIP Amara Berri, Escola Sadako, Centro Padre Piquer or O Pelouro. They are Changemaker Schools.",0,362,39,43,Art; Visual arts; Order (business); Compass; Context (language use); Performance art; Cartography,,,,,https://dialnet.unirioja.es/servlet/articulo?codigo=5136543,http://dx.doi.org/10.14422/pym.i362.y2015.006,,10.14422/pym.i362.y2015.006,2132879381,,0,,0,true,cc-by-nc-nd,hybrid
032-197-528-426-441,Propuesta de Intervención Educativa Mediante el Uso de las TICCAD para el Desarrollo de Habilidades Socio-Comunicativas en el Estudiantado Neurodivergente,2024-06-27,2024,journal article,Ciencia Latina Revista Científica Multidisciplinar,27072215; 27072207,Asociacion Latinoamericana para el Avance de la Ciencia,,Paulo Cesar Rodriguez Gutierrez; Brissa Mariel Ramírez Díaz; Sara Yessenia Hurtado Armendáriz; Elvia Esthela Aispuro Félix,"<jats:p>El contexto educativo actual presenta necesidades latentes en la formación del estudiantado, puesto que la sociedad actual exige individuos formados para una sociedad del conocimiento, por ende, se requiere transformar las prácticas educativas al combinar el conocimiento con el uso adecuado de las tecnologías.  Las Tecnologías de la Información, Comunicación, Conocimiento y Aprendizaje Digital (TICCAD), más el modelo de conocimiento técnico pedagógico del contenido (TPACK) presentan una alternativa para impulsar el funcionamiento, evolución, creatividad y motivación de la sociedad del conocimiento, al permitir el acceso, la comunicación, la creación y el aprendizaje continuo de forma digital (Barajas y Cuevas 2017; Luna, 2023; Salas, 2019). Esta investigación presenta una propuesta metodológica considerando el proceso de diseño y aplicación de un taller fundamentado en el conectivismo que tiene por objetivo desarrollar competencias comunicativas y sociales dentro de entornos virtuales y presenciales mediante la creación de materiales multimedia; dirigido a adolescentes que cursan la educación secundaria y cumplen con las características de ser estudiantado con Aptitudes sobresalientes (AS) en tecnologías y una doble excepcionalidad, ya sea Trastorno del Espectro Autista (TEA) o Trastorno de Déficit de Atención e Hiperactividad (TDAH). Al impartir y finalizar dicho taller se observó que el estudiantado participante a través del uso efectivo de las TICCAD, obtuvo avance significativo en el desarrollo de habilidades blandas como la comunicación efectiva, colaboración, creatividad y resolución de conflictos; impactando directamente en su desempeño académico y actividades cotidianas</jats:p>",8,3,5063,5075,Humanities; Art; Psychology,,,,,https://ciencialatina.org/index.php/cienciala/article/download/11705/17065 https://doi.org/10.37811/cl_rcm.v8i3.11705,http://dx.doi.org/10.37811/cl_rcm.v8i3.11705,,10.37811/cl_rcm.v8i3.11705,,,0,,2,true,cc-by,gold
032-511-477-188-596,EXPERIÊNCIA DOS FAMILIARES NO CONVÍVIO DE CRIANÇAS COM TRANSTORNO DO ESPECTRO AUTISTA (TEA),2019-08-13,2019,journal article,Enfermagem em Foco,2357707x; 21774285,Conselho Federal de Enfermagem - Cofen,,Rafaela da Rosa Hofzmann; Marcia Perondi; Jouhanna do Carmo Menegaz; Soraia Geraldo Rozza Lopes; Dayanne da Silva Borges,"Resumo : Objetivo: conhecer a experiencia dos familiares no convivio de criancas com TEA. Metodologia: pesquisa qualitativa, realizada atraves de Grupo Focal com familiares de oito criancas com diagnostico de TEA. A coleta de dados ocorreu no mes de setembro de 2016, atraves de questoes norteadoras discutidas no grupo. Os relatos foram gravados em audios e transcrito pelos autores. A analise foi realizada a partir da Analise de Conteudo. Resultados: A partir da analise dos dados surgiram tres categorias: ‘a descoberta do autismo’; ‘experiencias dos familiares apos o diagnostico de autismo’ e ‘atendimento em saude da crianca com autismo’. Conclusao: o autismo e um transtorno que causa muitas adaptacoes e mudancas na vida dos familiares envolvidos, surgindo a necessidade do apoio dos profissionais de saude no suporte dos cuidados prestado a estas criancas. Descritores : Autismo; Relacoes Familiares; Acontecimentos que Mudam a Vida; Enfermagem. THE EXPERIENCE OF FAMILIARS IN THE COEXISTENCE OF CHILDREN WITH AUTISTIC SPECTRUM DISORDER (ASD) Abstract : Objective: to know the experience of family members living with children with ASD. Methodology: qualitative research, carried out through a Focal Group with relatives of eight children diagnosed with ASD. Data collection occurred in September 2016, through guiding questions discussed in the group. The reports were recorded in audios and transcribed by the authors. The analysis was made from the Content Analysis. Results: From the analysis of the data emerged three categories: ‘the discovery of autism’; ‘Family experiences after the diagnosis of autism’ and ‘health care of the child with autism’. Conclusion: autism is a disorder that causes many adaptations and changes in the lives of the family members involved, resulting in the need of the support of the health professionals in the support of the care provided to these children. Descriptors : Autism; Family Relations; Life Changing Events; Nursing. LA EXPERIENCIA DE LOS FAMILIARES EN LA CONVIVENCIA DE NINOS CON TRANSTORNO DEL ESPECTRO AUTISTA (TEA) Resumen : Objetivo: conocer la experiencia de los familiares en la convivencia de ninos con TEA. Metodologia: investigacion cualitativa, realizada a traves de Grupo Focal con familiares de ocho ninos con diagnostico de TEA. La recoleccion de datos ocurrio en el mes de septiembre de 2016, a traves de cuestiones orientadoras discutidas en el grupo. Los relatos fueron grabados en audios y transcrito por los autores. El analisis fue realizado a partir de la Analisis de Contenido. Resultados: A partir del analisis de los datos surgieron tres categorias: ‘el descubrimiento del autismo’; “Experiencias de los familiares despues del diagnostico de autismo” y “atencion en salud del nino con autismo”. Conclusion: el autismo es un trastorno que causa muchas adaptaciones y cambios en la vida de los familiares involucrados, surgiendo a la necesidad del apoyo de los profesionales de salud en el soporte de los cuidados prestados a estos ninos. Descriptores : Autismo; Relaciones Familiares; Acontecimientos que cambian la vida; Enfermeria.",10,2,64,69,,Autismo; Relações Familiares; Acontecimentos que Mudam a Vida; Enfermagem Autism; Family Relations; Life Changing Events; Nursing,,,,https://pesquisa.bvsalud.org/portal/resource/pt/biblio-1015984 http://revista.cofen.gov.br/index.php/enfermagem/article/view/1671 http://revista.cofen.gov.br/index.php/enfermagem/article/download/1671/521,http://dx.doi.org/10.21675/2357-707x.2019.v10.n2.1671,,10.21675/2357-707x.2019.v10.n2.1671,2968319096,,0,,19,true,cc-by,hybrid
032-574-861-223-016,Itinerários da institucionalização da educação especial no estado do Pará: perspectivas a partir da história social,,,dissertation,,,"Universidade de Sao Paulo, Agencia USP de Gestao da Informacao Academica (AGUIA)",,Roseane Rabelo Souza Farias,"Autorizo a reprodução e divulgação total ou parcial deste trabalho, por qualquer meio convencional ou eletrônico, para fins de estudo e pesquisa, desde que citada a fonte. Catalogação da Publicação Ficha elaborada pelo Sistema de Geração Automática a partir de dados fornecidos pelo(a) autor(a) Bibliotecária da FE/USP: Nicolly Soares Leite -CRB-8/8204 1. História Social. 2. Escolarização. 3. Pessoas com deficiência. 4. Educação no Pará. I. , Shirley Silva, orient. II. Título. VERSÃO CORRIGIDA Farias, Roseane Rabelo Souza Itinerários da institucionalização da Educação Especial no Estado do Pará: Perspectivas a partir da história social / Roseane Rabelo Souza Farias;",,,,,,Social History; Schooling; People with disabilities; Education of Pará,,,,https://www.teses.usp.br/teses/disponiveis/48/48134/tde-04122019-150504/publico/ROSEANE_RABELO_SOUZA_FARIAS.pdf https://www.teses.usp.br/teses/disponiveis/48/48134/tde-04122019-150504/pt-br.php,http://dx.doi.org/10.11606/t.48.2020.tde-04122019-150504,,10.11606/t.48.2020.tde-04122019-150504,3210331066,,0,,0,true,cc-by-nc-sa,gold
033-358-109-051-172,Aportes a la comprensión de la doble excepcionalidad: Alta capacidad con trastorno por déficit de atención y alta capacidad con trastorno del espectro autista,2018-06-28,2018,journal article,Revista Educación,22152644; 03797082,Universidad de Costa Rica,,María Leonor Conejeros-Solar; María Paz Gómez-Arizaga; Katia Sandoval-Rodríguez; Pablo Cáceres-Serrano,"In the 80`s a new concept emerges in education -Twice Exceptionality- that refers to a paradox between a high ability and difficulty that impacts the development and learning of children and youngsters.This article presents a review of the main theoretical contributions in this field. The goal of this article is to contribute to the understanding of this subject, which has not been addressed in the Latin American context in the way  professionals linked to the educational field can consider and incorporate it to their pedagogical practices. A systematic search was conducted in several electronic databases and specialized journals in the field of giftedness, identifying cognitive and socio-affective variables based on the dual conditions of high ability with attention deficit disorder and high ability with autistic spectrum disorder. In addition, aspects related to the identification and educational supports were incorporated. The main research findings are related to the complexities for understanding both dual conditions, as well as the need for comprehensive identification and intervention processes that can recognize the unique characteristics for each condition. The main challenges are commented and discussed for identification and intervention purposes. The aspects that require further research are considered to make progress in the study of this subject. It is the responsibility of the education professionals to make visible and address the needs of this group of students who live with personal and social incomprehension in educational environments that do not recognize them and their characteristics.",42,2,645,676,Psychology; Cognition; Pedagogy; Subject (philosophy); Context (language use); Intervention (counseling); Field (Bourdieu); High ability; Identification (information); DUAL (cognitive architecture),Estudiante excepcional; atención; autismo; identificación; estrategias educativas Gied students; Attention; Autism; Identification; Educational strategies,,,,https://dialnet.unirioja.es/servlet/articulo?codigo=6840724 https://www.scielo.sa.cr/scielo.php?script=sci_abstract&pid=S2215-26442018000200032&lng=en https://revistaclinicahsjd.ucr.ac.cr/index.php/educacion/article/view/25430 https://revistaclinicahsjd.ucr.ac.cr/index.php/educacion/article/download/25430/pdf https://revista-ciencia-tecnologia.ucr.ac.cr/index.php/educacion/article/download/25430/pdf https://www.mendeley.com/catalogue/4f7fafff-9be7-3b40-b2dd-81026a12fd34/ https://revista-ciencia-tecnologia.ucr.ac.cr/index.php/educacion/article/view/25430 https://www.redalyc.org/journal/440/44055139016/ https://paperity.org/p/207385090/contributions-to-the-understanding-of-twice-exceptionality-high-ability-with-attention,http://dx.doi.org/10.15517/revedu.v42i2.25430,,10.15517/revedu.v42i2.25430,2884492359,,0,001-965-081-360-435; 005-429-329-287-398; 008-223-552-509-577; 017-615-304-126-373; 018-251-755-542-562; 019-283-577-306-171; 019-917-609-876-235; 021-636-026-252-878; 026-370-037-556-304; 027-179-915-897-542; 033-981-433-364-650; 042-589-389-950-555; 046-973-343-240-269; 048-946-502-685-441; 050-429-972-392-914; 051-764-505-637-673; 057-460-581-451-243; 061-600-840-254-524; 063-588-040-397-715; 068-865-428-808-888; 069-288-644-419-827; 070-906-556-689-131; 071-762-338-517-143; 074-058-351-929-345; 080-352-652-674-723; 082-998-723-992-530; 084-061-789-002-464; 087-932-622-092-461; 089-161-429-036-732; 093-681-549-546-079; 095-741-389-647-982; 101-308-472-367-437; 103-456-049-504-825; 116-504-798-510-304; 124-723-215-797-463; 124-757-155-040-869; 125-165-952-558-107; 126-154-035-569-880; 127-363-144-317-815; 132-469-808-974-719; 136-450-571-642-868; 137-565-613-346-01X; 137-805-169-021-074; 143-598-780-603-130; 146-755-341-147-431; 155-266-321-134-085; 155-728-066-636-152; 156-854-754-298-322; 160-211-280-274-681; 169-109-856-536-741; 171-406-177-541-55X; 179-135-761-935-119; 183-706-094-494-954; 188-358-557-346-223,7,true,cc-by-nc-nd,gold
033-823-459-516-858,Inclusión en Alemania: una visión comparada de los estados federales «LÄNDER»,,2018,conference proceedings article,Educación e Inclusión: Aportes y perspectivas de la Educación Comparada para la Equidad,,Universidad de La Laguna. Servicio de Publicaciones,,Magda Riusech,"espanol?Como ve y define Alemania el concepto de inclusion? Este concepto se basa en dos principios fundamentales, por un lado, los valores humanos y por otro, el reconocimiento de la Diversidad en la educacion. Este cambio de vision de pasar de la heterogeneidad a la diversidad conlleva una transformacion en la manera de afrontar este concepto. Ya no se ve a la persona con discapacidad o con diferencias importantes como grupo sino como individuo. Este cambio de vision requiere tambien un cambio en la estructura educativa. Me permito hacer una breve resena historica, que considero fundamental para comprender la evolucion hasta la situacion actual de este concepto. En Alemania, historicamente las diferencias por discapacidad o por dificultades educativas han significado no solo exclusion sino tambien separacion en escuelas especiales, asi pues, el tandem exclusion y separacion han ido de la mano. La conferencia de la Unesco en Salamanca sobre el tema «Pedagogia para las necesidades: acceso y calidad» significo el hito para poner en practica el sistema educativo inclusivo. El siguiente paso decisivo tuvo lugar en 2006 «la convencion de las Naciones Unidas sobre los derechos humanos de las personas con discapacidad y su inclusion en el sistema educativo» principalmente en su articulo 24. Es en 2010 cuando la «Kultusministerkonferenz» (KMK) basandose en la convencion de las Naciones Unidas publica un acuerdo sobre los aspectos pedagogicos y legales para la implementacion de los derechos de las personas con discapacidad. Un ano mas tarde ve la luz un acuerdo tambien de la KMK sobre la educacion inclusiva en las escuelas de los ninos y jovenes con discapacidad. En la Republica Federal Alemana son los Estados Federales «Lander» los que tienen competencia en materia de educacion. A partir de este momento cada Land establece su propia ley, a veces mas avanzada y con implementacion mas rapida y otras veces, al contrario. Llegados a este punto presentare un estudio comparativo de las leyes y de los avances mas o menos rapidos en este campo de cada uno de los estados federales. La brevedad de extension de este resumen no me permite entrar en mas detalles, ya que si lo hiciera podria caer en el riesgo de sesgar algunos datos por falta de espacio. Como ejemplo anado un mapa del pais con los datos de 2017 y publicado por la Agencia Federal de Estadistica. Partiendo de este estudio comparativo pretendo llegar a unas conclusiones sobre la situacion actual de la inclusion en los distintos Estados Federales de Alemania. EnglishHow does Germany see and define the concept of inclusion? This concept is based on two fundamental principles: on the one hand, human values; on the other, the recognition of Diversity in education. This change of vision of moving from heterogeneity to diversity entails a transformation in the way this concept is approached. The person with disabilities or with important differences is no longer seen as a group, but as an individual. This change of vision also requires a change in the educational structure. I allow myself to make a brief historical review, which I consider fundamental to understand the evolution to the current situation of this concept. In Germany, differences due to disability or educational difficulties have historically meant not only exclusion but also separation in special schools, thus the tandem exclusion and separation have gone hand in hand. The Unesco conference in Salamanca on the theme “Pedagogy for needs: access and quality” was the milestone to put the inclusive education system into practice. The next decisive step took place in 2006 with “the United Nations convention on the human rights of persons with disabilities and their inclusion in the education system”, mainly in its article 24. It is in 2010 when the “Kultusministerkonferenz” (KMK), based on the United Nations Convention, publishes an agreement on the pedagogical and legal aspects for the implementation of the rights of persons with disabilities. A year later, an agreement was also reached by the KMK on inclusive education in schools for children and young people with disabilities. In the Federal Republic of Germany, the Federal States “Lander” are those who have competence in the field of education. From this moment, each Land establishes its own law, sometimes more advanced and with faster implementation and, other times, the contrary. At this point I will present a comparative study of the laws and the more or less rapid advances in this field of each of the federal states. The brief length of this summary does not allow me to go into more details, because if I did, I could fall into the risk of skewing some data due to lack of space. As an example, I add a map of the country with the data of 2017, published by the Federal Statistics Agency. Based on this comparative study, I intend to reach conclusions about the current situation of inclusion in the different Federal States of Germany.",,,105,122,Humanities; Political science; Human values; Federal republic of germany; Persona,,,,,https://dialnet.unirioja.es/servlet/articulo?codigo=7768500 https://riull.ull.es/xmlui/handle/915/11396,http://dx.doi.org/10.25145/c.educomp.2018.16.014,,10.25145/c.educomp.2018.16.014,2900723749,,0,,0,true,cc-by-nc-nd,green
034-299-170-938-687,,2016-06-20,2016,journal issue,Bordón. Revista de Pedagogía,02105934; 23406577,Sociedad Espanola de Pedagogia,Spain,,"Redacción y suscripciones Toda la correspondencia general sobre la revista, y especialmente la referida a las relaciones de los colaboradores, suscripciones y distribución, deberá dirigirse a:",68,3,,,Computer science,Cyan; Proyectos Editoriales; S.A Arendt; Arnold; Badiou; Boas; Comenio; Confucio; Darwin; Eisner; Faulkner; Foucault; Freire; Freud; Froebel; Gadamer; Habermas; Hayek; Hegel; Heidegger; Horkheimer; Hutching; Jung; Kierkegaard; Lacan; Lipman; Mao; Marcuse; Mead; Merleau Ponty; Montessori; Nussbaum; Oakeshott; Ortega y Gasset; Pestalozzi; Piaget; Pierce; Popper; Ricoeur; Rorty; Rousseau; Russell; Santayana; Schiller; Thorndike; Tyler; Vives; Weber; Whitehead; Wittgenstein; etc Dewey; Cassirer; Education; Nature; Culture; Comparative studies Teacher education; Level of education; Training need; Differentiation; Differentiated teaching; Individual characteristics Pedagogy; Philosophy of education; Theory of education; Social pedagogy; Education; Culture,,,,,http://dx.doi.org/10.13042/bordon.2016.03.51006,,10.13042/bordon.2016.03.51006,,,0,,0,true,,bronze
034-500-577-516-162,Evaluación de alumnos de altas capacidades intelectuales con o sin característics de TEA: una exploración entre diagnosticadores de dIversas organizaciones psicoeducativas,,2015,journal article,Electronic Journal of Research in Educational Psychology,,,,Agnes E.J. Burger-Veltmeijer; Alexander Minnaert; Els J. van den Bosch,"espanolRecientemente Burger-Veltmeyer, Minnaert y Van der Bosch (2014) han desarrollado un marco conceptual denominado Heuristico de Fuerzas y Debilidades (Heuristico S&W) para poder facilitar la sistematizacion y la coherencia en la investigacion asi como en la practica psico-educativa, refiriendose a pruebas de evaluacion en estudiantes con Dotes de superdotacion intelectual (I.G.) y con (sospecha de) Espectro de Trastorno Autista. En este aporte evaluaron si las pruebas de evaluacion en la practica psico-educativa resultaron consistentes con los principios teoricos del Heuristico S&W. Los resultados mostraron la posibilidad de perdidas de senales de ASD caracteristicas en estudiantes IG asi como una tendencia de que gran parte de las pruebas de evaluacion en estudiantes IG con (o sin) caracteristicas de ASD no se calificara de una manera sistematica, dimensional y basada en necesidades acorde con los principios basicos del Heuristico S&W. Estas comprobaciones sugieren la necesidad de optimizacion de la ruta de pruebas de evaluacion en la practica psico-educativa o la necesidad de optimizacion del Heuristico S&W en si mismo. EnglishRecently, Burger-Veltmeijer, Minnaert & Van den Bosch (2014) constructed a conceptual framework, called the Strengths and Weaknesses Heuristic (S&W Heuristic) which might provide systematicity and coherence in research as well as psycho-educational praxis, regarding assessments of Intellectually Gifted (IG) students with (suspicion of) Autism Spectrum Disorders (ASD). In this contribution it was evaluated whether assessments in psycho-educational practice were consistent with the theoretical principles of the S&W Heuristic. The results indicated the possibility of missed signals of ASD-characteristics among IG-students as well as a trend that a rather large number of the assessments of IG students with(out) characteristics of ASD might not be arranged in a systematic dimensional needs-based way, according to the basic principles of the S&W Heuristic. These findings suggest either the necessity of optimisation of assessments trajectories in psycho-educational practice, or the necessity of optimisation of the S&W Heuristic itself.",13,35,5,26,Humanities; Psychology; Ruta,,,,,https://dialnet.unirioja.es/servlet/articulo?codigo=5068872 http://www.investigacion-psicopedagogica.com/revista/articulos/35/espannol/Art_35_967.pdf http://sid.usal.es/idocs/F8/ART21540/Evaluacion_alumnos_altas_capacidades_intelectuales.pdf https://sid.usal.es/idocs/F8/ART21540/Evaluacion_alumnos_altas_capacidades_intelectuales.pdf,https://dialnet.unirioja.es/servlet/articulo?codigo=5068872,,,2992400742,,0,010-194-093-145-445; 010-398-485-485-865; 024-511-288-197-581; 033-981-433-364-650; 045-468-130-942-263; 057-460-581-451-243; 061-600-840-254-524; 065-999-240-435-906; 074-058-351-929-345; 075-257-236-187-540; 084-061-789-002-464; 085-745-146-103-898; 130-334-083-467-240; 140-109-483-169-72X; 183-314-634-793-89X; 188-681-168-352-419; 197-411-981-869-257,0,false,,
034-567-760-106-002,ENSINO REMOTO/HÍBRIDO: DESAFIOS E POSSIBILIDADES - PRODUÇÃO DE CONTEÚDOS PARA APRENDIZAGEM DE EPIDEMIOLOGIA ANALÍTICA,,2021,book chapter,ENSINO REMOTO/HÍBRIDO: DESAFIOS E POSSIBILIDADES,,Arco Editores,,N. N. S. Santos; R. F. Flauzino,"Nota de Agradecimento Aos técnicos educacionais, meus colegas de trabalho e chefias do Instituto Estadual de Ciência e Tecnologia do Maranhão (IEMA) que me acolheram no contexto da educação integral e do planejamento educacional ofertando apoio e admiração pela minha trajetória acadêmica, valorizando a formação como pilar essencial à profissionalização docente. Às equipes escolares e estudantes do IEMA que com suas práticas exitosas, enriquecem minha formação continuamente.",,,39,48,,,,,,http://dx.doi.org/10.48209/978-65-89949-15-4,http://dx.doi.org/10.48209/978-65-89949-15-4,,10.48209/978-65-89949-15-4,3200804198,,0,,0,true,,bronze
035-236-002-331-155,Resumos do VII Simpósio Iberoamericano de Plantas Medicinais (VII SIPM) e do II Simpósio Iberoamericano de Investigação em Câncer (II SIIC),2015-05-31,2015,journal article,Infarma - Ciências Farmacêuticas,23189312; 01040219,Conselho Federal de Farmacia,,Simone Andrade Gualberto; Rosilene Aparecida de Oliveira; Andréa Gomes da Silva; Valdir Cechinel Filho,"Intercambiar experiencias academico-cientificas que possibilitarao solidificar estrategias de pesquisa e desenvolvimento, alem de estabelecer formas de cooperacao interinstitucionais envolvidas com programas e/ou projetos com a biodiversidade, valorizando-se a multidisciplinaridade, a integracao com o sistema produtivo e com as politicas publicas de saude.",27,,1,313,,Genotoxicidade; expressão gênica; atividade antiproliferativa; Goniotalamina screening micobiologico; turbólise; Caesalpinia pyramidalis Wissadula periplocifolia  cytotoxic activity  antibacterial activity  streptococcus  dental biofilm Financial support: CNPq  CAPES  FINEPE Antidepressant  Colletia paradoxa  Triterpenoid  monoaminergic system Antidepressant-like activity   Colletia paradoxa and Antidepressant-like activity  Lupinus lanatus and CAPES  CNPQ and URI-FW Zornia brasiliensis  Essential oil  Fabaceae  Cytotoxicity CAPES  CNPq  FAPESB and FAPITEC/SE medicinal plant  genotoxicity  antigenotoxicity FAPERJ  CNPq  CAPES Atividade antiproliferativa  Cancêr  Rubus rosaefolius CAPES  CNPq  FAPESC  Art. 171  ProPPEC-UNIVALI Ensaios biológicos; Produtos naturais; Extratos vegetais; Staphylococcus aureus Commiphora leptophloeos  Physalis angulata  extrato priprioca  planta medicinal  atividade anti-câncer priprioca  planta medicinal  atividade anti-câncer Remirea maritima; Atividade antitumoral; Apoptose; Atividade imunoestimulante; Sarcoma 180; Toxicidade Autophagy; palladacycle; anticancer activity atividade enzimática; acetilcolinesterase plantas medicinais; antimicrobiano; antioxidante Aspidosperma nitidum  citotoxicidade  células tumorais Palavras-chave: ɑ-amilase; lipase pancreática; plantas do semiárido; diabetes; obesidade Myracrodruon urundeuva; Citotoxicidade; Fotoproteção CAPES  CNPq Plantas medicinais; etnofarmacologia; atividade antimicrobiana; toxicidade; Artemia salina Justicia pectoralis; etnobotânica; plantas medicinais Caatinga  Fotoproteção  Fator de Proteção Solar (FPS) Plantas Condimentares; antibacterianos naturais; óleos essenciais Amburana cearensis  Antimicrobiano  Extrato etanólico Nocicepção  dor  fitofármacos Plantas medicinais  Chenopodium ambrosioides L.  SMART Citotoxicidade; Células tumorais; Semiárido brasileiro Serjania caracasana; antispasmodic effects; n-hexane and n-buthanol; rat ileum GC-MS  Germacrene B  Lung carcinoma  Medicinal Plants  Sesquiterpenes Antitumor; Casearia sylvestris; Hollow fiber assay Fitoquímica; Extratos; Atividade antioxidante Protium spruceanum  quercitrina  fitoquímica Poincianella pyramidalis  Fabaceae  álcool graxo  triterpenos Plantas Medicinais; Farmácias Vivas; Ensino Caatinga  Inseticidas botânicos  Dengue,,,,http://revistas.cff.org.br/?journal=infarma&page=article&op=download&path%5B%5D=1087&path%5B%5D=850 http://revistas.cff.org.br/?journal=infarma&page=article&op=view&path%5B%5D=1087,http://dx.doi.org/10.14450/2318-9312.v27.esup1.a2015.pp1-313,,10.14450/2318-9312.v27.esup1.a2015.pp1-313,1866686692,,0,,1,true,cc-by-nc-nd,gold
035-292-970-221-849,Empatía y perspectiva histórica. Un estudio con profesores de Educación Primaria en formación,,,dissertation,,,Universidad de Valladolid,,Carril Merino; María Teresa,"La empatia historica como capacidad para adoptar otra perspectiva temporal es una de las habilidades fundamentales del pensamiento historico. Conocer el papel que juegan los aspectos afectivos o emocionales implicados, o no, en ella es un tema controvertido que merece ser investigado. Partiendo de esta cuestion, nuestro estudio pretende, como proposito general, poner en relacion la acepcion psicologica de la empatia con la acepcion historica del constructo. En ambas ciencias, la doble dimension cognitiva y afectiva es objeto de estudio desde hace decadas, asumida por el mundo de la Psicologia, y en constante debate desde el punto de vista de la educacion historica. Pero apenas se ha explorado la relacion entre ambas, dando respuesta al interrogante ?puede el potencial cognitivo y afectivo de la empatia psicologica favorecer la comprension del pasado? Partiendo de esta conjetura, consideramos que la empatia en el sentido psicologico es una capacidad poco atendida en el ambito educativo pero imprescindible para la comprension del pasado historico. En atencion a lo cual, queremos revelar con un analisis de diagnostico inicial si su enorme potencial para favorecer el desarrollo de competencias propias de pensamiento historico y para llevar a cabo iniciativas de comprension empatica esta presente en el futuro ensenante de Historia en la educacion obligatoria. Por otro lado, desde el diseno e implementacion de practicas de investigacion focalizadas en el desarrollo de estrategias didacticas para la adopcion de otra perspectiva y la mejora del pensamiento historico, proponemos el estudio y analisis de las capacidades afectivo-cognitivas del futuro profesor y en consecuencia del desarrollo de competencias historicas. En tercera instancia y, para corroborar nuestra conjetura de partida, se procede a realizar correlaciones estadisticas de las capacidades empaticas de la muestra en el marco de las dos disciplinas de nuestra investigacion. De esta manera, Psicologia y educacion historica confluyen en el analisis aportando conocimiento sobre la interiorizacion que hacen los futuros docentes de situaciones personales e historicas del pasado en funcion de sus caracteristicas empaticas.; Para el analisis de diagnostico los metodos que se aplicaran en una muestra de 1137 estudiantes de Educacion Primeria de diversas universidades de nuestro pais seran cuantitativos con la utilizacion de un cuestionario que mide la empatia desde una perspectiva multidimensional, de ahi que permita valorar tanto el aspecto cognitivo como la reaccion emocional de la persona al adoptar una actitud empatica. Y la sistematizacion de los datos recogidos en el estudio de caso mediante el analisis cualitativo de las actividades con caracter historico, en 164 futuros profesores de la universidad de Valladolid, se triangulara con los items cognitivos y afectivos integrantes del cuestionario de empatia, que la muestra aporta tras su aplicacion.; De los resultados de este estudio, por un lado, parece deducirse que las puntuaciones en la empatia cognitiva son significativamente mas altas que en la medida afectiva; y que las mujeres obtienen un valor mas elevado que los hombres en las dos dimensiones. Por otro lado, los analisis de la capacidad para adoptar perspectiva historica revelan que, en el caso de que la emocionalidad este implicada en la comprension de los procesos historicos, los resultados no son tan buenos como los que cabria esperar, obteniendo mejor perspectiva historica cuando se trabaja el contexto a traves del analisis de fuentes historicas donde la afectividad no esta apenas implicada. Por ultimo, el analisis correlacional no arroja asociacion significativa entre las dos variables de estudio, de manera que revela una disonancia entre lo psicologico y lo historico-educativo que abre algunos interrogantes acerca de la relacion en ambos campos.",,,1,,,History education; Psychology; Emphaty; Historical empathy; Teacher training,,,,https://dialnet.unirioja.es/servlet/tesis?codigo=296044 https://uvadoc.uva.es/handle/10324/40601 https://uvadoc.uva.es/bitstream/10324/40601/1/Tesis1699-200310.pdf https://core.ac.uk/download/288887060.pdf,http://dx.doi.org/10.35376/10324/40601,,10.35376/10324/40601,3010740446,,0,,0,true,cc-by-nc-nd,hybrid
035-605-123-138-176,La invisibilidad de la diferencia: desafíos de la educación en estudiantes con necesidades educativas no evidentes,2026-03-14,2026,journal article,LATAM Revista Latinoamericana de Ciencias Sociales y Humanidades,27893855,Red de Investigadores Latinoamericanos,,Fernando Cubides Vargas,"<jats:p>El artículo analiza la invisibilidad de las necesidades educativas especiales no evidentes y cómo esta situación genera formas silenciosas de exclusión dentro del sistema escolar colombiano, pese a los avances normativos en materia de inclusión; el objetivo general es examinar la brecha entre el discurso oficial y la práctica educativa, especialmente en relación con estudiantes cuyas necesidades no se manifiestan de forma física o evidente, como en casos de TDAH, dislexia, autismo leve o altas capacidades, que suelen quedar sin identificación ni ajustes razonables. Desde una perspectiva sociocrítica, se desarrolla un análisis conceptual de la inclusión entendida no solo como permanencia en el aula, sino como transformación de la cultura escolar para reconocer la diversidad como un recurso y garantizar justicia y equidad mediante la redistribución de oportunidades y el cuestionamiento de prácticas normalizadoras. Los principales hallazgos evidencian diagnósticos tardíos, prejuicios docentes y familiares, escaso seguimiento institucional y deficiente formación del profesorado, factores que incrementan el riesgo de bajo rendimiento, aislamiento, deserción y vulneración de derechos, mostrando que, aunque existen avances normativos, la implementación es desigual y persiste una exclusión encubierta. Finalmente, se proponen estrategias como la identificación temprana a través de sistemas de alerta pedagógica, el fortalecimiento del PIAR, la formación docente especializada y la participación activa de la familia y la comunidad, concluyendo que la inclusión real exige transformaciones profundas en las prácticas pedagógicas más allá de la normatividad vigente.</jats:p>",7,1,,,Humanities; Sociology; Philosophy; Political science; Psychology; Reciprocity (cultural anthropology); Ethnography; Work (physics); Normative; Participant observation,,,,,https://revistalatam.redilat.org/index.php/lt/article/download/5511/10268 https://doi.org/10.56712/latam.v7i1.5511,http://dx.doi.org/10.56712/latam.v7i1.5511,,10.56712/latam.v7i1.5511,,,0,,0,true,cc-by,hybrid
035-622-310-556-837,"La educación de los sujetos con discapacidad en Colombia: abordajes históricos, teóricos e investigativos en el contexto mundial y latinoamericano",2020-01-01,2020,journal article,Revista Colombiana de Educación,23230134; 01203916,Universidad Pedagogica Nacional,,Libia Vélez-Latorre; Dora Manjarrés-Carrizalez,"espanolEste articulo de revision presenta la busqueda y reflexion de los referentes teoricos y el estado de la investigacion a la luz de tres procesos que historicamente han visibilizado a los sujetos con discapacidad en el campo de la educacion en Colombia: 1) educacion especial 2) integracion escolar y 3) educacion inclusiva. Cada uno, a partir de concepciones dominantes de sujeto, ha derivado en distintas apuestas educativas. El periodo determinado para la revision abarco los anos 1984 al 2018. Los resultados de la busqueda permiten presentar los hallazgos de cada uno de estos periodos describiendo las caracteristicas sobre el contexto, la concepcion del sujeto, la responsabilidad de los actores y el analisis en relacion con el contexto mundial, latinoamericano y colombiano. EnglishThis review article presents the search and reflection of the theoretical referents and the state of research that was guided three processes that historically have made visible the subjects with disabilities in the field of education in Colombia: 1) special education 2) school integration and 3) inclusive education. Each one, based on dominant conceptions of the person, has derived in different educational bets. The period determined for the review covered the years 1984 to 2018. The results of the search allow us to present the findings of each of these periods describing the characteristics of the context, the conception of the person, the responsibility of the actors and the analysis in relation with the global context, Latin American and Colombian. portuguesEste artigo de revisao apresenta a busca e reflexao de referentes teoricos e o estado da pesquisa a luz de tres processos que historicamente tornaram visiveis os sujeitos com deficiencia no campo da educacao na Colombia: 1) educacao especial 2) integracao escola e 3) educacao inclusiva. Cada um, baseado em concepcoes dominantes do sujeito, derivou em diferentes apostas educacionais. O periodo determinado para a revisao abrangeu os anos de 1984 a 2018. Os resultados da busca nos permitiram apresentar os achados de cada um desses periodos descrevendo as caracteristicas do contexto, a concepcao do sujeito, a responsabilidade dos atores e a analise em relacao aos mesmos. com o contexto global, latino-americano e colombiano.",1,78,253,298,,disability identification; special education; inclusion País,,,,http://www.scielo.org.co/scielo.php?script=sci_arttext&pid=S0120-39162020000100253 http://www.scielo.org.co/pdf/rcde/n78/0120-3916-rcde-78-253.pdf https://dialnet.unirioja.es/servlet/articulo?codigo=7285488 https://core.ac.uk/download/pdf/276535636.pdf,http://dx.doi.org/10.17227/rce.num78-9902,,10.17227/rce.num78-9902,3014119497,,0,004-182-451-553-137; 006-747-380-439-115; 019-958-520-045-532; 020-882-909-181-206; 025-720-834-072-194; 028-621-271-234-844; 033-683-602-644-640; 034-840-108-036-626; 035-413-427-896-447; 043-869-517-690-456; 045-847-117-426-731; 052-357-511-018-180; 058-030-723-370-657; 066-558-974-742-705; 072-394-664-497-205; 075-030-777-013-563; 076-038-750-806-865; 078-426-242-543-023; 080-557-003-984-464; 083-794-415-550-855; 085-277-933-938-582; 087-514-153-103-17X; 090-440-064-929-841; 095-092-908-238-471; 102-275-164-586-548; 113-805-122-435-957; 130-039-347-432-876; 156-970-083-828-465; 157-307-466-721-492; 174-800-546-395-573; 186-954-325-671-447,19,true,cc-by-nc,gold
035-705-122-764-544,"Dossié: Inclusión y diversidad, exclusión, formación de profesores",2017-11-01,2017,journal article,Revista on line de Política e Gestão Educacional,15199029,Revista Eletronica Politica e Gestao Educacional,,Osmar Hélio Alves Araújo; Janine Marta Coelho Rodrigues; Wilson Honorato Aragão,"PRESENTACIÓN El objetivo de esta Edición Especial es contribuir para la reflexión en esos campos permeados de controversias, desafíos y perspectivas. Puesto que, en épocas de discurso sobre la Inclusión y Exclusión, Diversidad, Formación de los profesores, entre otros temas, se conviene hacer análisis y críticas que promuevan una Política Nacional de Educación en una perspectiva inclusiva, de mismo modo que nuevas miradas y reflexiones sobre la formación y valoración profesional del profesor por la importancia que asumen en la formación y en el éxito de los resultados del aprendizaje de los estudiantes. En general, como explica Candau (2016), y nosotros estamos de acuerdo, el término diferencia, según los testimonios de los profesores, es relacionado a menudo a un problema a que se solucione, a la deficiencia, al déficit cultural y a la desigualdad.",21,esp.2,920,926,,,,,,https://core.ac.uk/display/145069886 http://seer.fclar.unesp.br/rpge/article/view/10605/6874 https://periodicos.fclar.unesp.br/rpge/article/download/10605/6874 http://seer.fclar.unesp.br/rpge/article/view/10605 https://periodicos.fclar.unesp.br/rpge/article/view/10605,http://dx.doi.org/10.22633/rpge.v21.n.esp2.2017.apr.esp,,10.22633/rpge.v21.n.esp2.2017.apr.esp,2779926635,,0,,0,true,cc-by-nc-sa,gold
035-743-080-183-369,"Remoción de sustancias disruptoras endocrinas ""levonorgestrel"" en fuentes hídricas",2016-12-21,2016,journal article,Revista Logos Ciencia & Tecnología,24224200; 2145549x,Policia Nacional de Colombia,,Angie Rocío Cifuentes Cetina; Joahan Katherine Avila Viatela; Juan Pablo Rodríguez Miranda,"The overall sustainability of water depends in part on its effective re-use, particularly of wastewater, which is essential for irrigation and an increase in the supply of drinking water. However, there is concern about trace concentrations of pharmaceutical products and EDCs in wastewater because the effects of natural or anthropogenic driven processes, such as seasonal natural flow or climatic variability / prolonged drought, are factors that can drastically alter the concentrations of these compounds. For this work a review of the emerging pollutants that are present in the water sources specifically the endocrine disrupting compounds was performed, since the impact of these progestins, such as levonorgestrel (LNG), can negatively affect the reproduction and growth of organisms. The interest of this research topic is to propose a strategy that allows the treatment and control of LNG in the wastewater, from the compliance of the normativity and the use of different technologies of removal or conversion of these contaminants because it is necessary to obtain accurate information on the disposal of these pollutants, their natural attenuation in the environment, the impact of the discharge of waste water into bodies of surface water or groundwater.",8,1,183,197,Contamination; Geography; Water source; Sustainability; Groundwater; Pollutant; Surface water; Environmental engineering; Irrigation; Wastewater,contaminantes emergentes; disruptores endocrinos; gestión ambiental emerging contaminants; endocrine disruptors; environmental management,,,,https://dialnet.unirioja.es/servlet/articulo?codigo=6468285 https://expeditiorepositorio.utadeo.edu.co/handle/20.500.12010/9342 https://www.redalyc.org/journal/5177/517752176017/517752176017.pdf https://www.redalyc.org/journal/5177/517752176017/html/ https://revistalogos.policia.edu.co:8443/index.php/rlct/article/view/305 https://revistalogos.policia.edu.co/index.php/rlct/article/view/305/pdf,http://dx.doi.org/10.22335/rlct.v8i1.305,,10.22335/rlct.v8i1.305,2561741275,,0,004-851-388-261-97X; 005-216-084-067-354; 005-678-122-289-22X; 008-117-082-067-882; 008-693-320-540-299; 008-990-052-593-693; 009-493-237-832-67X; 012-200-116-966-950; 012-478-325-039-914; 012-742-034-817-157; 016-197-901-618-792; 018-027-891-768-180; 018-660-628-525-847; 018-842-902-795-143; 020-877-079-247-774; 021-742-833-774-495; 022-289-960-773-093; 022-946-694-481-887; 023-066-096-788-847; 026-845-685-577-10X; 028-517-000-673-490; 029-255-458-732-922; 037-291-729-565-061; 040-092-679-637-077; 040-194-479-928-993; 040-515-023-514-201; 040-747-493-555-545; 044-213-986-249-975; 047-075-815-449-020; 048-777-534-006-381; 052-073-705-686-115; 053-051-913-307-174; 053-394-393-957-062; 054-742-709-178-888; 055-865-015-407-419; 058-190-883-506-229; 060-007-336-011-255; 063-452-868-077-137; 067-827-459-747-674; 068-686-974-249-805; 073-504-889-902-727; 076-190-880-995-840; 079-345-429-287-711; 081-900-810-540-941; 083-872-487-261-762; 084-274-046-431-494; 084-892-741-192-075; 088-463-168-704-313; 089-323-728-808-703; 089-789-999-286-286; 090-582-889-361-414; 094-516-296-190-015; 109-811-327-706-788; 110-532-836-408-758; 114-955-132-554-36X; 118-157-827-646-77X; 119-711-833-514-134; 128-617-228-217-41X; 143-379-985-460-807; 164-916-782-507-786; 173-569-917-423-030,1,true,cc-by,gold
035-980-680-993-276,La Entrepreneurial University y el constructo de Arquitectura Organizativa Emprendedora: las bases del emprendimiento universitario en la Universidad Española como componente de la tercera misión,,,dissertation,,,Universitat Politecnica de Valencia,,Ignacio Messana Salinas,"[EN] Entrepreneurship from the university is a system very frequently observed in the international environment, to commercialize the research and to contribute to the society and to the growth in general. This thesis researches the capacities of a university to promote said entrepreneurship, as part of the third mission, focusing on the Architectural Entrepreneurship Organization (AOE) of some universities. Our goal is to see the influence of that entrepreneurship architecture in the birth of new companies within the university. We define AOE as the structure or organization context of the University that, as part of the third mission, is focused in promoting the entrepreneurship within the students, completing thus the transfer of knowledge task existing from the academicians in their spin-offs (to commercialize licenses, patents or other intellectual property registered). This thesis centers in the study of the entrepreneurship phenomenon, dealing with the promoting of the creation of new companies from faculty and/or students that are part of the University, in the (physical) context of the University, in a broad meaning. We use a bibliographic methodology on references about entrepreneurship, university spin-offs and third mission; and a qualitative approach interviewing 54 persons from 9 different universities, 1 from the United States and 8 from Spain, including the 5 public Valencian universities to produce a qualitative research using the case study method (complemented with secondary sources). It is interesting to think that the entrepreneurial university, in Audretsch (2014) meaning must generate and create entrepreneurship attitudes, accumulating entrepreneur capital and, as a consequence, change mentalities related to entrepreneurship, mainly amongst students (considering this factor even in mid and high school teaching). Integrating entrepreneurial attitudes, by including entrepreneurship topics (patents and company projects, etc.) in the curriculum of the studies of the students and in the DNA of the course descriptions, should be the first priority within an AOE. [ES] El emprendimiento desde la universidad es una forma cada vez mas observada en el plano internacional, para comercializar la investigacion y contribuir a la sociedad y al crecimiento. Esta tesis ha investigado las capacidades de la universidad para fomentar dicho emprendimiento, dentro de la llamada tercera mision, centrandose en la arquitectura organizativa emprendedora (AOE) de diversas universidades. Nuestro objetivo es ver como influye dicha arquitectura emprendedora en la creacion de nuevas empresas desde la propia universidad. Definimos la AOE como la estructura o contexto organizativo de la Universidad que, dentro de la tercera mision, esta enfocada a promover el emprendimiento en los alumnos, completando asi el papel de la transferencia por parte de los academicos en sus spinoffs (para explotar licencias, patentes u otro conocimiento no registrado). La presente tesis se centra en el estudio del fenomeno de emprendimiento, tratando en este caso el fomento a la creacion de empresas nuevas por parte de profesores y/o alumnos vinculados a la Universidad, en el ambito y contexto (fisico) de la Universidad, de una manera amplia. Utilizamos metodologia bibliometrica sobre referencias en el campo del emprendimiento, spin-off universitarias y tercera mision; y cualitativa entrevistando a un total de 54 personas de 9 universidades diferentes, 1 estadounidense y 8 espanolas, incluyendo las 5 universidades publicas valencianas para realizar un estudio cualitativo sobre el metodo del caso (complementado con fuentes secundarias). Resulta relevante el plantearnos que la entrepreneurial university (Universidad Emprendedora) en el sentido de Audretsch (2014) debe generar y crear actitudes de emprendimiento, acumular capital emprendedor y, en consecuencia, cambiar mentalidades en lo que respecta al emprendimiento, sobre todo en los estudiantes (considerando dicho factor incluso en ensenanzas secundarias). El integrar actitudes emprendedoras, el introducir el emprendimiento y sus temas (generaciones de patentes, proyectos empresariales, etc.) en el curriculo de los estudiantes y en el ADN de los temarios y cursos deberia ser la primera prioridad dentro de una AEO. [CAT] L'empreniment desde la universitat es una forma cada volta mes observada en el pla internacional, per a comercialitzar la investigacio i contribuir a la societat i al creixement. Esta tesis ha investigat les capacitats de la universitat per a fomentar l'anomenat empreniment, dins de la tercera missio, centrant-se en l'arquitectura organitzativa emprenedora (AOE) de diverses universitats. El nostre objectiu es vore com influeix esta arquitectura emprenedora en la creacio de noves empreses des de la propia universitat. Definim la AOE com l'estructura o context organitzatiu de la Universitat que, dins de la tercera missio, esta focalitzada en promoure l'empreniment entre els alumnes, completant aixi el paper de la transferencia per part dels academics amb els seus spinoffs (per a explotar llicencies, patents o altre coneixement no registrat). La present tesi aborda la tercera missio de la Universitat en el seu rol de transferencia de coneixement a la societat i, en particular, es centra en l'estudi del fenomen d'empreniment, tractant el foment a la creacio d'empreses noves per part de professors i/o alumnes vinculats a la Universitat, en seu ambit i context d'una manera amplia. Utilitzem metodologia qualitativa bibliometrica sobre referencies en el camp del empreniment, spin-off universitaries i tercera missio; i qualitativa entrevistant a un total de 54 persones de 9 universitats diverses, 1 americana i 8 espanyoles, incluint les 5 universitats publiques valencianes per a realitzar un estudi qualitatiu sobre el metode del cas (complementat amb fonts secundaries). Resulta relevant el plantejar-nos que l'entrepreneurial university (Universitat Emprenedora), en el sentit de Audretsch (2014) ha de generar i crear actituds d'empreniment, acumular capital emprenedor i, en consequencia, canviar mentalitats en allo que respecta a l'empreniment, sobre tot entre els estudiants (considerant eixe factor fins i tot en l'ensenyanca secundaria). El integrar actituds emprenedores, el introduir l'empreniment i els seus temes (generacions de patents, projectes empresarials, etc.) en el curriculum dels estudiants i en l'ADN dels temaris i cursos hauria de ser la primera prioritat dins de una AEO. Messana Salinas, I. (2015). La Entrepreneurial University y el constructo de Arquitectura Organizativa Emprendedora: las bases del emprendimiento universitario en la Universidad Espanola como componente de la tercera mision [Tesis doctoral no publicada]. Universitat Politecnica de Valencia. doi:10.4995/Thesis/10251/59067.",,,,,,Tabla 4; 1 Ficha de entrevistas en la universidad: UPV 15 técnicos  docentes y emprendedores,,,,https://dialnet.unirioja.es/servlet/tesis?codigo=117276 https://riunet.upv.es/handle/10251/59067 https://riunet.upv.es/bitstream/10251/59067/1/MESSANA%20-%20La%20Entrepreneurial%20University%20y%20el%20constructo%20de%20Arquitectura%20Organizativa%20Emprendedora....pdf,http://dx.doi.org/10.4995/thesis/10251/59067,,10.4995/thesis/10251/59067,2248403866,,0,,2,true,,bronze
036-256-637-805-910,LAS DOS CARAS DE GLENN GOULD (1932-1982). SALUD Y PERSONALIDAD DEL PIANISTA CANADIENSE,,2023,journal article,Revista de Musicología,02101459,JSTOR,,null López,"Cuarenta años después de su muerte, Glenn Gould sigue gozando de enorme atención y prestigio internacional, y provocando un considerable debate por su excepcional forma de tocar el piano así como por sus ideas y personalidad. En la actualidad hay disponible una cantidad abrumadora de información sobre él, lo cual requiere realizar una cuidadosa evaluación de las fuentes para distinguir los datos probados de las numerosas y generalizadas exageraciones y leyendas. Es fundamental valorar a Gould como un todo, con una visión panorámica que integre los aspectos físicos, psicológicos y sociales en un contexto particular. La mayoría de los artículos y tesis sobre Gould hacen referencia al artista, pero existe mucha menos literatura centrada en el ser humano. Esta tesis doctoral se focaliza en su salud y personalidad, aunque teniendo presente al músico. Se han revisado los principales hechos biográficos y extraído abundantes observaciones sobre su personalidad, enfermedades y trastornos a partir del análisis de documentos privados conservados en la Biblioteca y Archivos de Ganadá, en Ottawa. Sobre Gould continúan surgiendo muchas cuestiones y dudas, generando notables discusiones, como si tenía un trastorno del espectro del autismo, si padeció distonía o las razones para decidir retirarse definitivamente de los conciertos con treinta y un años. La principal conclusión de esta investigación es que Glenn Gould mostraba una Doble Excepcionalidad, un diagnóstico dual donde las altas capacidades intelectuales se acompañan de algún trastorno, dificultad o discapacidad de diferente naturaleza. Sus dos caras eran, por un lado, el inteligente y extraordinario pianista, y por otro, el ser ansioso, lleno de rarezas, miedos y preocupaciones; el éxtasis del músico y la angustia del hombre.",46,1,312,312,Humanities; Art,,,,,,http://dx.doi.org/10.2307/27223532,,10.2307/27223532,,,0,,0,true,,green
036-708-830-717-570,Experiencia de agencia en niños con desarrollo típico y niños con trastorno del espectro autista,,2020,journal article,Interacciones: Revista de Avances en Psicología,24115940; 24134465,Instituto Peruano de Orientacion Psicologica - IPOPS,,Xilenia Carreras,"Background: The Agency is capable of changing the own perceptual inputs at will (Russell, 1996;) 2000).The hypothesis of this work is that - according to Russell-, this would be altered in subjects with autism and that, on the other hand, it strengthens in critical periods of development (3 and 4 years old). Method: Assessed skills associated with the agency: monitoring of action, recognition of the Agency, instigation, the ability to correct errors on the fly and central inhibition, in children typical development of different ages, and children with and without autism using unpublished tests. Results: The differences due to age are found in the tests that evaluate the monitoring of an action plan, the recognition of the agency, the central inhibition and instigation, as well as the amount of mistakes made and the ability to correct them on the march. The differences between children with and without autism were found in the monitoring, instigation and ability to correct errors. Conclusion: These results show a progressive development of skills associated with the agency. In three-year-old children there are still difficulties in monitoring, instigating and inhibiting actions and in the recognition of the agency itself: skills that improve the following year and stabilize after 6 years. In children with autism, we found that the performance was different according to the clinical subtype, and that although there were alterations in the monitoring and instigation of the action (and according to the subtype, there were also differences in the control and correction of the error), they did not present difficulties in recognizing agency and central inhibition: central skills that are central to the management and control of one's own behavior as agents.",6,1,95,,Agency (sociology); Developmental psychology; Psychology; Autism; Perception; Control (management); Action (philosophy); Action plan; On the fly,Executive function; Action monitoring; Autism spectrum disorder,,,,https://dialnet.unirioja.es/descarga/articulo/7530118.pdf https://www.revistainteracciones.com/index.php/rin/article/download/93/198 https://ojs.revistainteracciones.com/index.php/rin/article/view/93 https://www.revistainteracciones.com/index.php/rin/article/view/93 https://dialnet.unirioja.es/servlet/articulo?codigo=7530118 https://ojs.revistainteracciones.com/index.php/rin/article/download/93/198 https://core.ac.uk/download/pdf/287322821.pdf,http://dx.doi.org/10.24016/2020.v6n1.95,,10.24016/2020.v6n1.95,3006375333,,0,,0,true,cc-by,gold
036-806-550-930-720,Smartick para el aprendizaje de matemática en estudiantes con necesidades educativas especiales,2020-07-01,2020,journal article,EPISTEME KOINONIA,26650282,Fundacion Koinonia,,Sara Inés Vintimilla-Córdova; Darwin Gabriel García-Herrera; María Isabel Álvarez-Lozano; Juan Carlos Erazo-Álvarez,"The objective was to analyze how the use of Smartick contributes to the learning of mathematics in students with SEN. Explanatory type with a quasi-experimental design with a group approach, to which pre-test, intervention plan and post-test were applied. The T-student test and it could be observed that the bilateral significance is greater than 0.05 in three of the four fields, except in the field of relationships whose bilateral significance is less than 0.05, so it can be concluded that rejects the null hypothesis Ho and the affirmative hypothesis is assumed. The significant contribution of many Smartick technological tools in NEE students was shown to be beneficial for their improvement in learning mathematics.",3,6,222,250,Mathematics education; Psychology; Null hypothesis; Test (assessment),,,,,https://fundacionkoinonia.com.ve/ojs/index.php/epistemekoinonia/article/view/823 https://fundacionkoinonia.com.ve/ojs/index.php/epistemekoinonia/article/download/823/1375,http://dx.doi.org/10.35381/e.k.v3i6.823,,10.35381/e.k.v3i6.823,3217547661,,0,,1,true,cc-by-nc-sa,gold
037-298-136-674-571,Inclusión educativa de alumnos con discapacidades graves y permanentes : análisis de un modelo : la Comunidad Valenciana (España) = Educational inclusion of students with severe and permanent disabilities : analysis of a model : the Region of Valencia,2014-09-22,2014,journal article,Revista Española de Educación Comparada,21745382; 11378654,UNED - Universidad Nacional de Educacion a Distancia,,Manuel López-Torrijo,"Este articulo analiza la inclusion educativa del alumnado con discapacidades graves y permanentes en la Comunidad Valenciana (Espana) a traves de los siguientes indicadores: concepcion de las discapacidades graves y permanentes; responsabilidad de la escolarizacion y prestacion de servicios; marco normativo; identificacion, valoracion y atencion temprana; incidencia en la poblacion; modelos y modalidades de escolarizacion; propuesta curricular; Centros y Unidades Especificos de Educacion Especial; recursos personales y materiales; papel de las familias y financiacion. Utiliza el metodo descriptivo en la revision legislativa, documental, y bibliografica, asi como en el analisis de las fuentes estadisticas. Concluye senalando las mejoras inmediatas aplicables para una inclusion educativa real y de calidad.",0,24,223,245,Inclusion (education); Humanities; Political science,Educación inclusiva; Educación especial; Discapacidades graves y permanentes; Políticas educativas; Comunidad Valenciana Inclusive Education; special education; severe and profound disabilities; educational polities; Region of Valencia,,,,http://revistas.uned.es/index.php/REEC/article/view/13581 https://redined.mecd.gob.es/xmlui/handle/11162/163526 https://dialnet.unirioja.es/servlet/articulo?codigo=4985760 http://e-spacio.uned.es/fez/view/bibliuned:reec-2014-24-7120 http://revistas.uned.es/index.php/REEC/article/download/13581/12278 http://e-spacio.uned.es/fez/eserv/bibliuned:reec-2014-24-7120/Documento.pdf https://core.ac.uk/display/91853712,http://dx.doi.org/10.5944/reec..2014.13581,,10.5944/reec..2014.13581,2160765841,,0,,2,true,cc-by-nc,gold
037-859-000-622-737,Apresentação,,2017,journal article,Revista Portuguesa de Ciências do Desporto,16450523; 21820317,Faculdade de Desporto,,António Manuel Fonseca,"The purpose of this paper is to propose a pedagogical model for teaching games in school physical education as a solution to the original problem Bunker and Thorpe were seeking to solve, which I will argue remains current today. In pursuit of this purpose, I elaborate on the nature of the problem of games teaching as Bunker and Thorpe understood it, and thus the nature of the solution they offered in the form of Teaching Games for Understanding.",2017,S1A,13,15,Computer science,Physical education; Games Sports pedagogy; Team sports; Teaching/training methodology Invasion sports; Teaching models; Research; Transfer; School Classification; Performance; Game actions; Volleyball,,,,https://doi.org/10.5628/rpcd.17.s1a.13 http://doi.org/10.5628/rpcd.17.s1a.13,http://dx.doi.org/10.5628/rpcd.17.s1a.13,,10.5628/rpcd.17.s1a.13,,,0,,0,true,,gold
037-973-561-116-657,Análisis y diseño de un emprendimiento para la fabricación de artículos decorativos domésticos utilizando tecnologías de fabricación digital,,,dissertation,,,Universidad de Lima,,Nicolas-Santiago Newton-Bedoya,,,,,,,,,,,http://repositorio.ulima.edu.pe/bitstream/ulima/9613/1/Newton_Bedoya_Nicolas_Santiago.pdf http://repositorio.ulima.edu.pe/handle/ulima/9613,http://dx.doi.org/10.26439/ulima.tesis/9613,,10.26439/ulima.tesis/9613,2991625736,,0,,0,true,cc-by-nc-sa,hybrid
038-182-428-594-989,A relação entre o jeitinho Brasileiro e o perfil empreendedor: possíveis interfaces no contexto da atividade empreendedora no Brasil,,2009,journal article,RAM. Revista de Administração Mackenzie,16786971,FapUNIFESP (SciELO),,José Pedro Penteado Pedroso; Márcia Shizue Massukado-Nakatani; Fabricio Baron Mussi,"Seeking to discuss a cultural trait that is unique to the Brazilian society, the so-called ""jeitinho,"" and, parallelly, the entrepreneurship profile, this study aimed at identifying possible interfaces between these themes. To do so, studies that deal with the Brazilian cultural traits and emphasize this particular one were reviewed and summarized. Additionally, via secondary research, articles published on the entrepreneurship profile in the annals of the EnEO and EnAnpad, from 2004 to 2006, and of the Egepe, between 2000 and 2008, were selected. The Global Entrepreneurship Monitor (2006) survey results were also discussed to build a picture of entrepreneurship in Brazil and provide a base for the analysis of possible factors and contingencies that favor or render it more difficult for the ""jeitinho"" to emerge in the entrepreneur profile. It was noticed there is evidence such relation exists and, therefore, the study should be enhanced to corroborate such evidence.",10,4,100,130,Trait; Sociology; Big Five personality traits and culture; Secondary research; Management; Jeitinho; Survey result; Social psychology; Entrepreneurship,Jeitinho; Jeitinho brasileiro; Perfil empreendedor; Empreendedorismo no Brasil; Características culturais Jeitinho; Brazilian jeitinho; Entrepreneurship profile; Entrepreneurship in Brazil; Cultural traits,,,,http://www.redalyc.org/pdf/1954/195416863006.pdf http://ri.ufs.br/handle/riufs/356?locale=es https://www.researchgate.net/profile/Fabricio_Mussi/publication/43339433_A_relao_entre_o_jeitinho_brasileiro_e_o_perfil_empreendedor_possveis_interfaces_no_contexto_da_atividade_empreendedora_no_Brasil/links/546ca1da0cf2a80cf2e0e79b.pdf http://www.scielo.br/j/ram/a/YkjJFhBm9mYbFC5KfT7W9TG/ https://www.scielo.br/j/ram/a/YkjJFhBm9mYbFC5KfT7W9TG/ https://www.scielo.br/scielo.php?script=sci_arttext&pid=S1678-69712009000400006&lng=es,http://dx.doi.org/10.1590/s1678-69712009000400006,,10.1590/s1678-69712009000400006,1765920025,,0,000-139-364-682-716; 000-809-042-352-642; 002-659-917-552-471; 010-920-723-855-999; 011-659-143-396-837; 012-444-717-386-733; 013-427-078-014-15X; 013-822-392-840-273; 015-579-406-033-823; 031-017-313-134-794; 032-426-438-580-986; 034-833-419-733-167; 045-842-300-894-303; 066-989-703-873-417; 076-643-045-520-20X; 077-016-729-378-244; 080-696-788-932-532; 088-702-190-002-444; 095-899-578-331-733; 097-041-030-743-834; 098-591-266-652-624; 106-556-414-878-970; 113-300-558-497-24X; 134-548-604-691-23X; 139-063-298-549-062; 158-187-839-367-67X; 177-700-765-710-079; 197-989-922-689-978,26,true,cc-by,gold
038-188-748-237-312,A infiltração policial como meio de investigação de prova nos delitos relacionados à criminalidade organizada,,,dissertation,,,"Universidade de Sao Paulo, Agencia USP de Gestao da Informacao Academica (AGUIA)",,Maria Jamile José,"This dissertation is essentially aimed at the study of the undercover agent role as means of investigation for obtaining evidence regarding crimes related to criminal organizations, mainly considering the Brazilian legal system. To so proceed, it is initially analyzed the concept of organized crime and its legislative evolution, along with the pressing necessity of creating a coherent legal definition for it. Then, it is also considered the evidence matter in criminal procedure, highlighting its definition and classification; and also regarding the means of investigation for obtaining evidence in the strive against organized crime, such as the use of undercover police officers. After this introductory section, this dissertation focuses on the undercover activity itself, pointing out its historical background, its concept and objectives, its legal definition in the Brazilian legal system, its modalities, the recommendations given by the United Nations Convention Against Transnational Organized Crime concerning the topic herein, the class of police officers who can work as undercover agents, and the ethical dilemma inherent to the activity. Also, special attention is given to the issues related to the criminal liability of the agent for the actions performed by him while undercover; to the possibility of using this evidence found by the undercover agent as grounds for conviction; and to the difference between the agent that, while undercover, merely participates in pre-existing actions, from the agent that takes active part in the criminal’s decision of committing a crime. Furthermore, it is debated whether the undercover agent should be heard as a witness; and how to make this mean of investigation harmonize with the guarantees foreseen in the Brazilian Constitution, based on the principle of proportionality. In a brief Comparative Law study, it is also demonstrated the different solutions offered by several countries – Germany, Argentina, Spain, United States of America, France and Portugal – to the questions raised herein. Finally, the Bill n. 3.731/1997, introduced in order to regulate the activity performed by the undercover agent and currently under debate before the Brazilian Federal Senate, is examined in the last Chapter of this paper; closing with a suggestion made for a new Bill that regulates all the controversial aspects of the undercover agent character in Brazil.",,,,,Comparative law; Political science; Law; Organised crime; Ethical dilemma; Constitution; Witness; Conviction; United Nations Convention against Transnational Organized Crime; Criminal procedure,,,,,https://www.teses.usp.br/teses/disponiveis/2/2137/tde-01122010-144008/pt-br.php https://www.teses.usp.br/teses/disponiveis/2/2137/tde-01122010-144008/publico/Infiltracao_policial_Maria_Jamile_Jose.pdf,http://dx.doi.org/10.11606/d.2.2010.tde-01122010-144008,,10.11606/d.2.2010.tde-01122010-144008,1573909662,,0,,0,true,cc-by-nc-sa,gold
038-256-176-312-445,Desarrollo de capacidades emprendedoras desde la atención a la diversidad en formación profesional,2017-01-14,2017,book chapter,,,Ediciones de la Universidad de Castilla-La Mancha,,Antonio Fabregat Pitarch; Isabel María Gallardo Fernández,"Our plan of action in the classroom is to motivate, assist and respond to each student trying to involve them in the tasks, encouraging participation and making attractive class so they are meaning to what they do and understand so that they do so. We know that the implementation of this type of tasks as well as the interactions student-teacher generated motivation processes and optimize the classroom climate.; We assume an approach of qualitative research in which interpretive models have become important as he says Van Manen (2003).; ; The complexity of educational practice and opted for an approach enabling inclusive school offering quality education for all students regardless of their social, cultural, gender, physical or cognitive. We understand that inclusion goes beyond school because we need to be competent citizens committed to the values of diversity, justice, cooperation, equal rights and opportunities. Analysis of the experience gained we can infer that collaboration and peer support has been an important source of motivation because students have had the opportunity to experience how the acquisition of knowledge progresses towards achieving its objectives, although the pace of learning are different. The pooling of individual reflections have also contributed to the enrichment of proposals entrepreneurship.",,,493,505,Inclusion (education); Psychology; Qualitative research; Pedagogy; Justice (ethics); Diversity (business); Classroom climate; Peer support; Meaning (linguistics); Entrepreneurship,Zillmann; D.; (1983). Arousal and aggression. R.G. Geen; & E. Donnerstein (Eds.) Aggression: Theoretical and Empirical Reviews; New York: Academic; pp. 75-102,,,,https://dialnet.unirioja.es/servlet/articulo?codigo=6483609 http://roderic.uv.es/handle/10550/56805,http://dx.doi.org/10.18239/jor_08.2017.01,,10.18239/jor_08.2017.01,2574126676,,0,,5,true,,green
038-823-292-200-617,Resumos - Anais do I Fórum Científico e Tecnológico em Odontologia de Juiz de Fora,2019-07-31,2019,journal article,Revista Interdisciplinar de Estudos Experimentais - Animais e Humanos Interdisciplinary Journal of Experimental Studies,21773459; 21773440,Universidade Federal de Juiz de Fora,,Beatriz Julião Vieira Aarestrup,REVISTA INTERDISCIPLINAR DE ESTUDOS EXPERIMENTAIS; Animais e Humanos; RESUMOS; Anais do I Forum Cientifico e Tecnologico em Odontologia de Juiz de Fora,11,Suplemento,,,,,,,,https://periodicoshomolog.ufjf.br/index.php/riee/article/view/27462,http://dx.doi.org/10.34019/2177-3459.2019.v11.27462,,10.34019/2177-3459.2019.v11.27462,2970796791,,0,,0,true,cc-by,gold
039-441-886-972-297,Educación inclusiva a través de la literatura infantil: la lectura para interiorizar las diferencias,2018-06-28,2018,journal article,MLS Educational Research,26035820,MLS Journals S.L,,Lorena Pulido-Mantas; Susana Ruiz-Seisdedos,"The meaning of Inclusive Education throughout the history of education in our country, has been taking different meanings and multiple forms. We are in a continuous process of change and it is necessary to train teachers with new skills, capable of facing what the word inclusion really means. The purpose of this review is to take a path of Inclusive Education and propose new pedagogical practices that provide experiential and enriching experiences. The concept of Children’s Literature will also be studied; from the difficulty it presents as such to the importance of the story as a resource to address the diversity of the classroom. Finally, an “inclusion proposal” is proposed that combines both aspects, on the one hand, the importance of educational inclusion and, on the other hand, the possibility of improving that situation through children’s literature. The methodology was based on analyzing the content of stories that talk about characters with functional diversity and once the theme and the ""disabilities"" were determined, those whose text spoke of functional diversities that were associated with an ephemeris worked in the school were selected. This proposal focuses on highlighting the knowledge and discoveries made about inclusion in current years and the intrinsic value of literature in the classroom. It concludes with the idea of a didactic proposal that allows us to check and study in detail if the works are adequate to treat the inclusion in the classroom.",2,1,27,46,Sociology; Inclusion (education); Instrumental and intrinsic value; Pedagogy; Theme (narrative); History of education; Diversity (politics); Experiential learning; Meaning (linguistics); Resource (project management),Diversidad funcional; inclusión educativa; literatura infantil Functional diversity; educational inclusion; children's literature,,,,https://dialnet.unirioja.es/servlet/articulo?codigo=6928370 https://www.mlsjournals.com/Educational-Research-Journal/article/view/48 https://doaj.org/article/4ef5379ec7624a7a9a70954cdd284acd https://www.mlsjournals.com/Educational-Research-Journal/article/download/48/155 http://tauja.ujaen.es/handle/10953.1/4567 https://core.ac.uk/download/pdf/234823516.pdf,http://dx.doi.org/10.29314/mlser.v2i1.48,,10.29314/mlser.v2i1.48,2826412515,,0,033-515-012-860-682; 059-419-679-947-827; 065-186-878-699-435; 118-766-333-151-818,4,true,cc-by-nc,gold
039-965-994-984-33X,Políticas de educação inclusiva na República Dominicana,2022-08-28,2022,dissertation,,,EDUFU - Editora da Universidade Federal de Uberlandia,,Yohanna Hernandez Consoro,"Esta tesis de Doctorado en Educación está vinculada a la Línea de Investigación de Estado, Política y Gestión de la Educación del Programa de Postgrado en Educación de la Universidad Federal de Uberlândia. Se centra en el marco legal de la Educación Inclusiva en la República Dominicana. Con un enfoque cualitativo, de carácter básico, con objetivos explicativos y descriptivos y en cuanto a los procedimientos es de una investigación documental. Se buscó, en este estudio, responder al siguiente problema: ¿Cuál es la idea de Educación Inclusiva que existe en el país a partir del marco legal que la sustenta? El objetivo general de esta investigación fue analizar el marco legal de la educación inclusiva en la República Dominicana, que abarcó el período de 2008 a 2018. Teniendo como referente los postulados de Michel Foucault (2002) en su obra ""Vigilar y castigar: nacimiento de la prisión"". Considerando la obra referida, este trabajo abordó algunos de los conceptos-herramientas con los que trabaja el referido autor, entre ellos: norma/normalización, normal/anormal, poder disciplinario, biopoder, estrategias biopolíticas y gubernamentalidad. Se utilizaron los trabajos de (HENNING, 2009; HENNING; LOCKMANN, 2013; LOCKMANN; HENNING, 2010; LOPES, 2009; SILVA; HENNING, 2014; VALEIRÃO; OLIVEIRA, 2009; VEIGA-NETO; LOPES, 2011), que presentan una perspectiva de la educación inclusiva como una práctica que procura el disciplinamiento de los cuerpos y el interés de incluir a TODOS por motivos relacionados a intereses capitalistas. Los discursos sobre la inclusión de las personas con deficiencia en el ambiente escolar a partir de su marco legal, muestran que el modelo de comprensión de la deficiencia en el país es el rehabilitador aunque se habla de un marco legal de educación inclusiva basado en un enfoque de derechos, el modelo social y, por consiguiente, se dispensan esfuerzos, técnicas y estrategias para normalizar a estas personas antes de pensar en cualquier intento de inclusión en educación, propiamente dicho.",,,,,Political science,,,,,https://repositorio.ufu.br/bitstream/123456789/36548/2/Pol%c3%adticasEduca%c3%a7%c3%a3oInclusiva.pdf https://doi.org/10.14393/ufu.te.2022.5348,http://dx.doi.org/10.14393/ufu.te.2022.5348,,10.14393/ufu.te.2022.5348,,,0,,0,true,,gold
039-985-593-830-59X,"A educação enquanto fenômeno social: política, economia, ciência e cultura 2 - BASES PARA ELABORAÇÃO DE UMA PROPOSTA PEDAGÓGICA PARA ALUNOS COM DEFASAGEM NA ALFABETIZAÇÃO",2020-11-05,2020,book chapter,"A educação enquanto fenômeno social: política, economia, ciência e cultura 2",,Atena Editora,,Dirce Charara Monteiro,"Direitos para esta edição cedidos à Atena Editora pelos autores. Todo o conteúdo deste livro está licenciado sob uma Licença de Atribuição Creative Commons. Atribuição-Não-Comercial-NãoDerivativos 4.0 Internacional (CC BY-NC-ND 4.0). O conteúdo dos artigos e seus dados em sua forma, correção e confiabilidade são de responsabilidade exclusiva dos autores, inclusive não representam necessariamente a posição oficial da Atena Editora. Permitido o download da obra e o compartilhamento desde que sejam atribuídos créditos aos autores, mas sem a possibilidade de alterá-la de nenhuma forma ou utilizá-la para fins comerciais. A Atena Editora não se responsabiliza por eventuais mudanças ocorridas nos endereços convencionais ou eletrônicos citados nesta obra. Todos os manuscritos foram previamente submetidos à avaliação cega pelos pares, membros do Conselho Editorial desta Editora, tendo sido aprovados para a publicação.",,,165,174,,Autism spectrum disorder; public policies; higher education,,,,http://dx.doi.org/10.22533/at.ed.32720051113,http://dx.doi.org/10.22533/at.ed.32720051113,,10.22533/at.ed.32720051113,3097248847,,0,,0,true,,bronze
040-719-527-494-093,Desarrollo de la comprensión lectora en niños con TDAH a través de las TIC,2021-09-29,2021,journal article,KNOW AND SHARE PSYCHOLOGY,2695723x,Editorial Universidad de Almeria,,Alba Jiménez Rodríguez,"espanolLa llegada de un bebe al mundo trae consigo diferentes competencias y habilidades ocultas, que a lo largo de nuestro dia a dia, de una manera u otra, debemos desarrollar, como por ejemplo; las emociones, el lenguaje, la comprension lectora, etc. La ensenanza en la etapa escolar comprendida entre los seis y doce anos de edad, es considerada la mas importante debido a que se manifiestan cambios significativos como son: la cognicion, la afectividad y socializacion. Desde la vision de una maestra en Pedagogia Terapeutica, manifiesto que en esta etapa suelen aparecer Necesidades Educativas Especiales (Trastornos del Espectro Autista, Trastorno por Deficit de atencion e hiperactividad, etc.) en algunos alumnos, los cuales demandan unas necesidades mas concretas que los docentes debemos cubrir.La realizacion de este proyecto de intervencion tiene como finalidad principal desarrollar la comprension lectora en ninos y ninas que presenten TDAH en la etapa de Educacion Primaria a traves de las tecnologias de la informacion y la comunicacion, TIC en adelante. De esta manera ayudaremos a dichos escolares a mejorar su comprension lectora consiguiendo, al mismo tiempo, una mayor integridad en el aula y potenciar el manejo de las TIC. EnglishThe arrival of a baby into the world brings with it different competencies and hidden skills, which throughout our day to day, in one way or another, we must develop, such as; emotions, language, reading comprehension, etc.Teaching in the school stage between six and twelve years of age is considered the most important because significant changes are manifested such as: cognition, affectivity and socialization. From the point of view of a teacher in Therapeutic Pedagogy, she stated that in this stage Special Educational Needs (Autism Spectrum Disorders, Attention Deficit Disorder and Hyperactivity Disorder, etc.) usually appear in some students, who demand more specific needs than teachers we must cover.The main purpose of carrying out this intervention project is to develop reading comprehension in boys and girls with ADHD in the Primary Education stage through information and communication technologies, ICT from now on. In this way we will help these students to improve their reading comprehension, achieving, at the same time, greater integrity in the classroom and enhance the use of ICT.",2,3,61,81,,Comprensión lectora; Trastorno por Déficit de atención e hiperactividad; TIC; Educación Primaria; atención a la diversidad Reading Comprehension; Attention Deficit Hyperactivity Disorder; ICT; Primary Education; attention to diver,,,,https://dialnet.unirioja.es/servlet/articulo?codigo=8091066,http://dx.doi.org/10.25115/kasp.v2i3.5849,,10.25115/kasp.v2i3.5849,3206811093,,0,,2,true,,bronze
041-115-277-361-202,Conceptos y prácticas de profesores y psicólogos escolares sobre inclusión escolar,,2016,journal article,Psicologia: Ciência e Profissão,14149893,FapUNIFESP (SciELO),,Fabíola de Sousa Braz-Aquino; Ingrid Rayssa Lucena Ferreira; Lorena de Almeida Cavalcante,"La literatura senala que, aunque la matricula y la retencion de todos los alumnos esta garantizada por numerosas disposiciones legales, en realidad en el contexto brasileno, persisten retrasos y dificultades para lograr una inclusion escolar satisfactoria. A menudo es observada la inclusion de ninos con necesidades educativas especiales sin el desarrollo previo de soporte fisico y de condiciones favorables para recibirlos, o sin el proposito de mejorar las habilidades de estos ninos, por parte de la escuela. Con base en esto, se considero oportuno analizar los conceptos y las practicas de los psicologos escolares y los maestros de la ciudad de Joao Pessoa. Para eso, se realizaron entrevistas semiestructuradas, con base la literatura sobre Psicologia Escolar, a 15 psicologos escolares y 15 maestros de escuelas publicas. Los resultados revelaron que aunque la mayoria de los profesores y los psicologos se muestra a favor de la inclusion escolar, sus acciones estan lejos de la perspectiva inclusiva defendida por los investigadores y profesionales que se centran en este tema.",36,2,255,266,Inclusion (education); Psychology; School psychology; Medical education,Inclusão Escolar; Professores; Psicologia Escolar School Inclusion; Teachers; School Psychology,,,,http://www.scielo.br/scielo.php?pid=S1414-98932016000200255&script=sci_abstract&tlng=es,http://dx.doi.org/10.1590/1982-3703000442014,,10.1590/1982-3703000442014,2474771451; 2971243690; 2970386495,,0,004-089-713-926-84X; 005-341-748-617-834; 005-759-224-489-059; 006-311-008-152-321; 007-773-115-631-101; 008-986-879-592-435; 009-593-045-088-522; 012-924-605-287-397; 016-140-951-529-926; 016-239-871-325-691; 020-270-806-072-616; 023-171-935-773-81X; 023-981-801-654-06X; 033-823-963-829-108; 035-544-940-369-584; 049-150-141-103-161; 050-913-047-804-816; 059-704-355-525-081; 059-783-082-276-523; 067-468-316-496-618; 069-463-713-416-925; 078-419-715-918-978; 078-521-103-477-80X; 098-772-308-382-005; 111-571-477-465-619; 125-032-319-723-403; 131-896-391-788-485; 176-704-094-355-089; 189-841-977-962-432,5,true,cc-by,gold
041-677-171-595-929,"La inclusión educativa en números: Zona -: Chimborazo, Cotopaxi, Pastaza y Tungurahua",2019-10-01,2019,book,,,Casa Editora Universidad del Azuay,,Juanita Soraya Toral-Tenorio; Elida Margarita Proaño-Arias; María Lorena Córdova González; Carlos Guevara-Toledo; Karina Huiracocha-Tutivén; Daniel Humberto Fajardo-Chunchi; Luis Alberto Santander-Santander; Elizabeth Cecilia Berrezueta-Pesántez; Andrea Verónica Nieto-Trelles; Freddy Rómulo Cabrera-Sinchi; Mayra Elizabeth Pauta-Narváez; María Eugenia Ochoa-Guerrero,"<jats:p>El desarrollo del proyecto, en gran medida, se posibilitó gracias al convenio de cooperación establecido entre la Universidad del Azuay y la Secretaría Técnica de Discapacidades del Ecuador, SETEDIS, organismo que, entre otras acciones facilitó la colaboración del Ministerio de Educación, y posibilitó el desarrollo de las actividades planificadas tanto a nivel local como nacional.  La investigación fue realizada en el marco de la primera Maestría de Educación Básica Inclusiva, e involucró a los 26 maestrantes a través del desarrollo de sus respectivas tesis de grado, así como a 11 profesores del programa. Este selecto grupo laboró con gran entusiasmo y compromiso social por el lapso aproximado de 9 meses y se desplazó, en estricto cumplimiento de los objetivos trazados, a diferentes zonas de la geografía patria. 214 páginas ISBN: 978-9942-822-03-1 e-ISBN: 978-9942-822-11-6</jats:p>",,,,,Humanities; Geography; Art,,,,,https://publicaciones.uazuay.edu.ec/index.php/ceuazuay/catalog/download/58/55/1184 http://dx.doi.org/10.33324/ceuazuay.58,http://dx.doi.org/10.33324/ceuazuay.58,,10.33324/ceuazuay.58,,,0,,0,true,cc-by-nc,gold
041-771-742-694-121,Unidad Didáctica: Who wants fracking in town?,,,dissertation,,,Editorial de la Universidad de Granada,,Miguel Parra Sierra,"Who wants Who wants Who wants Who wants fracking in town? fracking in town? fracking in town? fracking in town? d Didáctica: Who wants fracking in town? d Didáctica: Who wants fracking in town? 2015 Unidad Didáctica: Who wants fracking in town? 8.7 Relación entre los elementos de la Unidad Didáctica Tabla 8.17. Relación entre actividades, objetivos, contenidos, criterios de evaluación y competencias",,,,,Visual arts; Geography; Performance art; Cartography,CPr.1 CAc.3 CC1 CPr.1; CPr.2 CAc.1; CAc.3; CAc.4 CC2 CPr.1; CPr.2 CAc.3; CAc.4 CC3 CPr.1; CPr.2 CAc.3; CAc.4 CC3; CC4; CC5 CPr.1; CPr.2; CPr. 3 CAc.1; CAc.2; CAc.3; CAc.4; CAc.5 CC6; CC7; CPr.1 CPr.2 CAc.2; CAc.3; CAc.4 CC1; CC2; CC3; CC4; CC5; CC6; CC7 CPr.1; CPr.2 CAc.2; CAc.4 10 CC1; CC2; CC3; CC4; CC5; CC6; CC7 CAc.1; CAc.2 11 CC1; CC2; CC3; CC5; CC6; CC7 12 CC1; CC2; CC3; CC5; CC6; CC7 CE1; CE10; CE11; CE13 CC2 CPr.1; CPr.2 CAc.3; CAc.4 Ob.2; Ob.8; Ob.10 CE2; CE3; CE13 CC3 CPr.1; CPr.2 CAc.3; CAc.4 Ob.3; Ob.8; Ob.10 CE4; CE5; CE11; CE13 CC3; CC4; CC5 CPr.1; CPr.2; CPr. 3 CAc.1; CAc.2; CAc.3; CAc.4; CE9; CE10; CE11; CE12; CE13 CC6; CC7; CPr.1 CPr.2 CAc.2; CAc.3; CAc.4 Ob.4; Ob.8; Ob.10 CE6; CE7; CE11; CE13 CC1; CC2; CC3; CC4; CC5; CC6; CC7 CPr.1; CPr.2 CAc.2; CAc.4 Ob.5; Ob.10 CE8; CE13 CC1; CC2; CC3; CC4; CC5; CC6; CC7 CAc.1; CAc.2 Ob.6; Ob.7 CE9; CE10 CC1; CC2; CC3; CC5; CC6; CC7 Ob.1; Ob.2; Ob.3; Ob.4 CE1; CE2; CE3; CE4; CE6; CE7 CC1; CC2; CC3; CC5; CC6; CC7 Ob.1; Ob.2; Ob.3; Ob.4 CE1; CE2; CE3; CE4; CE6; CE7 C4; C7 CE1; CE10; CE11; CE13 C3; C4; C8 CE2; CE3; C3; C4; C8 CE4; CE5; CE11; CE13 C3; C4; C8 CE9; CE10; CE11; CE12; C1; C4; C8 CE6; CE7; CE11; CE13 C4; C8 C4; C8 C5; C8 CE1; CE2; CE3; CE4; C3 CE1; CE2; CE3; CE4; C3; C7; C8,,,,https://digibug.ugr.es/handle/10481/39688,http://dx.doi.org/10.30827/digibug.39688,,10.30827/digibug.39688,2267204954,,0,,0,true,cc-by-nc-nd,hybrid
041-983-366-738-251,Cirurgia estética em menores: capacidade de consentimento,,,dissertation,,,"Universidade de Sao Paulo, Agencia USP de Gestao da Informacao Academica (AGUIA)",,Marta Rodrigues Maffeis,"Para que amem seus estudos. RESUMO O presente trabalho busca estudar a capacidade de consentimento dos menores nas intervenções médicas, em especial, as cirurgias estéticas. Para tanto, desenvolve um panorama geral sobre a cirurgia estética e sua relação com a Medicina de Desejo, situando o Brasil no cenário mundial. Em se tratando de uma intervenção médica, abordam-se várias questões atinentes ao contrato de tratamento médico, sobretudo em relação ao paciente menor e adentra-se no tema do consentimento. Antes, porém, por se tratar de pressuposto para o consentimento eficaz, apresenta-se o dever de esclarecimento médico e os princípios constitucionais da dignidade da pessoa humana, o direito de autodeterminação e a autonomia. Em seguida, trata do consentimento médico nas intervenções médicas, abordando suas inúmeras discussões. Por fim, do consentimento dos menores capazes e incapazes de consentir e sua relação com o cuidado familiar. Palavras-chave: cirurgia estética, capacidade de consentimento, menores, dever de esclarecimento, autodeterminação e cuidado familiar.",,,,,,aesthetic surgery; capacity of consenting; minors; responsibility for clarification; self-determination and family care Schönheitsoperation; Einwilligungsfähigkeit; Minderjährige; Aufklärungspflicht; Selbstbestimmung; elterliche Sorge Breast Augmentation 309; 985 Liposuction 240; 565 Eyelid Surgery 141; 505 Abdominoplasty 137; 605 Breast Lift 106; 535 Non-Surgical Procedures Botulinum Toxin 1; 141; 595 Hyaluronic Acid 580; 320 Hair Removal 174; 590 Photo Rejuvenation 122; 850 Nonsurgical Fat Reduction 119; 470 Brazil Surgical Procedures Liposuction 182; 765 Breast Augmentation 166; 340 Eyelid Surgery 143; 165 Abdominoplasty 131; 120 Breast Lift 80; 520 Non-Surgical Procedures Botulinum Toxin 359; 865 Hyaluronic Acid 195; 030 Hair Removal 106; 205 Chemical Peel 86; 295 Photo Rejuvenation 78; 155 Eyelid Surgery 101; 985 Rhinoplasty 72; 562 Fat Grafting-face 63; 326 Breast Augmentation 50; 553,,,,https://www.teses.usp.br/teses/disponiveis/livredocencia/107/tde-28082017-091723/publico//TeseProfaMarta.pdf https://www.teses.usp.br/teses/disponiveis/livredocencia/107/tde-28082017-091723/pt-br.php,http://dx.doi.org/10.11606/t.107.2017.tde-28082017-091723,,10.11606/t.107.2017.tde-28082017-091723,2751290490,,0,,0,true,cc-by-nc-sa,gold
042-196-009-224-870,"Estudio de pre-factibilidad para la implementación de un restaurante gourmet especializado en parrillas con carne importada de Estados Unidos, Certified Angus Beef",,,dissertation,,,Universidad de Lima,,Maria Cristina Agurto Osorio; Alessandra Betty Falconi Silva,,,,,,,,,,,https://renati.sunedu.gob.pe/handle/sunedu/2790258 https://repositorio.ulima.edu.pe/handle/20.500.12724/3300,http://dx.doi.org/10.26439/ulima.tesis/3300,,10.26439/ulima.tesis/3300,2802150188,,0,,0,true,cc-by-nc-nd,hybrid
042-776-141-384-653,COMBATE À DESERTIFICAÇÃO,,2020,book chapter,AMPLAMENTE: SOCIEDADE E CONHECIMENTO,,Amplamente Cursos,,Flávio Pedro Silva De LIMA; Paulo Soares Da FONSECA,"Este e-book possui textos nacionais e internacionais. Todos os direitos reservados. Partes desta obra podem ser utilizadas ou reproduzidas desde que sejam devidamente citadas e referenciadas. Cada autor é inteiramente responsável por seu(s) respectivo(s) texto(s), isentando a Amplamente Cursos e Formação Continuada de qualquer problema ou erro.",,,153,175,Geography,,,,,,http://dx.doi.org/10.29327/522026.1-15,,10.29327/522026.1-15,,,0,,0,true,,bronze
043-116-476-605-887,Indicios de consolidación de la investigación educativa en Chihuahua,2018-10-01,2018,journal article,IE Revista de Investigación Educativa de la REDIECH,24488550; 20074336,Red de Investigadores Educativos Chihuahua AC,,Jesús Adolfo Trujillo Holguín,"Un fenomeno social no puede ser explicado simplemente como la suma de acontecimientos aislados o como la consecuencia directa de un solo hecho. La realidad es compleja y se entiende como un sistema global de leyes donde el simple movimiento de una de sus partes produce cambios en el todo. Cuando una persona es capaz de analizar diferentes circunstancias del contexto, puede llegar a construir una idea mas amplia del mundo en que vive (Uribe, 2009). La idea del pensamiento complejo de Edgar Morin, enmarcada en el parrafo anterior, sirve como analogia y pretexto para analizar los indicios de lo que considero es un camino de consolidacion en la investigacion educativa en la entidad. Las aportaciones que realiza la Red de Investigadores Educativos Chihuahua AC (REDIECH) ayudan a dibujar un escenario completamente distinto al que existia hace apenas unos cuantos anos, cuando el ejercicio de las actividades de investigacion y difusion del conocimiento eran incipientes.",9,17,4,8,,,,,,https://dialnet.unirioja.es/servlet/articulo?codigo=6573489 https://dialnet.unirioja.es/descarga/articulo/6573489.pdf http://www.scielo.org.mx/scielo.php?script=sci_arttext&pid=S2448-85502018000200004 http://www.scielo.org.mx/pdf/ierediech/v9n17/2448-8550-ierediech-9-17-4.pdf https://biblat.unam.mx/es/revista/ie-revista-de-investigacion-educativa-de-la-rediech/articulo/indicios-de-consolidacion-de-la-investigacion-educativa-en-chihuahua,http://dx.doi.org/10.33010/ie_rie_rediech.v9i17.315,,10.33010/ie_rie_rediech.v9i17.315,2902874254,,0,,1,true,cc-by-nc,gold
043-181-698-532-581,Ensino jurídico a distância: reflexões sobre sua viabilidade no âmbito do MERCOSUL,,,dissertation,,,"Universidade de Sao Paulo, Agencia USP de Gestao da Informacao Academica (AGUIA)",,Luiz Eduardo Alves de Siqueira,,,,,,,distance education; international right; integration; UNILA; Mercosul. xi,,,,https://www.teses.usp.br/teses/disponiveis/84/84131/tde-10122018-171404/publico/2015_LuizEduardoAlvesDeSiqueira_VCorr.pdf https://www.teses.usp.br/teses/disponiveis/84/84131/tde-10122018-171404/?&lang=pt-br,http://dx.doi.org/10.11606/t.84.2018.tde-10122018-171404,,10.11606/t.84.2018.tde-10122018-171404,2969557690,,0,,0,true,cc-by-nc-sa,gold
043-206-738-143-272,Salón de belleza móvil para mujeres de Lima Metropolitana,,,dissertation,,,Universidad San Ignacio de Loyola S.A.,,Claudio Andrés Martin Aramburu Lazo; Jurgens Harold Dávila Alvarado; Paola Milagros Morales Flores; Katheryn Paola Rodríguez Zevallos,"Lima -Perú 2017 Dedicatoria Dedicamos esta tesis a nuestras familias quienes día a día nos impulsan a buscar nuevos retos y nos apoyan en las decisiones que tomamos para nuestro desarrollo profesional. Agradecimientos Agradecemos a cada miembro de nuestro equipo, quienes aportaron lo mejor de sus conocimientos y experiencia laboral para la realización de este proyecto de tesis. Además, agradecemos la autoorganización, lluvia de ideas, tiempo, dedicación y esfuerzo que cada miembro brindó para realizar un trabajo de calidad. Agradecemos a nuestros familiares, quienes nos dieron sus apreciaciones y recomendaciones cuando compartimos con ellos la idea del proyecto de tesis. Agradecemos a nuestro asesor Edmundo Casavilca, quien nos ayudó en la elección de nuestro proyecto y nos orientó a través de su experiencia y comentarios para finalizar nuestro documento de tesis. Agradecemos a la profesora Flor Ríos, quien sesión a sesión nos brindó sus valiosas recomendaciones y herramientas para la preparación de nuestro documento final. Agradecemos a los participantes de las entrevistas, focus group y encuestas realizadas, quienes aportaron a través de sus respuestas buenas ideas para conocer al consumidor final de este proyecto de negocio.",,,,,,,,,,http://repositorio.usil.edu.pe/bitstream/USIL/3013/1/2017_Aramburu_Salon-de-belleza-movil.pdf http://repositorio.usil.edu.pe/handle/USIL/3013 https://alicia.concytec.gob.pe/vufind/Record/USIL_b59db6ff827e11fb8d46a5f028b7a82f,http://dx.doi.org/10.20511/usil.thesis/3013,,10.20511/usil.thesis/3013,2802136796,,0,,0,true,cc-by-nc-nd,green
043-994-351-550-930,The language aspects of children with high abilities/giftedness: an integrative literature review,,2020,journal article,Revista CEFAC,19820216; 15161846,FapUNIFESP (SciELO),,Tiago Attoni; Rebeca Coelho; Rafaela Martins; Laura Lemos; Laura Fernandes; Thamyris Francis; Sara Fernandes; Karina Fideles,"ABSTRACT Purpose: to analyze information and characteristics of the language of children diagnosed with high abilities and giftedness. Methods: an integrative literature review based on a search in LILACS, MEDLINE, and Google Scholar databases, combining the keywords “Speech-Language-Hearing and high abilities”, “giftedness and child language”. Results: a total of 45 articles that met the inclusion criteria were analyzed, of which 29 were excluded and 16 selected for the review. The analysis of these articles made it possible to verify, though superficially, the aspects in the oral and written language of children with high abilities and giftedness. These children’s vocabulary and discourse are usually rich, with excellent comprehension skills. There is early interest in reading, besides noteworthy writing comprehension and decoding skills. The studies indicate that these capacities are atypical when compared with those of the population referred to as normal. The discourse of gifted children tends to be compatible with that of children two years older, and their language develops faster. Conclusion: the language of children diagnosed with high abilities and giftedness has particularities that must be better studied, as their development differs from that of other children.",22,6,,,Developmental psychology; Inclusion (education); Psychology; Vocabulary; MEDLINE; Written language; Population; Child rearing; Comprehension; Reading (process),Fonoaudiologia; Educação Infantil; Criança Superdotada; Linguagem Infantil Speech  Language and Hearing Sciences; Child Rearing; Child  Gifted; Child Language Artigos de revisão,,,,http://www.scielo.br/j/rcefac/a/jRGQNSGnH5VbsyvR8gfyXjy/ https://www.scielo.br/j/rcefac/a/jRGQNSGnH5VbsyvR8gfyXjy/?format=html,http://dx.doi.org/10.1590/1982-0216/20202269320,,10.1590/1982-0216/20202269320,3103459304,,0,007-143-470-260-257; 015-279-125-816-720; 026-370-037-556-304; 082-998-723-992-530; 083-932-033-327-271; 105-656-413-141-119; 107-992-743-014-265; 125-802-078-414-455; 145-906-338-512-177; 156-948-276-708-186,5,true,cc-by,gold
044-044-975-355-778,Acción tutorial para el estudiantado de traducción e interpretación con necesidades educativas específicas,2018-12-13,2018,journal article,Hermēneus. Revista de traducción e interpretación,2530609x,Universidad de Valladolid,,Anabel Galán-Mañas,"La finalidad de este estudio es examinar la efectividad de un plan de accion tutorial para estudiantes de traduccion e interpretacion con discapacidad (PATdis) e identificar cuales son las acciones de apoyo que corresponden a los distintos agentes implicados. Se trata de un estudio de corte cualitativo. Se procedio a la triangulacion de metodos de recoleccion de datos con el objetivo de obtener informacion de fuentes diversas: cuestionarios, entrevistas y archivos. Los resultados obtenidos han puesto de manifiesto que la mayor dificultad encontrada es la falta de adaptacion de materiales y metodologias docentes y las limitaciones que presentan algunas combinaciones linguisticas a ciertos tipos de discapacidad. Los datos recogidos han de permitir sistematizar el PATdis y trazar un flujo de acciones para dar atencion a los estudiantes con discapacidad en los estudios de traduccion e interpretacion.",,20,125,164,,Disability  special educational needs  tutoring program  universal learning design la universidad  3.6. Valoración de otros agentes; 4. Discusión de los resultados; Conclusiones; Referencias bibliográficas. Summary: Introduction; 1. Attention to students with disabilities in Spanish universities; 2. Method; 3. Results; 3.1. Actions carried out by the tutorDis; 3.2. TutorDis' evaluation; 3.3. Students with disabilities' evaluation; 3.4. Teachers' evaluation; 3.5. Evaluation by the care unit for students with disabilities at the university; 3.6. Other agents' evaluation; 4. Discussion; Conclusions; References,,,,https://dialnet.unirioja.es/descarga/articulo/6769637.pdf https://dialnet.unirioja.es/servlet/articulo?codigo=6769637,http://dx.doi.org/10.24197/her.20.2018.125-164,,10.24197/her.20.2018.125-164,2905017135,,0,,1,true,cc-by-nc,gold
044-070-609-403-265,No limiar das raças: Silvio Romero (1870-1914),,,dissertation,,,"Universidade de Sao Paulo, Agencia USP de Gestao da Informacao Academica (AGUIA)",,Costa Filho; Cícero João da,"RESUMO Silvio Romero foi um importante escritor brasileiro da Geração 1870 que pensou o Brasil a partir dos preceitos científicos da Europa e do Liberalismo dos EUA. Influenciado pelos parâmetros do meio e da raça, fatores somados à idéia de evolução e à lei dos três estados (Positivismo), o polígrafo constatou o atraso do país devido à inferioridade das raças formadoras da sociedade brasileira. Nos mais variados segmentos, o atraso brasileiro era visível. Para superar esse atraso, Sílvio pensava que a mestiçagem racial (também biológica) era a singularidade do novo Brasil almejado pela elite econômica e intelectual da época. Pensando um novo Brasil, o ensaísta analisou a contribuição de índios, negros e portugueses para a formação do país, salientando a extrema importância do mestiço, a singularidade brasileira. Bacharel pela Faculdade de Direito do Recife, Romero pensou o Brasil tendo em vista os princípios da Biologia e foi muito influenciado pela idéia de evolução, pela Escola de Le Play e acima de tudo, pelos pensadores que usavam o argumento da raça. A nação brasileira seria pensada tendo por modelo um organismo vivo e a questão racial e cultural seria uma das variantes para compreender o novo Brasil republicano e liberal que estava surgindo. PALAVRAS CHAVE Silvio Romero -Escola do Recife -Raças -Mestiçagem -Brasil (séculos XIX e XX",,,,,,,,,,https://www.teses.usp.br/teses/disponiveis/8/8138/tde-30072013-104238/publico/2013_CiceroJoaoCostaFilho_VCorr.pdf https://www.teses.usp.br/teses/disponiveis/8/8138/tde-30072013-104238/pt-br.php,http://dx.doi.org/10.11606/t.8.2013.tde-30072013-104238,,10.11606/t.8.2013.tde-30072013-104238,1851149160,,0,,0,true,cc-by-nc-sa,gold
044-602-576-764-316,EFEITO DO PTEROSTILBENO NA HOMEOSTASE REDOX PULMONAR PÓS-INFARTO DO MIOCÁRDIO EXPERIMENTAL: ATIVAÇÃO DA VIA NRF2,,2019,conference proceedings article,Anais do(a) Congresso UFCSPA,,Even3,,Vanessa Duarte Ortiz; Cristina Campos Carraro; Alexandre Luz de Castro; Patrick Turck; Denise dos Santos Lacerda; Valquiria Linck Bassani; Adriane Belló-Klein; Alex Sander da Rosa Araújo; Silvio Tasca,"Introdução: A dor cervical crônica inespecífica é um problema de saúde incapacitante com prevalência estimada em proporções globais. Diversas possibilidades terapêuticas são recomendadas para o tratamento da mesma, entre elas a técnica do agulhamento seco. Esta é uma técnica invasiva com potencial para efeitos adversos (EAs), e as evidências sobre a segurança das técnicas de agulhagem são fracas, provenientes principalmente de estudos de acupuntura e de ensaios de agulhamento seco com apenas uma descrição superficial de tais efeitos. Objetivos: Verificar a curto prazo os EAs resultantes da adição de agulhamento seco a uma sessão de tratamento composta por exercícios e terapia manual em pessoas com dor cervical crônica. Material e Métodos: 116 adultos com dor cervical crônica foram randomizados para receber uma única sessão de tratamento manual e exercício (TME) ou terapia manual e exercício mais agulhamento seco (TME + AS). A frequência, intensidade e duração dos EAs foram coletadas 24h e 72h após a aplicação do tratamento. Os desfechos primários foram a frequência e intensidade dos EAs 24h após o tratamento. O desfecho secundário foi a intensidade dos sintomas 72h após a terapia. Foi utilizado o teste qui-quadrado para dados categóricos e o teste t para dados contínuos para avaliação dos EAs. Resultados e Conclusões: 24h após a sessão de tratamento, 23% dos participantes relataram EAs leves, e apenas 3% destes mantiveram algum grau de sintoma adverso 72h após o tratamento. Não houve diferença significativa entre os grupos quanto à frequência de EAs 24h e 72h após a intervenção (p=0,651, p=0,589, respectivamente). Além disso, a adição de agulhamento seco não aumentou a intensidade dos EAs 24h e 72h após a intervenção (p=0,787, p=0,691, respectivamente). A adição de agulhamento seco a uma sessão de tratamento não aumentou a frequência, intensidade ou duração de EAs em pacientes com dor cervical crônica.",,,750,751,,,,,,http://dx.doi.org/10.29327/130148.1-1,http://dx.doi.org/10.29327/130148.1-1,,10.29327/130148.1-1,3133868130,,0,,0,true,,bronze
045-165-019-053-769,Los niños con Trastorno del Espectro Autista tienen déficits en las Funciones Ejecutivas,2016-09-30,2016,journal article,Revista de Psiquiatría Infanto-Juvenil,26607271; 11309512,Asociacion Espanola de Psiquiatria del Nino y del Adolescente - Aepnya,,Patricia González Peña; Irene Torralvo Suárez; Víctor M. Acosta Rodríguez; Gustavo Mario Ramírez Santana; Sergio Hernández Expósito,"It exists a growing consensus about broad neurological abnormalities in people with Autism Spectrum Disorders (ASD) and its genetic origin, which has its expression during the neural development. As a consequence, there have been identified several impairments in high order cognitive functions in this population. However the results remain inconsistent. Our research is aimed at the neuropsychological characterization of children with ASD. To that end, we assessed a sample of 18 children diagnosed of ASD with a broad neuropsychological test battery in order to evaluate attention and executive functioning. The results obtained by this experimental group were compared with a sample of 18 typically developing children. The results show a comprehensive impairment in attention and executive functioning in the ASD group, with the exception of verbal fluency with semantic clues, planning and cognitive flexibility. Further research is needed in order to clarify the origin of these results.",33,3,385,396,Developmental psychology; Psychology; Cognition; Autism; Population,Funciones ejecutivas; Atención; Velocidad de procesamiento; Trastorno del Espectro Autista; Evaluación neuropsicológica Executive functioning; Attention; Processing speed; Autism Spectrum Disorder; Neuropsychological assessment,,,,https://dialnet.unirioja.es/servlet/articulo?codigo=7778633 https://www.aepnya.eu/index.php/revistaaepnya/article/download/32/34 http://aepnya.com/index.php/revistaaepnya/article/view/32 https://portalciencia.ull.es/documentos/601aa669114735775ad5347b https://aepnya.eu/index.php/revistaaepnya/article/view/32,http://dx.doi.org/10.31766/revpsij.v33n3a3,,10.31766/revpsij.v33n3a3,2913922240,,0,001-754-898-441-803; 003-916-851-304-782; 005-292-647-631-751; 005-845-334-501-021; 006-890-489-194-790; 008-810-065-728-453; 009-792-973-399-261; 012-335-187-810-652; 014-193-240-406-096; 017-463-557-837-165; 020-620-010-432-644; 026-445-383-413-350; 028-129-904-837-289; 029-809-578-009-802; 035-871-535-334-968; 038-059-005-638-851; 044-721-207-167-569; 046-330-075-965-669; 049-916-915-705-550; 050-426-877-693-379; 052-836-306-604-103; 056-989-863-234-70X; 058-123-972-012-474; 058-272-937-963-142; 059-622-711-310-986; 061-656-700-820-857; 063-534-610-365-341; 066-783-162-649-16X; 084-191-420-094-245; 087-349-018-378-254; 093-987-615-471-071; 096-604-664-782-712; 100-202-468-281-487; 100-313-469-303-467; 114-770-720-334-952; 119-987-796-674-995; 132-823-882-726-384; 137-026-600-885-521; 137-654-513-210-793; 142-230-480-857-84X; 177-645-094-916-885,1,true,,bronze
045-351-810-244-689,Cómo perciben la diversidad los futuros maestros de educación infantil,2016-09-27,2016,journal article,International Journal of Developmental and Educational Psychology. Revista INFAD de Psicología.,02149877,Asociacion INFAD,,Yésica Teijeiro Bóo; María José Fiuza Asorey,"This work reports a research process that is being developed with students of the course “Inclusive School and Special Needs Education”, taught in the 2nd year of the Early Childhood Education Degree in the Lugo branch of the University of Santiago de Compostela. This project aims to study the knowledge and preconceptions that these students have about Inclusion and Special Educational Needs (SEN), and their beliefs regarding different disabilities. Despite not having definitive data, the present results show the need to work in the training of teachers in order to banish false beliefs about diversity and thus ensure that the inclusive school concept is a reality in the hands of future professionals in education.",3,1,99,108,Sociology; Pedagogy; Diversity (politics); Special education; Research process; Special educational needs,Inclusive School; Diversity; Special Educational Needs; Early Childhood Education Degree Escuela Inclusiva; Diversidad; Necesidades Educativas Especiales; Grado en Educación Infantil,,,,https://dehesa.unex.es/handle/10662/1819?mode=full https://dialnet.unirioja.es/servlet/articulo?codigo=6918556 https://www.redalyc.org/articulo.oa?id=349851785011 https://revista.infad.eu/index.php/IJODAEP/article/view/486 http://www.redalyc.org/articulo.oa?id=349851785011 https://revista.infad.eu/index.php/IJODAEP/article/download/486/416 http://www.infad.eu/RevistaINFAD/OJS/index.php/IJODAEP/article/view/486 https://dehesa.unex.es/bitstream/10662/1819/1/0214-9877_2014_1_3_99.pdf https://core.ac.uk/download/pdf/188608484.pdf,http://dx.doi.org/10.17060/ijodaep.2014.n1.v3.486,,10.17060/ijodaep.2014.n1.v3.486,2258721597,,0,041-527-750-457-21X; 055-552-236-380-830; 072-773-367-675-52X; 098-731-577-286-619; 102-926-566-571-062; 108-727-364-475-191; 131-375-929-739-076,2,true,cc-by-nc-nd,gold
045-409-010-894-391,"Actitud ante la inclusión de niños y niñas con necesidades educativas especiales. Consideraciones de padres, madres y profesionales de la educación",,2012,journal article,Fòrum de Recerca,11395486,Universitat Jaume I,,Anna-Jordina Llorens Ferrer,"In this work we perform an exploration of attitudes of parents and education professionals to the inclusion of pupils with Special Educational Needs (SEN) in classrooms ordinary. The objective is to analyze whether there are differences in their attitudes and if they are influenced by variables such as studies conducted, gender, profession, knowledge of the difficulties, etc. To do this, we have moved several questionnaires about attitudes to a sample of 33 teachers in primary and secondary education, 22 fathers and 26 mothers students. Among the results, we note that there is an attitude generally positive towards the inclusion of this group of students, but it does not work optimally due mainly to the lack of resources and appropriate strategies.",,17,209,228,Inclusion (education); Humanities; Psychology; Secondary education; Special educational needs; Social psychology,,,,,https://dialnet.unirioja.es/servlet/articulo?codigo=4498638 http://repositori.uji.es/xmlui/bitstream/10234/76550/1/-serveis-scp-publ-jfi-xvii-educacio-3.pdf http://repositori.uji.es/xmlui/handle/10234/76550 http://hdl.handle.net/10234/76550 https://core.ac.uk/download/61424744.pdf,http://dx.doi.org/10.6035/forumrecerca.2012.17.13,,10.6035/forumrecerca.2012.17.13,1987520938,,0,,3,true,cc0,hybrid
046-642-398-417-176,Criação de avatares faciais personalizados para a reprodução de expressões faciais,,2022,conference proceedings article,Design Proceedings,,Editora Blucher,,Isabella de Souza SIERRA; Marcela Nebesniak BERTOLDI,"Pessoas com Transtorno do Espectro Autista (TEA) têm dificuldade de reconhecer e corresponder a emoções a partir de suas expressões faciais. Por isso, elas precisam ser ensinadas a reconhecer e a reproduzir emoções. Conjecturou-se sobre a possibilidade de melhor aprendizagem utilizando modelos representativos da própria pessoa. Para isso acredita-se que a digitalização tridimensional possa ser uma solução, pois ela consegue capturar rostos e transformá-los em um modelo fiel. Esse modelo precisa ser trabalhado para que possa ser manipulado para a representação realista de expressões. No entanto, insere-se em um contexto em que os profissionais envolvidos com a reabilitação de pessoas com TEA possuem pouco conhecimento na área. Assim, a partir da aplicação experimental de procedimentos para a realização dessas atividades, desenvolveu-se um método facilitado e de baixo custo para a criação de avatares faciais realistas para a reprodução de expressões. Esse método é disponibilizado por meio de tutoriais em vídeo.",,,1833,1849,Humanities; Philosophy; Physics,Autism; 3D scanning; Personalization,,,,http://pdf.blucher.com.br/designproceedings/ped2022/5833990.pdf http://dx.doi.org/10.5151/ped2022-5833990,http://dx.doi.org/10.5151/ped2022-5833990,,10.5151/ped2022-5833990,,,0,,0,true,cc-by,gold
046-671-640-557-488,La evolución de las políticas educativas: de la integración a la inclusión,2022-02-14,2022,journal article,Revista de Educación y Derecho,23864885; 2013584x,Edicions de la Universitat de Barcelona,,Clara Souto Galván,"<jats:p>Los sistemas de educación inclusiva se basan en un análisis de derechos que puedan dar autonomía a los estudiantes, celebrar la diversidad, combatir la discriminación y promover sociedades más inclusivas, lo que puede ser un método muy favorable para acabar con las desigualdades, pudiendo incluso acabar con discriminaciones muy arraigadas en la sociedad, dejando ver una mayor diversidad en los grupos sociales. El presente artículo integra el análisis el reconocimiento del derecho fundamental a la Educación y el interés superior del niño, desde el marco interpretativo del deber estatal en la promoción de la igualdad y la lucha contra las discriminaciones no solo en el marco estatal, sino mediante los compromisos internacionales en la materia. La educación inclusiva supondrá un mayor nivel educativo que permitirá una gama más amplia de estrategias educativas, tantas como necesidades educativas sean exigidas por los estudiantes y permitan la inclusión de niños y niñas independientemente del grado de diversidad funcional que sufran o la situación de marginalidad en la que se encuentren.</jats:p>",,1 Extraordinario,406,439,Humanities; Political science; Philosophy,Educación  derecho  inclusión  discapacidad  igualdad Education  law  inclusion  disability  equality. Sumario: 1. Planteamiento general: de la integración a la inclusión. 2. La actuación de los poderes públicos. 2.1.; mbito internacional. 2.2.; mbito estatal: ¿compromiso sin recursos? 2.3.; mbito autonómico: ¿igualdad de oportunidades? 3. Jurisprudencia del Tribunal Constitucional y del Tribunal Supremo. 4. La LOMLOE. 5. En conclusión: ¿la educación inclusiva una realidad? 6. Bibliografía,,,,https://revistes.ub.edu/index.php/RED/article/download/37713/36982 https://doi.org/10.1344/reyd2021.1ext.37713,http://dx.doi.org/10.1344/reyd2021.1ext.37713,,10.1344/reyd2021.1ext.37713,,,0,,4,true,cc-by,gold
048-157-626-999-467,Estudio bibliométrico de las publicaciones científicas sobre la percepción de las familias de alumnos con necesidades específicas de apoyo educativo,2020-05-14,2020,journal article,Revista Internacional de Educación para la Justicia Social,22543139,Servicio de Publicaciones de la Universidad Autonoma de Madrid,,Diego Navarro; Laura M. Sanchez; Teresa Gómez,"Se presenta un analisis bibliometrico con mapas de contenido sobre publicaciones cientificas acerca de la percepcion de las familias de alumnos con necesidades especificas de apoyo educativo sobre el sistema educativo. El analisis se enmarca en la descripcion de la evolucion de la participacion de las familias en la escuela, tanto a nivel legislativo como a nivel practico. Los resultados se centran en los ultimos 5 anos (2015 a 2019), y extraidos los articulos de revistas indexadas en la Web of Science-WOS, muestran que el autor mas prolifico es Burke de la Universidad de Illinois, con 3 articulos. Se aprecia una evolucion creciente en el numero de articulos publicados. Las dos revistas con mayor numero de publicaciones, sobre la tematica, son Child Care Health and Development y Journal of Autism and Developmental, con 8 articulos cada una de ellas. En cuanto a los paises de procedencia, USA con 77 articulos, destaca muy por encima del resto de paises. Por ultimo, destacamos que el termino autismo aparece en 22 articulos, lo que implica que muchas de las investigaciones que estudian este fenomeno se centran en el Trastorno del Espectro del Autismo.",9,1,231,247,,Bibliometric study; Families; Perception; Specific educational support needs; Education,,,,https://dialnet.unirioja.es/servlet/articulo?codigo=7398155 https://revistas.uam.es/riejs/article/download/riejs2020.9.1.011/12036 https://revistas.uam.es/riejs/article/view/riejs2020.9.1.011/12036,http://dx.doi.org/10.15366/riejs2020.9.1.011,,10.15366/riejs2020.9.1.011,3025833261,,0,004-572-111-276-261; 006-137-788-131-853; 008-609-675-207-861; 008-665-528-341-610; 012-006-383-459-84X; 014-326-239-218-975; 018-367-970-312-844; 030-709-923-532-66X; 036-337-637-074-593; 043-598-136-788-685; 047-044-044-254-628; 071-845-181-002-267; 080-179-137-450-876; 091-375-937-734-663; 092-268-283-793-084; 110-843-534-479-276; 114-378-997-574-653; 149-313-885-757-52X; 160-674-093-152-33X; 165-452-533-767-193; 180-424-471-479-676,2,true,cc-by-nc-nd,gold
048-433-202-427-48X,Laboratorio de desarrollo en Educación Superior con alumnado de Altas Capacidades y/o Alto rendimiento - [Development Laboratory in Higher Education with High Ability and / or High performance students],,2021,conference proceedings article,Innovaciones docentes en tiempos de pandemia.,,Servicio de Publicaciones Universidad,,Angélica González Arrieta; María Belén Pérez Lancho; José Rafael García-Bermejo-Ginner; Iván Álvarez Navia; Ángel Luis Sánchez Lázaro; Juan Andrés Hernández Simón; Teresa Martín García; Pastora Isabel Vega Cruz,"Resumen-En el marco universitario, como en el resto del sistema educativo, buscamos alcanzar los niveles de excelencia adecuados para una óptima formación académica, así como para garantizar la capacitación profesional de los estudiantes. Centrándonos en respetar el ritmo de aprendizaje del estudiante, en concreto el del alumnado de altas capacidades y/o alto rendimiento, proponemos crear, en los grupos de investigación de excelencia, laboratorios de desarrollo para potenciar el aprendizaje de este tipo de alumnos. Solicitamos en este sentido el respaldo del Ministerio de Educación y Formación Profesional. Previamente tenemos que concienciar al profesorado universitario que este tipo de alumnos tiene necesidades educativas especiales, porque no siempre los de alumnos altas capacidades son también alumnos de alto rendimiento. Por esta razón, es preciso formar al profesor universitario en la detección de estos alumnos, capacitándole para que lleve a cabo la oportuna intervención. Finalmente, consideramos que es el propio alumno de altas capacidades quien, consciente de su especial situación, debe exigir sus derechos.",,,414,418,,Altas capacidades; alto rendimiento; innovar; talento; atención a la diversidad; intervención High abilities; high performance; innovate; talent; attention to diversity; intervention,,,,http://dx.doi.org/10.26754/cinaic.2021.0079,http://dx.doi.org/10.26754/cinaic.2021.0079,,10.26754/cinaic.2021.0079,3210378133,,0,,0,true,cc-by-nc-nd,hybrid
048-890-970-312-064,Identificación y Tratamiento de las Necesidades Educativas Especiales de los Educandos,2020-12-04,2020,journal article,"Revista Internacional de apoyo a la inclusión, logopedia, sociedad y multiculturalidad",26039443; 23870907,Universidad de Jaen,,Cristina Merino Rodríguez,"In this end of degree dissertation, the underlining of the significance of the inclusion education in the ordinary classroom is expected, aimed at the children with Special Educational Needs. Furthermore, it is highlighted the importance of offering protocols of action in order to facilitate a real inclusion education, as well as, question, in some way, the supposed formation on this topic, noting the importance of teachers’ work. Moreover, this descriptive investigation gives valuable information on the daily life and, doing so, it can help by giving important and interesting information and knowledge to teachers, future teachers, families and, definitely, society in general. Finally, it is very important the position of the diagnosis of differents characteristics in the students for their treattment.",6,3,24,41,Psychology; Pedagogy; Action (philosophy); Special educational needs,necesidades educativas especiales; inclusión educativa; investigación; alumnado; familia special educational needs; inclusion education; investigation; students; family,,,,https://revistaselectronicas.ujaen.es/index.php/riai/article/download/5878/5210 https://dialnet.unirioja.es/descarga/articulo/7680318.pdf https://dialnet.unirioja.es/servlet/articulo?codigo=7680318 https://revistaselectronicas.ujaen.es/index.php/riai/article/view/5878,http://dx.doi.org/10.17561/riai.v6.n3.3,,10.17561/riai.v6.n3.3,3113228233,,0,172-758-992-160-636; 198-150-390-990-710,0,true,cc-by-nc-sa,gold
049-631-364-319-813,The ability of video games to depict cancer as a dramatic experience. A comparative study with literature and cinema,,2019,journal article,Communication & Society,23867876,Universidad de Navarra,,Luis Navarrete-Cardero; Juan J. Vargas-Iglesias,"Given that the democratisation of video games has allowed this industry to appropriate a series of themes traditionally the exclusive preserve of other expressive media, this work analyses the capacity of videoludic expression to elicit emotions and convey the seriousness of cancer by performing a comparative study with literature and cinema. To this end, three works (one per medium) were selected to be respectively read, viewed or played by all the study subjects (n=90). A two-step methodology was employed. Firstly, the concepts of emotion and narrative scheme were defined in the context of disciplines relating to the three media and then shared with the subjects. Secondly, once both variables, i.e. the concepts of emotion and narration, had been controlled, a questionnaire was designed to determine which of the three works comprising the corpus best conveyed the experience of cancer. The results reveal that the sample game, in spite of its shortcomings in character design, was judged to be the one that most poignantly described the development of the disease. Therefore, it is possible to claim that the common belief that video games are trivial devices, solely designed to entertain, contrasts with their true expressive ability to convey dramatic experiences.",32,3,1,15,Psychology; Cognitive psychology; Spite; Narrative; Scheme (programming language); Seriousness; Expression (architecture); Context (language use); Sample (statistics); Movie theater,,,,,https://idus.us.es/handle/11441/87493 https://revistas.unav.edu/index.php/communication-and-society/article/view/30613 https://dialnet.unirioja.es/servlet/articulo?codigo=7150955 https://revistas.unav.edu/index.php/communication-and-society/article/download/30613/32031,http://dx.doi.org/10.15581/003.32.3.1-15,,10.15581/003.32.3.1-15,2953010652,,0,,0,true,cc-by-nc-nd,gold
049-985-294-147-814,Trastorno por déficit de atención con hiperactividad (TDAH) en niños y adolescentes. Una revisión clínica.,2020-10-09,2020,journal article,Revista de Neuro-Psiquiatría,16097394; 00348597,Universidad Peruana Cayetano Heredia,,Fiorella Rusca-Jordán; Carla Cortez-Vergara,"Attention deficit hyperactivity disorder (ADHD) is a neurodevelopmental condition whose main symptoms are inattention, hyperactivity, and impulsivity. ADHD has been associated with a model of pathophysiological heterogeneity, in which, among others, executive functions are mostly affected, generating significant difficulties in responding to certain stimuli, planning and organizing a variety of actions, reflecting on possible consequences, and inhibiting the first, initial automatic response to substitute it with a more appropriate one. ADHD accounts for up to 50% of consultations in child psychiatry, and its prevalence has been estimated between 2% and 12% of the pediatric population. It is multifactorial in origin and, in 70% of the cases, it can coexist with other psychiatric and neurological disorders. The diagnosis is basically clinical and requires, ideally, a careful medical examination as well as exhaustive interviews with parents or caregivers and teachers, as well as, the interview of the child or adolescent whenever possible. Every child or adolescent with ADHD should have a comprehensive, individualized treatment plan that considers the chronicity and impact of the condition, and involves psychopharmacological and/or therapeutic behavioral measures to improve the central manifestations of ADHD and a possible associated functional decline.",83,3,148,156,Psychiatry; Executive functions; Impulsivity; Attention deficit hyperactivity disorder; Pediatric population; Functional decline; Individualized treatment; Child and adolescent psychiatry; Medicine; El Niño,,,,,https://revistas.upch.edu.pe/index.php/RNP/article/view/3794 https://www.scilit.net/article/042e3252e4b9779ec2464a29464f9021 https://revistas.upch.edu.pe/index.php/RNP/article/download/3794/4274 https://pesquisa.bvsalud.org/portal/resource/pt/biblio-1150073 http://www.scielo.org.pe/scielo.php?script=sci_arttext&pid=S0034-85972020000300148 https://www.redalyc.org/journal/3720/372064490003/ http://www.scielo.org.pe/pdf/rnp/v83n3/0034-8597-rnp-83-03-148.pdf,http://dx.doi.org/10.20453/rnp.v83i3.3794,,10.20453/rnp.v83i3.3794,3092337461,,0,001-281-884-672-611; 002-316-715-709-579; 003-493-810-665-926; 005-386-561-915-363; 012-793-531-875-18X; 016-237-291-535-132; 017-179-188-500-867; 017-336-270-131-139; 017-927-600-496-072; 018-052-797-269-064; 022-759-230-229-102; 024-089-236-842-04X; 029-144-238-847-902; 034-834-403-020-677; 038-683-983-915-88X; 047-373-773-866-920; 068-865-428-808-888; 071-769-522-385-656; 073-774-269-390-265; 074-558-892-196-296; 083-198-530-944-533; 084-791-396-002-863; 088-169-166-584-947; 098-387-210-957-156; 100-922-500-586-164; 114-476-048-758-046,45,true,cc-by,gold
050-059-465-302-608,Promoviendo la autodeterminación en el aula: el modelo de enseñanza y aprendizaje de la autodeterminación,2018-02-23,2018,journal article,Siglo Cero. Revista Española sobre Discapacidad Intelectual,25300350; 02101696,Ediciones Universidad de Salamanca,Spain,Cristina Mumbardó Adam; Eva Vicente Sánchez; Climent Giné; Joan Guàrdia Olmos; Sheida K. Raley; Miguel Ángel Verdugo Alonso,"Within Spanish context, initiatives to promote self-determination in educational settings still lacking despite of the availability of instruments designed to enable the instruction of self-determination skills, such as the Self-Determined Learning Model of Instruction. This evidence-based practice enables teachers to instruct students to develop self-determination actions and skills. This study aims to present the Spanish translated and adapted version of the afore mentioned program/tool, in an effort to improve the focus of self-determination instruction in the Spanish educational context by providing practitioners with a model of instruction intended to teach skills associated with the promotion and enhancement of self-determined action.",48,2,41,59,Psychology; Pedagogy; Action (philosophy); Context (language use); Focus (computing); Promotion (rank),autodeterminación; intervención; formación de profesionales educativos self-determination; intervention tool; teacher education,,,,https://revistas.usal.es/index.php/0210-1696/article/download/scero20174824159/18261 http://riberdis.cedd.net/handle/11181/5434 https://core.ac.uk/display/159383528 https://gredos.usal.es/handle/10366/137874 https://revistas.usal.es/index.php/0210-1696/article/view/scero20174824159 https://dialnet.unirioja.es/servlet/articulo?codigo=6367636 https://dialnet.unirioja.es/servlet/articulo?codigo=6367636&info=link https://doaj.org/article/c1b6a378887d4270b55118fb3c98cb4c https://dx.doi.org/10.14201/scero20174824159 http://dx.doi.org/10.14201/scero20174824159 https://core.ac.uk/download/159383528.pdf,http://dx.doi.org/10.14201/scero20174824159,,10.14201/scero20174824159,2791979664,,0,001-260-595-911-126; 003-425-797-424-954; 005-068-894-164-20X; 006-219-678-116-985; 007-685-068-722-659; 008-498-674-898-999; 013-946-963-650-823; 014-221-563-348-80X; 014-561-775-217-570; 024-417-716-260-276; 025-511-822-321-981; 027-646-670-000-361; 040-131-909-668-645; 052-739-520-984-536; 053-436-861-236-104; 053-786-919-401-978; 063-803-049-820-726; 065-761-717-815-464; 066-592-260-994-299; 071-508-930-816-173; 081-888-155-131-906; 088-055-176-592-929; 096-385-553-672-492; 174-819-516-743-549; 192-700-549-171-81X,15,true,cc-by-nc-sa,gold
050-186-239-391-923,Robótica para la inclusión educativa: una revisión sistemática,2021-12-01,2021,journal article,Revista Interuniversitaria de Investigación en Tecnología Educativa,25299638,Servicio de Publicaciones de la Universidad de Murcia,,Judit Rodrigo Parra,"Education must be inclusive and one of the tools used to achieve this is robotics. In addition, one of the elements of robotics is programming and computational thinking is applied to program. On the other hand, to ensure that education is inclusive, there must be diversity. I proceed to develop a systematic review on the use of robotics for educational inclusion. The questions of this research are: Can educational robotics be a strategy for educational inclusion? What benefits are obtained with the use of robotics in educational inclusion? How is the training of teachers in relation to the use of robotics for inclusion? After applying filters following the PRISMA statement, 23 studies belonging to the Scopus and WOS databases have been selected. The conclusions are: educational robotics can indeed be a strategy for educational inclusion. In addition, numerous benefits are reported, such as increased motivation, creativity and teamwork skills, and improved social and communication skills. Few results have been obtained about teacher training in this area (very few studies in the systematic review address this issue). However, it is noted that most teachers consider robotics a useful tool for educational inclusion.",,,150,171,Creativity; Teamwork; Mathematics education; Artificial intelligence; Inclusion (education); Psychology; Educational robotics; Statement (computer science); Computational thinking; Robotics; Scopus,Education; robotic; inclusion; teacher training,,,,https://revistas.um.es/riite/article/view/492211,http://dx.doi.org/10.6018/riite.492211,,10.6018/riite.492211,3214894146,,0,004-055-705-014-554; 004-478-473-184-988; 042-310-735-631-530; 043-056-214-143-932; 049-406-944-817-180; 051-275-243-370-368; 059-027-899-467-750; 066-272-317-813-08X; 067-576-485-577-249; 069-030-931-758-647; 076-988-537-946-403; 083-442-922-880-032; 093-181-444-325-973; 110-459-381-687-173; 121-252-651-719-800; 124-032-169-477-131; 125-682-935-842-734; 130-814-984-629-422; 138-846-361-291-362; 157-361-936-617-751,8,true,cc-by-nc-sa,gold
050-685-017-752-582,"Diversidad, neurodivergencia e inclusión educativa: Aproximaciones teóricas desde la educación contemporánea",,2026,book,,,Sophia Editions,,Adalia Lisett Rojas-Valladares; Yideira Domínguez-Urdanivia; Roelbis Lafita-Frómeta,"<jats:p>Este libro ofrece una visión integral de cómo la educación puede transformarse para atender de manera efectiva la diversidad de estudiantes en todos los niveles. El libro examina los principios de la educación inclusiva, destacando su carácter como derecho y proceso, y analiza cómo la neurodivergencia, los trastornos del aprendizaje, el autismo, el déficit de atención con hiperactividad y las altas capacidades requieren enfoques pedagógicos que reconozcan y valoren las diferencias cognitivas. Asimismo, aborda la diversidad étnica y cultural en América Latina y el Caribe, explorando la identidad, la interculturalidad, los impactos históricos del colonialismo y las luchas contemporáneas por el reconocimiento de derechos, mostrando que la inclusión educativa también debe considerar la riqueza cultural y social de cada contexto. La obra combina teoría y práctica al presentar estrategias concretas como el diseño universal para el aprendizaje, adaptaciones curriculares, ajustes razonables, diferenciación pedagógica y planificación flexible, con el objetivo de garantizar el acceso, la participación, el aprendizaje y el bienestar de todos los estudiantes. Además, reflexiona sobre la convivencia escolar y la construcción de espacios educativos equitativos y participativos, enfatizando la importancia de políticas institucionales claras, seguimiento y evaluación inclusiva. Esta obra constituye una guía imprescindible para docentes, investigadores y responsables de políticas educativas, inspirando a construir escuelas más justas, accesibles y enriquecedoras, capaces de fomentar sociedades inclusivas y respetuosas de la diversidad humana en todas sus dimensiones.</jats:p>",,,,,Humanities; Philosophy; Political science; Sociology; Context (archaeology); Social relationship; Human immunodeficiency virus (HIV); Art; Geography; Social activism,,,,,https://doi.org/10.64092/ilnx2136,http://dx.doi.org/10.64092/ilnx2136,,10.64092/ilnx2136,,,0,,0,true,other-oa,gold
051-107-893-102-995,"Implementação da rede de cuidados à pessoa com deficiência: contexto, valores e níveis do cuidado",,,dissertation,,,"Universidade de Sao Paulo, Agencia USP de Gestao da Informacao Academica (AGUIA)",,Paulo Henrique dos Santos Mota,,,,232,232,,Estudos sobre Deficiência; Sistema de saúde; Reabilitação; Política Pública Disability Studies; Health systems; Rehabilitation; Public Policy,,,,https://pesquisa.bvsalud.org/portal/resource/pt/biblio-1052693 https://teses.usp.br/teses/disponiveis/6/6143/tde-11032020-132928/pt-br.php https://repositorio.usp.br/item/002992382 https://www.teses.usp.br/teses/disponiveis/6/6143/tde-11032020-132928/publico/MotaPHS_DR_O.pdf,http://dx.doi.org/10.11606/t.6.2020.tde-11032020-132928,,10.11606/t.6.2020.tde-11032020-132928,3023466968,,0,,1,true,cc-by-nc-sa,gold
052-426-149-911-916,El pensamiento visual en la formación del profesorado: Análisis de los componentes del pensamiento viso-espacial y su importancia en la formación de los docentes de educación infantil y primaria,,,dissertation,,,Universidad de Valladolid,,Pedro Urchegui Bocos,"El presente trabajo aborda el pensamiento visual como constructo relevante en la formacion de los profesionales de la educacion basica. A partir del analisis de la percepcion visual y del razonamiento espacial, desde una triple perspectiva sociocultural, psicologica y pedagogica de los aspectos visuales y graficos de la inteligencia espacial. Se plantea una investigacion descriptiva del constructo en los estudiantes del ultimo curso de Grado en Educacion en la Universidad de Valladolid. Se analizan las referencias espaciales de la visualizacion estatica y dinamica y se vinculan con el pensamiento proporcional y la lectura de imagenes. Destaca el deficit existente en las referencias visuales en la comprension del campo visual de los estudiantes y en la lectura de imagen. El razonamiento de la proporcion plantea mayor dificultad en el eje vertical que en el horizontal y el analisis de angulos muestra diferencias, siendo inferior la respuesta cuando se analiza una forma. Plantea la relacion de estos deficits con las dificultades de representacion grafica considerando los diferentes sistemas de representacion en el plano, destacando la importancia de la informacion grafica y el modelo en la educacion, tanto de disciplinas artisticas como cientificas. Palabras clave: Pensamiento Visual, Razonamiento Espacial, Representacion Grafica, Pensamiento Variacional, Educacion.",,,,,,Visual Thinking; Spatial Reasoning; Graphicacy; Variational Thinking Education,,,,https://uvadoc.uva.es/bitstream/10324/16661/1/Tesis927-160405.pdf https://redined.mecd.gob.es/xmlui/handle/11162/163106 https://uvadoc.uva.es/handle/10324/16661 https://dialnet.unirioja.es/servlet/tesis?codigo=152365 https://core.ac.uk/download/211100251.pdf,http://dx.doi.org/10.35376/10324/16661,,10.35376/10324/16661,2338238419,,0,,3,true,cc-by-nc-nd,hybrid
052-570-310-382-202,Tópicos em Administração - Volume 21,,2019,book,,,10.5935,,Claudio Alvim Zanini Pinter; Domingos Pignatel Marcon; Jéssica Elize Bruckheimer; Moisés da Silva Martins; Ricardo Rangel Gardinal; Carlos Eduardo Francischetti; Clóvis Luís Padoveze; Janaina Aparecida Joaquim de Oliveira; Mara Vogt; Larissa Degenhart; Fabricia Silva da Rosa; Francisca Francivânia Rodrigues Ribeiro Macêdo; Antônio Matheus Pinto da Silva; Geovanne Dias de Moura; Rafael Carlos Moreira Alves; Patricia Carbonari Pantojo; Katiane Rossi Haselein Knoll; Paulo Vanderlei Cassanego; Mikaela Daiane Prestes Floriano; Paola Rosano Rodrigues; Mateus Lopes de Freitas; Robert de Azevedo Nadalon; Bruno Milani; João Ricardo Ferreira Lopes; Lorena Lopes; Artur Ângelo Ramos Lamenha; Iana Lis de Oliveira Silva; Renata Araújo da Silva; Guilherme Lima dos Santos; Marcos Vieira de Oliveira Silva; Adriana Farias Tenório Nunes; Frederico Lima Meneses; Carlos André de Melo Alves; Débora Orioli Tozetto; Camila Moreira Tomaz dos Santos; Márcia Regina de Oliveira; Monique Teixeira Crespo; Marina Costa Campos; Ari Arcilio Carneiro de Albuquerque Júnior; Ricardo dos Santos Oliveira; Waldemar Antonio da Rocha de Souza; Renato Luis Pinto Miranda; Caroline Mariosi Idiart; Filipe Braga Zschornack; Rodrigo Serpa Pinto; Luciana Florentino Novo; Cesar Eduardo Abud Limas; Adriana Gresielly Fabrini; Osvaldo Malta Callegari; João Carlos da Cunha; Carlos Magno Gomes Ricardo; Jheinny Cavazine dos Santos; Elisabete Coentrão Marques; Renata Coentrão Marques; Newton Ribeiro Parahyba Júnior; Ana Paula Oliveira da Costa Salgueiro; Keter Fagundes Bauermann; Carlos Eduardo Gerzson de Souza; Sueli de Sales Almeida; Bianca Bastos Rodrigues; Leonardo Werneck Paulo; Luiz Alexandre Corrêa Castelo Branco; Natália Cristina Corrêa Castelo Branco; Sthefani Nogueira Saraiva; Tatiani Ferreira Marcelino; Maria do Socorro Ferreira da Silva; Vicentina Socorro da Anunciação; Hélio Mário de Araújo,"Modo de acesso: World Wide Web Inclui bibliografia 1. Administração 2. Gestão. 3. Produção I. Título CDD-658 O conteúdo dos artigos e seus dados em sua forma, correção e confiabilidade são de responsabilidade exclusiva dos seus respectivos autores.",,,,,,,,,,https://www.poisson.com.br/livros/adm/volume21/Topicos_em_Administracao_vol21.pdf,http://dx.doi.org/10.5935/978-85-7042-070-1,,10.5935/978-85-7042-070-1,2941855490,,0,,0,true,,bronze
053-160-349-709-019,Persistencia emprendedora en el ecosistema innovador y tecnológico de Castilla y León,2022-01-01,2022,dissertation,,,Ediciones Universidad de Salamanca,,María Azucena Pérez Alonso,"[ES] El emprendimiento innovador y tecnológico ha venido manifestándose como un emprendimiento robusto y a la vez como una vía para fortalecer el sistema de desarrollo regional a través de la generación de innovación, creación de empleo y desbordamiento del conocimiento. Según la Estrategia Regional de Investigación e Innovación para una Especialización Inteligente (RIS3) de Castilla y León, una de las prioridades en la agenda para el periodo 2021-2027 es el fomento y apoyo al emprendimiento y al intraemprendimiento en torno a la I+D. Esta apuesta es de suma importancia para una comunidad con una progresiva pérdida de densidad empresarial y una preocupante fuga de talento. Esta tesis doctoral tiene como objetivo radiografiar la actitud de los emprendedores innovadores y tecnológicos de Castilla y León hacia la persistencia emprendedora en una situación de extrema incertidumbre y vulnerabilidad, como ha sido la pandemia provocada por el SARS CoV-2, para identificar fortalezas y debilidades en circunstancias de alta exigencia, así como, paralelamente, posibles medidas de intervención orientadas a impulsar la actividad emprendedora e innovadora de Castilla y León. La metodología ha consistido en el análisis, en una muestra representativa, de la interacción de diversas variables psicológicas: realismo, autoeficacia, autorregulación bajo presión y bienestar con la persistencia emprendedora, en forma de consolidación o de emprendimiento habitual. Los resultados corroboran una tendencia propia y arraigada del emprendedor español, una alta determinación por consolidar, pese a las circunstancias. Así mismo, el análisis de los hallazgos muestra una inclinación menor por reemprender, en este caso fuertemente relacionada con el realismo. Una situación sin marco referencial, como resultado del estado de alarma y las restricciones inherentes a él, explica el hecho de que relaciones sólidamente confirmadas en la literatura académica tales como el realismo, la autoeficacia, el control bajo presión o el bienestar con la intención emprendedora no se constaten ortodoxamente en circunstancias tan anómalas y fuera del control del emprendedor. Los hallazgos muestran una inexistente relación entre el realismo, la autoeficacia y el control bajo presión en la intención de consolidar e incluso una relación negativa entre el bienestar y esta intención; cabe puntualizar que el bienestar manifestado por la muestra es tan bajo que podría entenderse como una graduación de la ausencia de este. Respecto al emprendimiento habitual, el realismo influye, predeciblemente, de forma negativa en la intención de remprender, y el control bajo presión percibido afecta, positivamente, solo a los varones, en la inclinación por reemprender. Las conclusiones de este estudio sugieren un funcionamiento psicológico del emprendedor, respecto a su actividad profesional, en cierto grado, diferente durante la pandemia que el previsto por la literatura incluso en situaciones adversas. Consecuentemente, se propone un fortalecimiento del apoyo institucional formal e informal al emprendimiento en Castilla y León para disminuir la vulnerabilidad del emprendedor e impulsar una actividad emprendedora de calidad que garantice la creación de puestos de trabajo y la retención, incluso atracción, del talento en cualquier situación, si cabe más aún en escenarios de crisis; momentos en los que el emprendimiento cobra más relevancia para el desarrollo socioeconómico y la prosperidad regional. [EN] Innovative and technological entrepreneurship is characterized for its robustness and its potential contribution to strengthen the regional development system by enhancing innovation, job creation and knowledge spillover. The Research and Innovation Smart Specialization Strategy (RIS3) for the comunidad autónoma of Castilla y León during the period 2021-2027 has defined the impulse and support of entrepreneurship and intrapreneurship committed to R& D as a priority. This priority seems of vital importance for a region experiencing a progressive entrepreneurial demography decline and a worrisome brain drain. Therefore, this doctoral thesis aims to enlighten innovation and technological entrepreneurs’ attitude toward entrepreneurial persistence under an uncertain and exposed situation like the one caused by SAR S-CoV-2. Results should be the identification of strengths and shortcomings within the entrepreneurial ecosystem in highly demanding circumstances as well as the potential needs for action to provide new impetus for entrepreneurial activity. The methodology consists of analyzing the interaction between several psychological variables, within a sample of representative entrepreneurs: realism, perceived self-efficacy, control under pressure and wellbeing with entrepreneurial persistence, whether in form of continuously running the founded company or opting for serial or portfolio entrepreneurship actions. The findings confirm a solid Spanish entrepreneurship proneness to consolidate the created company, even despite adverse circumstances. Moreover, the obtained results unveil a relative low proclivity to undertake habitual entrepreneurship, in this case strongly related to realism. A situation with no frame of reference, as result of lockdowns and prior unimaginable restrictions may account for the fact that some solid and empirically proved maxims such as the relation of realism, perceived self-efficacy, control under pressure and wellbeing with entrepreneurial persistence could not be fully confirmed under unusual and out of control conditions. Results show an almost non-existent relation between realism, self-efficacy, and control under pressure with the intention to consolidate and even a negative relation between wellbeing and the willpower to continue. It should be pointed out that wellbeing displayed by the population studied was so low that it may be considered, most precisely, as gradations of wellbeing absence. Concerning habitual entrepreneurship, realism influences, in a foreseeable manner, negatively entrepreneurship intentions. Control under pressure, understood as self-regulation, influences the propensity to start a new business, but only for the male study population. The conclusions of this study suggest a different psychological functioning among entrepreneurs, in the working context, during the pandemic than the common patterns backed by the expert’s community in the field, questioning the universality of the theoretical underpinnings and highlighting the weight of events and circumstances in the persistence decision. Based on the results, it is suggested to strongly reinforce entrepreneurial formal and informal institutional support in order to mitigate the entrepreneur’s vulnerability and to boost a high-quality entrepreneurial activity as warrant for jobs creation and talent retention, even attraction, in any given situation and even with greatest force in a crisis scenario, a situation where a high-quality entrepreneurial ecosystem gains for the socioeconomic regional progress in relevance.",,,,,Political science; Humanities; Philosophy,,,,,,http://dx.doi.org/10.14201/gredos.150816,,10.14201/gredos.150816,,,0,,0,true,cc-by-nc-nd,gold
053-884-113-603-019,La formación inicial docente en educación inclusiva: experiencias y percepciones del futuro profesorado,2021-02-02,2021,journal article,ReiDoCrea: Revista electrónica de investigación Docencia Creativa,22545883,Editorial de la Universidad de Granada,,Leopoldo Medina Sánchez,"espanolLa formacion inicial de las futuras maestras y maestros para atender a la diversidad es la base para el desarrollo de actitudes y practicas inclusivas que contribuyan tanto a la construccion de entornos de aprendizaje seguros y accesibles como a la creacion de sociedades mas justas. Por esta razon, el presente estudio tiene como objetivo conocer en profundidad las experiencias y percepciones de docentes en formacion inicial respecto a la formacion recibida en materia de educacion inclusiva durante los tres primeros cursos correspondientes al modulo generico del Grado en Educacion Primaria (EP) de la Facultad de Ciencias de la Educacion de la Universidad de Granada. Para ello, hemos utilizado un cuestionario por escrito estructurado y exploratorio, ademas de un analisis del plan de estudios del Grado en EP. Los principales resultados revelan que los participantes no se consideran lo suficientemente preparados para atender a la diversidad sobre todo en lo que respecta a una formacion practica de calidad. Asimismo, los datos sugieren la necesidad de un replanteamiento de la configuracion del periodo de practicas, asi como del diseno del plan de estudios, de manera que se incrementen tanto la calidad como la cantidad de los contenidos teoricos y practicos en materia de educacion inclusiva. EnglishPre-service teaching programs in attention to diversity are the basis for the development of inclusive attitudes and practices that contribute both to the construction of safe and inclusive learning environments, as well as to the creation of fairer societies. For this reason, the objective of this study is to gain an in-depth understanding of the experiences and perceptions of pre-service teachers regarding their training in inclusive education during the first three academic courses which correspond to the generic module of the Degree in Primary Education (PE) of the Faculty of Educational Sciences of the University of Granada. To carry out this research, we have used a structured and exploratory written questionnaire, in addition to an analysis of the syllabus of the Degree in PE. The main results reveal that the participants do not consider themselves sufficiently prepared to attend to diversity, especially when it comes to an adequate training. Likewise, the data collected suggest the need to rethink the configuration of the school practices, as well as the design of the syllabus, so as to increase both the quality and quantity of the theoretical and practical content regarding inclusive education.",10,3,1,24,Sociology; Humanities; Inclusive learning,,,,,https://digibug.ugr.es/bitstream/10481/66306/1/10-3.pdf https://dialnet.unirioja.es/servlet/articulo?codigo=7750243 https://digibug.ugr.es/handle/10481/66306,http://dx.doi.org/10.30827/digibug.66306,,10.30827/digibug.66306,3129004667,,0,,7,true,cc-by,gold
055-531-290-415-579,Desafíos de la inclusión en la Educación Superior: reflexiones internacionales sobre prácticas educativas transformadoras,2020-11-17,2020,journal article,Revista Educação Especial,1984686x,Universidade Federal de Santa Maria,,Eladio Sebastián-Heredero; Patricia Tanganelli Lara,"The objective of this article is to present the public policies put in place both in Spain and in Brazil, to support the access and stay of students with disabilities, including those with autism spectrum disorder, gifted and / or highly skilled, in institutions Public Higher Education. For this, we use the comparative method of two realities to see their similarities and differences, and to interpret how in each of the contexts processes of change take place from the most interpretive side of the social sciences. The results indicate that in both cases there is recognition and attention to students with teaching deficiencies in both countries implemented in line with the UNESCO recommendations. It is observed that in both cases there is a specific regulation on the access and permanence of students at the University that in Spain is exclusive for people with disabilities, while in Brazil it is shared with other diversities and, finally, it is verified that the regulation of services is more detailed with legislation in Brazil, while in Spain it remains in the hands of the autonomy of the Universities based on a broad regulatory framework.",33,,70,,Public policy; Higher education; Political science; Pedagogy; Legislation; Access to Higher Education; Autism spectrum disorder; Highly skilled; Processes of change; Autonomy,Inclusion in Higher Education; affirmative policies; access to Higher Education,,,,https://www.scilit.net/article/14376923367a8fc7dea9253f1c484bf7 https://periodicos.ufsm.br/educacaoespecial/article/download/48224/pdf https://periodicos.ufsm.br/educacaoespecial/article/view/48224,http://dx.doi.org/10.5902/1984686x48224,,10.5902/1984686x48224,3105622348,,0,,1,true,cc-by-nc,gold
055-808-811-974-157,La diversidad: el reto de la educación inclusiva,2017-12-25,2017,journal article,Revista EDUCA UMCH,26170337; 26178087,Universidad Marcelino Champagnat,,Bertha E. Martínez Ocaña,"In this article we review the concepts of diversity, inclusion, educational inclusion, highlighting diversity as a value that enriches us. It presents the national and international agreements that promote inclusive education, as a right to education for All.",10,10,107,116,Sociology; Inclusion (education); Value (mathematics); Diversity (business); Right to education; Welfare economics,Diversidad; Inclusión; Inclusión educativa Diversity; Inclusion; Educational inclusion,,,,https://alicia.concytec.gob.pe/vufind/Record/2617-0337_b622f1a26aabcbd2b3696a7383a34673 https://revistas.umch.edu.pe/EducaUMCH/article/view/15 https://dialnet.unirioja.es/servlet/articulo?codigo=7338747 https://www.mendeley.com/catalogue/8dd52e3c-8123-3422-be34-a20d58667c2e/ https://revistas.umch.edu.pe/EducaUMCH/article/download/15/12 https://dialnet.unirioja.es/descarga/articulo/7338747.pdf,http://dx.doi.org/10.35756/educaumch.v10i0.15,,10.35756/educaumch.v10i0.15,2904154339,,0,,0,true,cc-by,gold
056-026-163-451-269,"Educación Artística y Patrimonial para la percepción, comprensión y reflexión del colectivo sordo en el ámbito museal. Estudio de casos evaluativo.",,,dissertation,,,Universidad de Valladolid,,Sara Pérez López,"IV.3 La investigación en el ámbito de los museos IV.3.1 Un ejemplo de investigación en museos transferible a contextos formales. El Caso del VTS IV.3.2 Investigación en educación museística y capacidades diferentes. El caso de la investigación y trabajo con el colectivo sordo. Capítulo V. DESCRIPCIÓN METODOLOGICA V.1 Orientación metodológica V.1.1 Clasificación de la investigación V.1.2 Planteamiento del problema V.1.3 Hipótesis V.1.4 Variables/descriptores V.1.5 Perspectiva metodológica V.1.6 Fases de la investigación V.1.7 Muestreo V.2 Métodos y Técnicas V.2.1 Técnicas utilizadas V.2.2 Diseño del cuestionario V.2.3 Recogida de datos V.3 Diseño del instrumento de recogida de datos: Cuestionario. V.3.1 Datos relativos al control de la muestra V.3.2 Cuerpo de preguntas. Capítulo VI. ANÁLISIS DE DATOS VI.1 Técnicas, herramientas y procesos de sistematización para el análisis de datos VI.1.1 Estructura del análisis VI.2 Museo Nacional de Escultura VI.2.1 Metadatos del Museo Nacional de Escultura VI.2.2 Datos recibidos del Museo Nacional de Escultura",,,,,,,,,,https://dialnet.unirioja.es/servlet/tesis?codigo=132330 https://uvadoc.uva.es/handle/10324/6998 https://uvadoc.uva.es/bitstream/10324/6998/1/TESIS585-141103.pdf,http://dx.doi.org/10.35376/10324/6998,,10.35376/10324/6998,51689354,,0,,3,true,cc-by-nc-nd,hybrid
056-061-514-544-285,Inteligencia y experiencias tempranas adversas: ¿Relación con el apego y el autoconcepto adolescente?,2021-06-01,2021,journal article,"Psychology, Society & Education",1989709x; 21712085,Cordoba University Press (UCOPress),United States,Silveria Cambil Calderón; Milagros Fernández-Molina,"espanolEl apego, el autoconcepto, la inteligencia y las experiencias tempranas adversas son factores fuertemente relacionados con el ajuste escolar y personal en la adolescencia, pero no hay estudios donde se analicen grupos que difieran en tales caracteristicas. En este trabajo hemos estudiado la relacion con el rendimiento academico en dos grupos de 30 adolescentes cada uno con 50% de chicos y chicas, con edades comprendidas entre los 13 y los 18 anos (M = 13.9; DT = 1.242), con necesidades especificas de apoyo educativo por privacion sociocultural (adoptados y acogidos), y adolescentes por altas capacidades intelectuales. Los resultados muestran que ambos grupos difieren en la historia escolar, el rendimiento academico, la dimension academica del autoconcepto y el porcentaje de sujetos en apego inseguro preocupado. Las dimensiones mas relacionadas con el apego inseguro han sido el autoconcepto familiar y emocional, mientras que el apego seguro estuvo relacionado positivamente con la dimension academica del autoconcepto. El rendimiento academico estuvo relacionado tambien con el autoconcepto academico y familiar, y con el traumatismo. EnglishAttachment, self-concept, intelligence and early adverse experiences are factors strongly related to school and personal adjustment in adolescence, but there are usually no studies where groups that differ in such characteristics are analyzed. In this workwe have studied the relationship with academic performance in two groups of 30 adolescents each, 50% girls and boys, 13 to 18 years old (M=13.9; SD=1.242), with specific educational support needs due to socio-cultural deprivation (adopted and foster care)and high intellectual abilities. The results show that both groups differ in school history, academic performance, the academic dimension of self-concept and the percentage of subjects in insecure attachment. The dimensions most related to insecure attachment have been family and emotional self-concept, while secure attachment was positively related to the academic dimension of self-concept. Academic performance was also related to academic and family self-concept, and trauma",13,2,49,60,,Adoption; adolescence; cognition; personality,,,,https://dialnet.unirioja.es/descarga/articulo/7952842.pdf http://ojs.ual.es/ojs/index.php/psye/article/download/3502/4802 https://dialnet.unirioja.es/servlet/articulo?codigo=7952842,http://dx.doi.org/10.25115/psye.v13i2.3502,,10.25115/psye.v13i2.3502,3171575811,,0,,1,true,cc-by-nc-sa,gold
056-372-898-378-05X,Acciones para la atención a alumnos con altas capacidades en las secundarias de Ciudad México,2025-12-26,2025,journal article,Revistas UNICA (Universidad de Ciego de Avila Maximo Gomez Baez),,,,Cristian Enrique Jesús Diosdado García,"El análisis de las limitaciones en la atención a alumnos con altas capacidades considerados como aquellos alumnos identificados con talentos especiales y diagnosticados con Trastorno del Espectro Autista de Alto Funcionamiento, es un tema abordado por parte de la reflexión crítica y el análisis de experiencias propias, como estudiante y como docente, en la práctica educativa de otros docentes, funcionarios, directivos del sistema educativo de la secundaria. A través de una investigación descriptiva y la utilización de métodos como la observación y el análisis documental se diagnostica la atención a los mismos. El objetivo es proponer acciones para la atención a alumnos con altas capacidades en secundarias de Ciudad de México. Las mismas incluyen las de preparación al docente, así como las que permitan el desarrollo de la estimulación cognitiva, las creativas y sensoriales, de interacción social y de apoyo y comunicación.",,,,,Humanities; Sociology; Political science; Social impact; Computer science; Psychology; Context (archaeology); Field (mathematics); Interpretation (philosophy); Welfare economics,,,,,https://zenodo.org/doi/10.5281/zenodo.18036326,http://dx.doi.org/10.5281/zenodo.18036326,,10.5281/zenodo.18036326,,,0,,0,true,,green
057-260-319-937-989,"«Academics and Science Reviews Materials» (March 9-10, 2023). Helsinki, Finland, 2023",2023-03-12,2023,other,Zenodo (CERN European Organization for Nuclear Research),,,,Various Various,"Publisher.agency : Proceedings of the 2nd International Scientific Conference «Academics and Science Reviews Materials» (March 9-10, 2023). Helsinki, Finland, 2023. 258p",,,,,Environmental science,CLT; listening; reading; speaking; writing; skill; colloquial layer foreign language communicative competence; foreign languages; technologies; interactive critical thinking; foreign language teaching; intellectual courage; doubt and believing game; essay writing The perfect victim; forensics; stranger; sacrifice; human aggression Entropy of learning; performance; hypothesis testing; test; criterion analytical methods; coal; X-ray; coal ash; microelement; sulfur; iron financial strategy; price formation; price band; turnover; marker share; financial activity ликвидность; коэффициенты ликвидности; активы; банкротство liquidity; liquidity ratios; assets; bankruptcy,,,,https://zenodo.org/record/7726091,http://dx.doi.org/10.5281/zenodo.7726091,,10.5281/zenodo.7726091,,,0,,0,true,other-oa,green
057-323-312-243-533,Método centrado no usuário para construção de robôs autônomos visando a interação com humanos,,,dissertation,,,Fundaco Educaional Inaciana Pe Saboia De Medeiros,,Andrey Araujo Masiero,,,,,,,Software Engineering; User Centred Design; Service Robotics; Human-Robot Interaction; Personas,,,,http://repositorio.ausjal.org/handle/20.500.12032/496818 https://repositorio.fei.edu.br/bitstream/FEI/304/1/fulltext.pdf https://repositorio.fei.edu.br/handle/FEI/304,http://dx.doi.org/10.31414/ee.2018.t.129673,,10.31414/ee.2018.t.129673,2993015845,,0,,0,true,,bronze
058-109-849-057-086,Aplicação de nanoceluloses em fibras não branqueadas para obtenção de papéis.,,,dissertation,,,"Universidade de Sao Paulo, Agencia USP de Gestao da Informacao Academica (AGUIA)",,Jorge Cruces Cerro,,,,,,,Kraftliner; Fibras Curtas de Eucalipto; Nanocelulose; Propriedades Mecânicas do Papel; Fabricação de papel; CNF; MFC Kraftliner; Eucalyptus Short Fibers; Nanocellulose; Mechanical Properties of Paper; Papermaking  NCF  MFC,,,,https://www.teses.usp.br/teses/disponiveis/3/3137/tde-14032017-145716/publico/JorgeCrucesCerroOrig16.pdf https://www.teses.usp.br/teses/disponiveis/3/3137/tde-14032017-145716/pt-br.php,http://dx.doi.org/10.11606/d.3.2017.tde-14032017-145716,,10.11606/d.3.2017.tde-14032017-145716,2624350951,,3,,0,true,cc-by-nc-sa,gold
058-501-494-070-500,"""Deporte inclusivo en la escuela"": diseño y análisis de un programa de intervencion para promover la inclusión del alumnado con discapacidad en Educación Física",,,dissertation,,,Universidad Politecnica de Madrid - University Library,,Carmen Ocete Calvo,"las sesiones de EF. Por otro lado, satisface la demanda por parte de las instituciones deportivas del ámbito de la discapacidad en cuanto a la promoción y difusión de los deportes adaptados y paralímpicos. Por último, desde el ámbito universitario, se muestra como un recurso en la formación del alumnado del grado en Ciencias de la Actividad Física y del Deporte, por su participación directa con la discapacidad. Por estos motivos, este trabajo se muestra como un punto de partida adecuado para seguir avanzando en la investigación en esta área.",,,,,,,,,,,http://dx.doi.org/10.20868/upm.thesis.39683,,10.20868/upm.thesis.39683,,,0,,8,true,cc-by-nc-nd,green
058-685-995-470-480,Acciones para la atención a alumnos con altas capacidades en las secundarias de Ciudad México,2025-12-26,2025,journal article,Zenodo (CERN European Organization for Nuclear Research),,,,Cristian Enrique Jesús Diosdado García,"El análisis de las limitaciones en la atención a alumnos con altas capacidades considerados como aquellos alumnos identificados con talentos especiales y diagnosticados con Trastorno del Espectro Autista de Alto Funcionamiento, es un tema abordado por parte de la reflexión crítica y el análisis de experiencias propias, como estudiante y como docente, en la práctica educativa de otros docentes, funcionarios, directivos del sistema educativo de la secundaria. A través de una investigación descriptiva y la utilización de métodos como la observación y el análisis documental se diagnostica la atención a los mismos. El objetivo es proponer acciones para la atención a alumnos con altas capacidades en secundarias de Ciudad de México. Las mismas incluyen las de preparación al docente, así como las que permitan el desarrollo de la estimulación cognitiva, las creativas y sensoriales, de interacción social y de apoyo y comunicación.",,,,,Humanities; Sociology; Political science; Social impact; Computer science; Psychology; Context (archaeology); Field (mathematics); Interpretation (philosophy); Welfare economics,,,,,https://zenodo.org/doi/10.5281/zenodo.18036327,http://dx.doi.org/10.5281/zenodo.18036327,,10.5281/zenodo.18036327,,,0,,0,true,cc-by-nc-sa,green
059-335-523-282-162,Creatividad. Inteligencia emocional. Implicaiones educativas,,2021,journal article,Educar em Revista,19840411; 01044060,FapUNIFESP (SciELO),,María Dolores Prieto; Mercedes Ferrando; Carmen Ferrándiz,"<jats:p>RESUMEN El objetivo de este trabajo es estudiar la relación entre creatividad e Inteligencia Emocional (IE). En primer lugar, se analizan estudios previos sobre estos dos constructos. En Segundo lugar, presentamos nuestro estudio empírico realizado con dos muestras: 187 estudiantes con alta capacidad (superdotados y talentosos) que completaron el TTCT y el EQ-i: YV; y 228 estudiantes seleccionados de la muestra normativa del EQ-i: YV. Los datos indican que la dimensión intrapersonal muestra correlaciones más fuertes con el pensamiento divergente, y puede predecir modestamente la creatividad. Al comparar a los estudiantes con la alta capacidad y sus compañeros, se encontraron diferencias estadísticamente significativas para el estado de ánimo general y la adaptabilidad (capacidad para manejar el cambio, incluye la resolución de problemas y la flexibilidad, ambos son rasgos de creatividad). Finalmente, se extraen algunas implicaciones educativas sobre cómo fomentar el potencial creativo a través de las emociones.</jats:p>",37,,,,Humanities; Psychology; Philosophy,Palabras clave: Creatividad; Competencias socioemocionales; Educación emocional Criatividade; Competências socioemocionais; Educação emocional Creativity; Socio-emotional competences; Emotional education,,,,https://www.scielo.br/j/er/a/4b9HcVCHM8dcnHKtHJKg5mh/?lang=es&format=pdf https://doi.org/10.1590/0104-4060.81541,http://dx.doi.org/10.1590/0104-4060.81541,,10.1590/0104-4060.81541,,,0,015-290-454-024-326; 019-813-886-119-906; 024-086-469-808-279; 026-054-223-789-705; 028-445-685-952-985; 028-511-748-217-770; 029-838-483-360-870; 030-149-342-951-126; 036-754-302-979-478; 061-127-124-693-98X; 064-166-388-419-256; 087-313-258-907-720; 121-206-804-400-693,4,true,cc-by,gold
059-796-485-302-696,O TRANTORNO DE DEFICIT DE ATENÇÃO/APRENDIZAGEM (TDAH) NA ÓTICA DE PROFESSORES DE ENSINO FUNDAMENTAL I NO MUNÍCIPIO DE MANAUS,,2023,book chapter,Educação e a prática docente: uma interface,,Editora Inovar,,Lirileia Sanches de Araújo,"Este livro foi organizado por capítulos a partir do esforço de professores que atuam na rede pública de ensino e que conseguiram desenvolver trabalhos (dissertações de mestrado) através de artigos aqui compilados. Os temas abarcam diferentes contextos em que esses educadores estão inseridos, e, dessa forma, através da oportunidade de divulgação destes trabalhos, o livro organizado proporciona essa oportunidade ímpar visando que o público em geral, com ênfase nos atores sociais sejam contemplados direta ou indiretamente, ou por pesquisa qualitativa, mista ou quantitativa. Entre os capítulos, há um capítulo que destaca a importância dos comitês de bacias hidrográficas na perspectiva da Educação Ambiental. A transversalidades de temas no enfoque interdisciplinar também se faz presente em alguns artigos. Temas de suma importância, como a gestão escolar, a ludicidade, a avaliação, a educação inclusiva, têm seu mérito neste artigo. Um dos artigos menciona a avaliação do Ministério da Educação nos cursos de ensino superior, demonstrando como se dá esse processo. A questão da leitura e a formação de leitores, a alfabetização, o ensino remoto, um debate sobre a influência da pandemia no processo ensino-aprendizagem e, as tecnologias de informação a serviço do professor, pontuam como destaque através dos múltiplos artigos. A prática docente e suas inserções na pesquisa e na extensão, norteiam vários capítulos, mas, o papel do educador nesse processo, é digno de elogio pela sociedade, primeiramente pela sua dedicação e competência, e, por conseguir transformar uma pesquisa numa dissertação e, posteriormente, num artigo científico. O que está publicado neste livro através da coletânea de artigos, traz no seu bojo o que há de producente no diálogo entre a educação e a prática docente, interface que conecta e faz convergir esses dois caminhos, visando, acima de tudo e um ensino, por excelência, independentemente de onde seja o lócus escolar (periférica, urbana, ribeirinha) um espaço mágico em que os alunos viajam pelo mundo do conhecimento, ressignificando seus saberes culturais e, modelando as concepções de homem, mundo e sociedade. Biografia dos Organizadores Arlindo Costa - Graduação em Biologia - Fundação Faculdade Estadual de Filosofia Ciências e Letras de Cornélio PR (1986) e mestrado em Educação pela Universidade Federal de Santa Catarina (1994). Doutor em Ciências da Educação (UPAP). Cursou três disciplinas na Universidade do Minho-Braga em Portugal, seis disciplinas no doutorado em Geografia pela Universidade Federal do Paraná. Atuou como consultor na Proposta Curricular de Santa Catarina desde 1989. É consultor da BNCC pela SEED-SC/MEC na área de Ciências da Natureza (2019). Atualmente é professor com dedicação exclusiva na Universidade do Estado de Santa Catarina, Centro de Educação do Planalto Norte - UDESC-CEPLAN. Lecionou de 1991 a 2011 na UnC Campus Universitário de Canoinhas. Foi professor na Faculdades Camões, UNISUL, UNOESC (Videira e Joaçaba) além da UnC-Campus Universitário de Mafra. Tem experiência na área de Educação, com ênfase em Biologia Vegetal, Currículo, Avaliação, Projeto Político Pedagógico, Metodologia do Ensino de Ciências, Avaliação, atuando principalmente nos seguintes temas: educação, ciência, sociologia, botânica e formação continuada. Autor de três livros: “Vivências Pedagógicas em Sala de Aula”, “A Ditadura Passou por Aqui”, “Metodologia da Pesquisa” e “A Magia da Ensinagem”. É coautor do caderno de Práticas Pedagógicas de Biologia da UNIASSELVI (2010). Foi parecerista de cursos de Ciências Biológicas pelo Conselho Estadual de Educação de Santa Catarina. Foi Diretor de Extensão na UDESC-CEPLAN. Docente da Proposta Curricular na área de Ciências da Natureza (2014) pela Secretaria de Estado da Educação de Santa Catarina. Docente e palestrante para Ensino Médio Inovador, Pedagogia de Projetos, Avaliação e Currículo. Colunista do Jornal Tribuna da Fronteira (2009-). Catarina Fernandes Costa - Professora Adjunta da Universidade Federal da Integração Latino Americana- UNILA. Área de Educação. Doutora em Educação pela Universidade del Norte- Uninorte. República del Paraguay (2007). Título reconhecido pela Universidade Federal de Pernambuco- UFPE Mestre em Educação e Cultura pela Universidade do Estado de Santa Catarina - UDESC (2000). Graduada em Pedagogia, e Especialista em Orientação Educacional e Educação Infantil pela Faculdade de Educação de Joinville.Linhas de Pesquisa: Currículo. Educação Inclusiva. Formação Docente. Práticas Pedagógicas. Inovações Curriculares e Tecnológicas. Líder do Grupo de pesquisa CNPq: Postulados sobre Paulo Freire na Educação Membro do grupo de Pesquisa: Biografías Interculturales de Fronteira:Marta Teodora Scharwartz, Pionera, la Primera Médica de la Región Trinacional.ORCID: https:// orcid.org/0000-0003-2231-7255 Hilda Maria Sprotte Costa - Possui graduação em Biologia pela Universidade do Contestado Campus Mafra (1994) e graduação em Ciências pela Faculdade de Ciências e Letras de Mafra (1985). Atualmente é efetivo - Núcleo de Tecnologias Educacionais – Mafra. &nbsp; &nbsp; &nbsp;",,,463,486,Humanities; Philosophy,School Management; Participative management; School Manager; Pedagogical Political Project; Education Teacher education; Continuing training; Maths teacher,,,,,http://dx.doi.org/10.36926/editorainovar-978-65-5388-134-1_024,,10.36926/editorainovar-978-65-5388-134-1_024,,,0,,0,true,cc-by-nc-nd,gold
060-272-168-978-869,Evaluación de la investigación sobre la Educación Especial en España mediante el análisis cienciométrico de sus tesis doctorales (1978-2013),,,dissertation,,,Editorial de la Universidad de Granada,,Ximena Gutiérrez Saldivia,"Universidad de Granada. Departamento de Metodos de Investigacion y Diagnostico en Educacion. Master en Intervencion Psicopedagogica, curso 2012-2013",,,,,,,,,,https://digibug.ugr.es/handle/10481/33321 https://digibug.ugr.es/bitstream/10481/33321/1/GutierrezSaldivia_EducacionEspecial.pdf,http://dx.doi.org/10.30827/digibug.33321,,10.30827/digibug.33321,124911030,,0,,2,true,cc-by-nc-nd,hybrid
060-511-329-407-764,"Mediacion entre iguales, competencia social y percepcion interpersonal de los ninos con TEA en el entorno escolar",,,dissertation,,,Universidad de Valladolid,,Jairo Rodríguez Medina,"Comparados con sus iguales de desarrollo tipico, los ninos con autismo se ubican habitualmente en las zonas perifericas de sus redes sociales, obtienen puntuaciones inferiores en su percepcion de diferentes dimensiones de la calidad de la amistad y tienen menor cantidad de amistades reciprocas. Las relaciones de amistad unilaterales son un fenomeno relativamente poco explorado, sin embargo, su analisis podria contribuir a mejorar nuestro conocimiento sobre los procesos que contribuyen a la evolucion de estas relaciones entre los ninos con autismo y sus iguales en el contexto escolar y facilitar el diseno de intervenciones eficaces en el area del desarrollo de habilidades sociales.; Los objetivos principales del primer articulo fueron identificar las amistades reciprocas y no reciprocas de un nino con autismo y observar sus interacciones para analizar la presencia de patrones diferenciales y comparar la precision de la percepcion interpersonal entre este nino y sus companeros. En el segundo trabajo se evaluo la eficacia de una intervencion mediada por iguales, durante el tiempo del recreo, con el objetivo de mejorar las habilidades de interaccion social de un nino con autismo de grado uno. Para el tercer articulo se realizo una revision de los estudios sobre las posibilidades y eficacia de diferentes programas y estrategias de intervencion mediados por pares orientados a mejorar la competencia social y las relaciones interpersonales del alumnado de educacion primaria con trastorno del espectro del autismo.; Participaron un nino con autismo, de 10 anos y sus 14 companeros de clase de tercer curso de educacion primaria. Se combino un diseno observacional idiografico, de seguimiento y multidimensional, con la aplicacion de cuestionarios sociometricos de estructura socio-cognitiva. Se analizaron las asociaciones de activacion e inhibicion entre las diferentes conductas, en funcion del tipo de relacion de amistad, aplicando la tecnica de analisis de coordenadas polares. Para comparar las redes percibidas por el nino con autismo con las percibidas por sus companeros se aplico el procedimiento de asignacion cuadratica (QAP) que permite comparar matrices utilizando un test de permutaciones no parametrico entre las diadas que componen la red. Los ninos mostraron un nivel moderado de acuerdo con sus companeros (Jaccard = .58, QAP = .55, p < .01), en tanto que el nino con autismo mostro niveles significativamente inferiores de acuerdo (Jaccard = .33, QAP = .24, p < .01). El analisis de coordenadas polares revelo una relacion de mutua activacion entre el inicio de interaccion con amigos no reciprocos y la participacion activa (Cuadrante I, Radio = 4.48, p < .05), al tiempo que un efecto inhibitorio significativo sobre la conducta estar solo (Cuadrante II, Radio = 2.08, p < .05).; Los resultados apuntan a una escasa relacion entre las nominaciones reciprocas y el nivel de participacion social durante la observacion en el recreo. Las diferencias en el procesamiento de la informacion social afectaron al nino con autismo tanto como juez como objetivo en un proceso bidireccional que podria conducir a los ninos con autismo y a sus companeros a infra-identificar su numero de amigos. En lo que se refiere a la intervencion, los maestros y la familia percibieron mejoras en las habilidades sociales, una mayor aceptacion por parte de los companeros y un aumento en la frecuencia y la duracion de las interacciones sociales.; Esta propuesta metodologica podria permitir profundizar en el conocimiento de los procesos que contribuyen al desarrollo de amistades entre los ninos con autismo y sus iguales en entornos escolares ordinarios. Ademas, podria ayudar a profesionales y maestros en la aplicacion de buenas practicas basadas en la investigacion para mejorar las relaciones sociales de los ninos con TEA en entornos escolares y, simultaneamente, beneficiar al resto de los ninos del grupo.",,,1,,,autism sprectrum disorder; friendship; social network analysis; primary education; observational methods; autism spectrum disorder; elementary school; friendship; observational methodology; recess High-functioning autism spectrum disorder; inclusion; social skills; peer mediation; recess; elementary school,,,,https://uvadoc.uva.es/handle/10324/39475 https://dialnet.unirioja.es/servlet/tesis?codigo=296019 https://core.ac.uk/download/250407065.pdf,http://dx.doi.org/10.35376/10324/39475,,10.35376/10324/39475,2990816815,,0,,2,true,cc-by-nc-nd,hybrid
060-630-940-866-959,Lecturas para la diversidad: competencias y variables de uso en los futuros maestros,2020-11-25,2020,journal article,Ocnos,22549099; 1885446x,Universidad Castilla la Mancha,Spain,Aurora Martínez-Ezquerro,"The need for adequate training in attention to diversity and its reading possibilities in the classrooms of future teachers is an educational and, therefore, a social objective. The aim of the present study is to know the training that students have regarding diversity and their readings in order to assess the situation. To address the proposed work, the concepts of diversity and attention to diversity are first defined; then, the analytical study carried out with 70 fourth grade students in Primary Education (University of La Rioja) during three academic courses is presented. This quantitative exploration offers the results of the media variables, thematic preferences and the choice of a reading on attention to diversity for the classroom. From the collected data, we can conclude that, globally, they respond to the urgency of an adequate training on diversity, especially bearing in mind that the global computer network is the most consulted when there is a need to know –versus other important channels in educational scopes- Thus, curtails the vision of the wide range that shapes the subject in question.",19,3,,,Primary education; Psychology; Pedagogy; Subject (documents); Need to know; Diversity (politics); Reading (process),Materiales de lectura; diversidad; educación multicultural; formación de maestros; Educación Primaria Reading Materials; Diversity; Multicultural Education; Teachers Education; Primary Education,,,,https://revista.uclm.es/index.php/ocnos/article/download/2316/1946 https://revista.uclm.es/index.php/ocnos/article/view/2316,http://dx.doi.org/10.18239/ocnos_2020.19.3.2316,,10.18239/ocnos_2020.19.3.2316,3109105798,,0,009-077-451-702-603; 028-095-240-581-504; 039-050-612-498-550; 039-519-037-189-414; 046-662-264-175-827; 046-963-455-588-076; 059-791-884-598-129; 060-055-278-159-935; 068-432-393-085-769; 079-280-485-971-476; 088-861-115-397-333; 102-116-008-430-80X; 122-696-858-303-136; 131-027-972-875-240; 150-736-064-725-440; 153-185-601-730-132; 167-650-580-645-543; 189-193-788-978-504,3,true,cc-by-nc-nd,gold
060-653-648-988-387,Anais 15° Congresso - parte 27,2022-11-24,2022,journal article,Saúde em Redes,24464813,Associacao Brasileira da Rede Unida,,Saúde em Redes Editores,"atuao, onde se inserem o acolhimento psicolgico e o planto psicolgico. Frente a esse quadro, a criao de um servio de acolhimento psicolgico, em uma",8,sup3,27,27,Humanities; Philosophy,,,,,http://revista.redeunida.org.br/ojs/index.php/rede-unida/article/download/4002/1029 https://doi.org/10.18310/2446-4813.2022v8nsup3p27,http://dx.doi.org/10.18310/2446-4813.2022v8nsup3p27,,10.18310/2446-4813.2022v8nsup3p27,,,0,,0,true,,gold
061-316-743-618-332,Ciências Agrárias: o avanço da ciência no Brasil - Volume 5,,2022,book,,,Editora Científica Digital,,Julio Onésio Ferreira Melo,"Esta obra constituiu-se a partir de um processo colaborativo entre professores, estudantes e pesquisadores, advindos de movimentos interinstitucionais e de ações de incentivo à pesquisa, que congregam diversas áreas do conhecimento e diferentes Instituições de Educação Superiores Públicas e Privadas, de abrangência nacional e internacional. Eles se especializaram e se destacam nas discussões sobre as temáticas abordadas nesse espaço formativo, no qual se reuniu conteúdo científico de vanguarda, na área de Ciências Agrárias e toda a sua interface, pois as informações contidas nessa obra abrangem as áreas de: Ciências Biológicas, Engenharia Agrícola, Engenharia Agronômica, Engenharia de Alimentos, Engenharia Florestal, Farmácia, Nutrição, Química e Zootecnia. Com a expansão e a grande relevância do agronegócio no Brasil, ouve uma ascensão nas pesquisas científicas e uma maior integração nas diversas áreas do saber, para melhorias: na produtividade; nas características sensoriais e nutricionais; na busca de compostos bioativos; na introdução de novas matrizes alimentares da nossa flora; nos impactos ambientais da atividade agrícola; no aproveitamento de resíduos da agroindústria; na preservação ambiental e na manutenção do extrativismo sustentável. Para galgar os objetivos propostos, esse volume traz os conteúdos relacionados aos avanços nas áreas do ensino de ciências nas escolas e nas universidades; na extensão rural; nas tecnologias agrícolas; na composição nutricional; na identificação e na caracterização de plantas com potencial agronômico; na tecnologia de alimentos; na farmacognosia, na análise fitoquímica e na produção animal, envolvendo todo o potencial das novas pesquisas, para a inovação da Agroindústria. Gratidão aos autores pelo empenho, pela disponibilidade e pela dedicação, para o desenvolvimento e para a conclusão dessa obra. Espera-se que a mesma, sirva de instrumento de trabalho didático-pedagógico tanto para discentes e também docentes, dos diversos níveis de ensino quanto para os profissionais da área de Ciências Agrárias e áreas afins, além dos demais interessados pela temática.",,,,,Agricultural science; Humanities; Political science; Horticulture; Geography; Art; Biology,XIMENES  V. M.; SANTOS  A. T.; LIMA  M. S.; UCHÔA  F. N. M.; FOSCHETTI  D. A.; UCHÔA  N. M.; RIOS  D. A. S. Avaliação de rotulagem de biscoitos integrais. EFDeportes  a. 20  n: 211  p. 1-1. 2015. Disponível em: <https://www.efdeportes.com/efd211/avaliacao--de-rotulagem-de-biscoitos-integrais.htm> Carica Papaya  Colletotrichum spp.  Post-Harvest Disease  Plant Extracts,,,,,http://dx.doi.org/10.37885/978-65-5360-233-5,,10.37885/978-65-5360-233-5,,,0,,0,true,cc-by-nc-nd,hybrid
061-653-274-832-033,Mecanismo de atuação dos Polímeros Superabsorventes como agentes de cura interna para mitigar a retração autógena em Concretos de Alta Resistência (CAR) – Estado da Arte,,2021,journal article,Matéria (Rio de Janeiro),15177076,FapUNIFESP (SciELO),Brazil,Manuel Alejandro Rojas Manzano; Eugênia Fonseca da Silva; Anne Neiry de Mendonça Lopes; Romildo Dias Toledo Filho,"Os polimeros superabsorventes (PSA) sao materiais polimericos de origem sintetico, cujas cadeias reticuladas formam uma rede tridimensional. A sua principal caracteristica e a capacidade de absorver uma grande quantidade de liquido do ambiente e de rete-lo dentro da sua estrutura, sem dissolucao. Os PSAs podem ser utilizados numa grande variedade de aplicacoes, entre os muitos usos: produtos de higiene pessoal, revestimento de cabos eletricos, neve artificial. Este tipo de polimero tambem pode ser usado como agente de cura interna para prevenir a fissuracao, por retracao autogena, em concretos de alta resistencia (CARs). A propriedade mais importante dos PSA em materiais cimenticios e sua capacidade de absorcao de agua. Esta propriedade depende do tipo de polimero, do tamanho e forma das particulas, da carga ionica do fluido e de outras influencias externas (temperatura, pressao). Com o intuito de entender esta propriedade e sua influencia na mitigacao da autodessecacao no concreto, e apresentada uma revisao do estado da arte sobre o PSA e sua cinetica de migracao da agua em materiais cimenticios. Alem disso, foi desenvolvido um modelo esquematico do mecanismo de atuacao do PSA como agente de cura interna ao longo do tempo, de modo a dar subsidios ao meio tecnico-cientifico, para o melhor conhecimento desse material e, assim, poder usa-lo com mais seguranca onde sua aplicacao for adequada. Palavras-chave: Polimeros Superabsorventes, Retracao Autogena, Concreto de Alta Resistencia (CAR), Concreto de Alto Desempenho (CAD), Absorcao.",26,2,,,,,,,,https://revistas.ufrj.br/index.php/rm/article/download/44061/23571 http://www.scielo.br/j/rmat/a/rfhWcRL3XSXWbFTnRp8KxFj/ https://www.scielo.br/j/rmat/a/rfhWcRL3XSXWbFTnRp8KxFj/ https://revistas.ufrj.br/index.php/rm/article/view/42024,http://dx.doi.org/10.1590/s1517-707620210002.1256,,10.1590/s1517-707620210002.1256,3134853464,,0,001-861-854-691-724; 003-781-291-942-325; 004-093-659-524-269; 018-117-356-803-190; 020-914-931-564-215; 024-086-849-279-479; 030-495-297-509-284; 030-704-747-313-050; 033-596-736-741-061; 034-574-280-047-600; 037-445-090-815-865; 038-245-353-487-50X; 038-493-656-052-987; 038-580-318-142-344; 045-389-843-086-895; 047-140-522-527-505; 047-464-149-728-19X; 052-466-869-002-872; 059-273-849-857-48X; 061-561-883-319-202; 063-161-740-259-951; 063-397-164-525-238; 068-660-042-971-683; 075-337-647-261-004; 078-139-963-198-790; 087-197-607-025-174; 094-410-536-613-107; 102-050-401-850-756; 103-531-757-034-323; 104-446-945-201-520; 109-187-591-508-979; 112-471-522-853-855; 119-699-835-918-969; 125-093-651-897-949; 126-829-570-199-95X; 140-945-256-885-535; 165-712-985-972-233; 170-173-939-535-199; 186-486-793-536-137; 187-615-542-490-634; 189-642-915-281-533,2,true,cc-by,gold
061-961-893-676-951,Sistemas microfluídicos eletroquímicos ultrassensíveis,,,dissertation,,,"Universidade de Sao Paulo, Agencia USP de Gestao da Informacao Academica (AGUIA)",,Renato S. Lima; Emanuel Carrilho,Este exemplar foi revisado e alterado em relação à versão original sob a responsabilidade exclusiva do autor.,,,,,,LIMA  R; Ultrasensitive electrochemical microfluidic systems; 2013; Thesis Sensitivity; Microchip; Electrode assembly Bonding / Microfabrication / Photoresist,,,,https://repositorio.usp.br/item/002452863 https://www.teses.usp.br/teses/disponiveis/75/75135/tde-24022014-111358/pt-br.php https://www.teses.usp.br/teses/disponiveis/75/75135/tde-24022014-111358/publico/RenatoSousaLima_Revisado.pdf,http://dx.doi.org/10.11606/t.75.2013.tde-24022014-111358,,10.11606/t.75.2013.tde-24022014-111358,1574329302,,0,,0,true,cc-by-nc-sa,gold
062-169-587-939-917,Simposios,2022-03-15,2022,journal article,Siglo Cero Revista Española sobre Discapacidad Intelectual,25300350; 02101696,Ediciones Universidad de Salamanca,Spain,Secretaría de Redacción Siglo Cero,"EI en la misma medida que otros estudiantes, siendo los alumnos con sndrome de Down (SD) uno de los grupos que ms ha defendido su derecho a la EI. Si bien la literatura se ha centrado mayoritariamente en comprender las competencias de estos alumnos, el conocimiento de las barreras contextuales para la inclusin que afrontan todava es limitado. El objetivo de este trabajo es identificar las barreras que atentan contra la inclusin de los estudiantes con SD escolarizados en etapa de educacin primaria relacionndolas con las metas de la EI a las que estas barreras amenazan. Mtodo. Se llev a cabo una revisin de literatura publicada en revistas revisadas por simposios symposiums",,,43,135,Psychology,identidad; discapacidad; revisión narrativa. simposios symposiums,,,,https://revistas.usal.es/index.php/0210-1696/article/download/28621/27581 https://doi.org/10.14201/scero.28621,http://dx.doi.org/10.14201/scero.28621,,10.14201/scero.28621,,,0,,0,true,cc-by-nc-sa,gold
062-712-135-202-334,Superdotación e identidad: líneas y métodos. Lectura internacional desde Colombia,2020-02-03,2020,journal article,"Magis, Revista Internacional de Investigación en Educación",20271182; 20271174,Editorial Pontificia Universidad Javeriana,Colombia,Simón Montoya-Rodas; Héctor Fabio Ospina-Serna,"This article provides a state-of-the-art analysis of academic publications dealing with the relationships between the concepts giftedness/exceptional talents and subjectivity/ identity in the Colombian academic production. It is then compared to the international databases. Likewise, this work provides a pedagogical reflection analyzing the disciplines, methods and information sources, and identify some emerging categories: diversity, race studies, gender and bilingualism, reflections on diagnosis, and struggle to be recognized. These studies are predominantly of an analytical empirical nature and performed from the psychology. Finally, possible paths for research both in Colombia and internationally are set out based on the latest advances.",13,1,1,23,Pedagogy; Subjectivity; Identity (social science); Diversity (politics); Neuroscience of multilingualism; Race (biology),líneas y métodos. Lectura internacional desde Colombia Palabras clave Alumno superdotado; Colombia; identidad; método de investigación Gifted students; Colombia; identity; scientific methods,,,,https://dialnet.unirioja.es/descarga/articulo/7854942.pdf https://revistas.javeriana.edu.co/index.php/MAGIS/article/view/28756 https://revistas.javeriana.edu.co/index.php/MAGIS/article/download/28756/23702 https://dialnet.unirioja.es/servlet/articulo?codigo=7854942,http://dx.doi.org/10.11144/javeriana.m13.silm,,10.11144/javeriana.m13.silm,3039294522,,0,001-766-824-446-298; 002-188-907-855-382; 003-932-977-809-903; 004-159-004-513-314; 005-144-250-503-132; 015-756-919-757-207; 017-136-556-590-772; 018-142-950-627-972; 019-598-828-351-02X; 023-566-885-809-074; 024-681-222-405-036; 027-515-242-066-014; 034-675-503-232-671; 034-701-392-486-527; 036-934-674-141-164; 045-801-847-981-071; 046-120-201-167-639; 046-748-529-457-940; 047-125-497-458-011; 047-558-937-689-31X; 048-869-119-966-092; 050-901-993-997-820; 052-121-626-344-807; 054-224-190-255-364; 057-324-496-618-41X; 057-659-986-941-353; 060-823-502-606-621; 063-918-747-588-215; 078-111-572-490-335; 088-569-751-383-532; 088-915-274-044-309; 089-617-891-136-672; 090-861-515-865-169; 091-980-131-157-049; 100-967-667-375-253; 120-454-289-619-362; 122-072-510-723-484; 125-165-243-572-280; 127-355-772-894-533; 127-607-893-579-626; 132-832-642-388-325; 133-094-285-255-747; 141-307-187-357-818; 162-239-315-311-911; 165-992-022-513-105; 171-582-332-917-645; 184-865-158-252-183,0,true,cc-by,gold
063-184-677-655-370,DA EDUCAÇÃO BÁSICA AO ENSINO SUPERIOR: OS DESAFIOS DOS DOCENTES NO SÉCULO XXI - Formação docente: um desafio para as redes municipais de educação,,2020,book chapter,DA EDUCAÇÃO BÁSICA AO ENSINO SUPERIOR: OS DESAFIOS DOS DOCENTES NO SÉCULO XXI,,Uniedusul Editora,,Adelaide Joia,"O conteúdo dos artigos e seus dados em sua forma, correção e confiabilidade são de responsabilidade exclusiva dos autores. Permitido fazer download da obra e o compartilhamento desde que sejam atribuídos créditos aos autores, mas sem de nenhuma forma ou utilizá-la para fins comerciais. www.uniedusul.com.br SUMÁRIO CAPÍTULO 1 .",,,67,71,,,,,,http://dx.doi.org/10.29327/513495-8,http://dx.doi.org/10.29327/513495-8,,10.29327/513495-8,3021148212,,0,,0,true,,bronze
063-459-537-212-527,Reflejos de la teoría histórico cultural en la política para la educación especial en Cuba,2022-03-17,2022,journal article,Roteiro,21776059; 01044311,Universidade do Oeste de Santa Catarina,,Elsie Alejandrina Pérez Serrano; Ciro Miguel Labrada Silva,"<jats:p>El artículo tiene como objetivo explicar algunos reflejos de la teoría histórico cultural en la política educativa cubana, con énfasis en la educación especial. La metodología utilizada es la revisión de documentos normativos del Ministerio de Educación de Cuba. Las bases esenciales del proceso pedagógico para la educación del alumnado con necesidades educativas especiales en Cuba están en los conceptos de estructura del defecto, compensación y zona de desarrollo próximo. Consecuentemente, se explican procedimientos para favorecer la inclusión de estos alumnos en la escuela común que tienen su raíz en las concepciones de Vigostky sobre la educación especial. Estos procedimientos legislados por el Ministerio de Educación son las comisiones de apoyo al diagnóstico, la entrega pedagógica y el proceso de tránsito y egreso, que en armonía con la concepción del papel del medio en la formación de la personalidad, delimitan la interacción y el establecimiento de las relaciones de colaboración y coordinación entre los docentes para favorecer el éxito del alumnado a su paso por el sistema educativo.</jats:p>",47,,e26564,e26564,Humanities; Political science; Philosophy,Cuban education; Cultural-historical theory; Cuban educational policy; Special education; Inclusive education,,,,https://portalperiodicos.unoesc.edu.br/roteiro/article/download/26564/17320 https://doi.org/10.18593/r.v47.26564,http://dx.doi.org/10.18593/r.v47.26564,,10.18593/r.v47.26564,,,0,069-617-995-924-897; 189-355-016-934-025,0,true,cc-by-nc,gold
063-672-027-175-490,Galicia-Bretaña. Olladas comparadas,,2020,book,,,Consello da Cultura Galega,,,As olladas dos bretóns sobre Galicia (1966-2016) Jean-François Botrel Galicia e Bretaña. Relacións e analoxías entre dúas nacións culturais Ramón Villares PARTE SEGUNDA A Bretaña: unha península atlántica na Europa do Antigo Réxime (séculos XV-XiX) Philippe Jarnoux Galicia e Bretaña: dúas sociedades de Antigo Réxime Pegerto Saavedra PARTE TERCEIRA O galeguismo e o emsav: dous movementos rexionalistas Jesús de Juana López Da relixión contra a raza á relixión da raza. Outra lectura do nacionalismo bretón a comezos do século XX Sébastien Carney A política no campesiñado do oeste Miguel Cabo A identidade colectiva en Galicia no espello bretón (séculos XiX e XX): unha interpretación Xosé M. Núñez Seixas Construción da identidade na Bretaña de hoxe,,,,,,,,,,,http://dx.doi.org/10.17075/gboc.2020,,10.17075/gboc.2020,,,0,,0,true,,green
063-773-996-079-652,La autorregulación en el aula de educación primaria: estudio y aplicación de un modelo integral de transición activa hacia la autonomía,,,dissertation,,,Universidad de Valladolid,,Óscar Manuel Casado Berrocal,"La presente investigacion tiene como principal objetivo profundizar en las distintas estrategias que permiten llevar a cabo el necesario proceso de transicion educativa hacia planteamientos mas activos de ensenanza-aprendizaje. A tenor de lo encontrado parece que la clave reside en utilizar enfoques basados en el desarrollo de la autonomia del alumnado. Las dinamicas basadas en la autorregulacion del proceso de aprendizaje suponen una herramienta ciertamente interesante para alcanzar este objetivo ya que su aplicacion en el marco de la intervencion realizada con los alumnos del grupo experimental produjo mejoras relevantes en su capacidad para trabajar de manera autonoma. Esta intervencion tambien genero una mejor gestion del tiempo escolar por parte de los alumnos, una menor necesidad de supervision por parte del adulto, y un mejor aprovechamiento de la informacion procedente de los procesos de evaluacion formativa, lo cual a su vez incremento su capacidad para realizar autovaloraciones precisas y realistas",,,,,,,,,,https://uvadoc.uva.es/handle/10324/33456 https://uvadoc.uva.es/bitstream/10324/33456/1/Tesis14567-181213.pdf https://dialnet.unirioja.es/servlet/tesis?codigo=223130,http://dx.doi.org/10.35376/10324/33456,,10.35376/10324/33456,2903920057,,0,,3,true,cc-by-nc-nd,hybrid
063-820-322-173-713,"La intervención educativa ante una nueva diversidad, altas capacidades con ingeniería genética",2019-08-13,2019,journal article,International Journal of Developmental and Educational Psychology. Revista INFAD de Psicología.,26035987; 02149877,Asociacion INFAD,,Maricela Zúñiga Rodríguez,"Mexico is one of the leading countries in research and scientific innovation in assistedhuman reproduction. Increasing the number of Assisted Reproduction Clinics. In 1986, there were only 2 private clinics in the whole territory, and there are currently around 70 clinics in the health sector as a right to human reproduction. By assisted reproduction is meant the whole method of medical-surgical, whose purpose is to achieve the fertilization of a human being in a different way to natural conditions. This has reduced the costs of assisted reproduction, being 30% and 50% cheaper in Mexico with respect to European countries or the United States and even free in the health sector such as the ISSSTE clinics, the SSA or the Clinic of Nutrition, among others. This has led to more and more births assisted by this means. Faced with the growing right to assisted reproduction as a recent population event, in Mexico, these children arrive in the classrooms with the firm idea of parents that their children are exceptional children or with high abilities with respect to the school group to which they belong, arising the following questions: How is the educational population present in the classrooms transforming before the increase in genetic engineering? What are the psychological and cognitive characteristics present in the students considering the capacities established in the classrooms? It is a mixed approach study from documenting cases attended in the Special Education Services of the Ministry of Public Education, from the results of their psychopedagogical evaluation their educational, psychological and cognitive characteristics are identified, the results and the conclusions obtained are shown.",3,1,315,324,Human reproduction; Sociology; Reproduction (economics); Special education; Population; Public education; Health sector; Mixed approach; Economic growth; Christian ministry,high capacities; genetic engineering; psychopedagogical evaluation ÁREA TEMÁTICA: 2. Educación  Psicología  historia y futuro. 2.3 Profesiones educativas y responsabilidad social. Intervención educativa y sus respuestas,,,,https://dehesa.unex.es/bitstream/10662/11086/1/0214-9877_3_1_315.pdf https://revista.infad.eu/index.php/IJODAEP/article/view/1497 https://dehesa.unex.es/handle/10662/11086?locale=pt http://infad.eu/RevistaINFAD/OJS/index.php/IJODAEP/article/download/1497/1289 https://dialnet.unirioja.es/servlet/articulo?codigo=7402443 https://revista.infad.eu/index.php/IJODAEP/article/download/1497/1289,http://dx.doi.org/10.17060/ijodaep.2019.n1.v3.1497,,10.17060/ijodaep.2019.n1.v3.1497,2967445356,,0,049-798-747-976-997; 122-261-745-278-963; 139-142-672-600-565,0,true,cc-by-nc-nd,gold
064-093-552-830-334,Análisis cienciométrico de tesis doctorales españolas sobre altas capacidades y sobredotación (1986-2017) (TFM),2021-01-01,2021,dissertation,,,Editorial de la Universidad de Granada,,Juan José Padial Suárez,"A lo largo de este estudio se guiarán los procesos de la evaluación científica en la disciplina de las Altas Capacidades y la Sobredotación en España, comprendido entre los años 1986 y 2017.&#13;\nPor un lado, se establecerá un análisis de esta disciplina, considerando diferentes variables concernientes a este tópico de interés. Esta investigación de variables permitirá conocer diferentes aspectos institucionales, pedagógicos y psicológicos que interfieren en el desarrollo del tema.&#13;\nPor otro lado, este estudio científico se compone de un estudio empírico y consta de cuatro apartados que nos permitirán conocer la problemática a indagar, la revisión literaria realizada, la formulación de objetivos, y la racionalidad de este estudio. Además, estos apartados nos ayudarán hacer un análisis de la muestra seleccionada, del diseño y técnicas de análisis de datos e instrumentos utilizados para esta actuación.&#13;\nPor último, se realizará un análisis de todas las variables seleccionadas, estableciendo un dialogo entre resultados y conclusiones extraídas de las muestras seleccionadas.",,,,,Humanities; Philosophy,,,,,,http://dx.doi.org/10.30827/digibug.68285,,10.30827/digibug.68285,,,0,,0,true,cc-by-nc-nd,gold
064-236-441-185-729,Diagnostico e intervencion didactica del lenguaje escolar - Diagnóstico e intervencion didáctica del lenguaje escolar,,2007,book,,,Netbiblo,,Maria Jose Iglesias Cortizas; Maria del Carmen Sanchez Rodriguez de Castro,"Diagnóstico e intervención DiDáctica Del lenguaje escolar No está permitida la reproducción total o parcial de este libro, ni su tratamiento informático, ni la transmisión de ninguna forma o por cualquier medio, ya sea electrónico, mecánico, por fotocopia, por registro u otros métodos, sin el permiso previo y por escrito de los titulares del Copyright.",,,,,,,,,,https://dialnet.unirioja.es/servlet/libro?codigo=383081 https://ruc.udc.es/dspace/handle/2183/11876,http://dx.doi.org/10.4272/978-84-9745-062-1,,10.4272/978-84-9745-062-1,1565129316,,0,,2,true,,green
064-521-376-780-216,Musicoterapia basada en técnicas de música e imagen (mi) como intervención en casos de niños con y sin diagnóstico de trastorno por déficit de atención/hiperactividad (tdah): un enfoque mixto,,,dissertation,,,Universidad de Valladolid,,Alberto Acebes de Pablo,"El principal objetivo de la presente tesis doctoral es estudiar el empleo de un metodo de Musicoterapia basado en tecnicas de musica e imagen (MI) como intervencion en casos de ninos con y sin diagnostico de Trastorno por Deficit de Atencion/Hiperactividad (TDAH). Esta intervencion se plantea como una forma de contribuir a la mejora de los procesos de inclusion educativa y social de ninos con este diagnostico y al desarrollo de la capacidad de gestion emocional tanto suya como de los ninos sin este diagnostico. El metodo de investigacion empleado se fundamenta en un enfoque mixto, y mas en concreto en un Diseno de Triangulacion Concurrente (DITRIAC). Se conto con la colaboracion de nueve ninos participantes, de los cuales cinco tienen diagnostico de TDAH y cuatro no. Las principales tecnicas cualitativas de obtencion de informacion fueron la entrevista semiestructurada, realizada a los padres y las madres de los ninos participantes, antes y despues del estudio, la observacion participante, junto con el diario de investigacion, en el que se plasmo de forma reflexiva lo acontecido durante el proceso de desarrollo de las sesiones de Musicoterapia, y los dibujos o mandalas resultantes de las sesiones, como evidencias visuales. Por su parte, los instrumentos cuantitativos de recogida de datos fueron la escala de evaluacion de conductas de TDAH (EDAH) y una escala de observacion de desarrollo emocional (EODE). Para el analisis de contenido de los datos cualitativos se siguieron las fases de categorizacion, condensacion e interpretacion de significado. Para el analisis de datos cuantitativos se realizo la prueba no parametrica de Wilcoxon, con el objetivo de valorar si los cambios producidos despues de haber realizado la intervencion son estadisticamente significativos para un nivel de confianza del 5%. Una vez llevado a cabo este analisis de datos paralelo, ambos puntos de vista (cualitativo y cuantitativo) fueron comparados, siguiendo el diseno de enfoque mixto empleado, con el fin de valorar el grado de alcance de los objetivos e hipotesis planteados. Los resultados reflejan que se ha producido un incremento significativo de la competencia emocional de todos los ninos participantes en lo referido a las capacidades de conciencia emocional, regulacion emocional, autonomia emo- cional, competencia social y competencia de vida y bienestar, asi como una disminucion significativa de la muestra de conductas caracteristicas en casos de TDAH: hiperactividad e impulsividad, deficit de atencion y trastorno de conducta.",,,1,,,Attention Deficit/Hyperactivity Disorder (ADHD); Music therapy; Guided Imagery and Music (GIM); Music and Imagery (MI); Emotional Education; Inclusive Education,,,,https://dialnet.unirioja.es/servlet/tesis?codigo=296235 https://uvadoc.uva.es/handle/10324/46389,http://dx.doi.org/10.35376/10324/46389,,10.35376/10324/46389,3174138417,,0,,2,true,cc-by-nc-nd,hybrid
065-386-179-614-048,"Formación Inicial del Profesorado de Educación General Básica en Chile, en el Contexto de su Ley de Inclusión",2021-01-01,2021,dissertation,,,Ediciones Universidad de Salamanca,,Mauricio Andrés Valdés Pino,"[ES] La formación de profesores de educación primaria o educación general básica no ha considerado una actualización en su preparación que considere las normativas vigentes (decretos y leyes) que han requerido a los docentes adaptaciones, adecuaciones e información especializada que no recibieron en su proceso inicial y en muy pocas oportunidades en su proceso continuo. Esta investigación de carácter mixto, revela la necesidad de una actualización de las mallas curriculares de las universidades chilenas que ofertan en sus posibilidades de estudios de nivel superior esta carrera, ya que las conclusiones a las que se llegan así lo sugieren. Entre las principales conclusiones a nivel teórico se sugiere una actualización conceptual, normativa y legislativa vigente en Chile. A nivel práctico, se sugiere una actualización de recursos que permitan atender a la diversidad, reconocer y compartir prácticas educativas exitosas que atiendan a la diversidad, considerar la participación de todos en el proceso de educación inclusiva, incorporar estrategias inclusivas en las nuevas mallas curriculares de la formación de nuevos docentes y también la incorporación de TIC para atender la diversidad, dado lo clave que ha sido en estos últimos años de pandemia para todos los estudiantes.",,,,,Humanities; Philosophy,,,,,,http://dx.doi.org/10.14201/gredos.149473,,10.14201/gredos.149473,,,0,,1,true,cc-by-nc-nd,gold
065-862-604-556-251,Jugamos al ajedrez y aprendemos ciencias,2018-09-03,2018,journal article,Ápice. Revista de Educación Científica,2531016x,Universidade da Coruna,,Maria Adela Perera Borrego; Carolina Martín Gámez,"Chess is a game based on tactics and strategies, and therefore, it fosters the intellectual and recreational aspects of those who practice it. This experience presents the design and implementation of a series of activities created for the teaching of certain scientific contents to a student with learning difficulties. The activities use the chess as an educational resource and the alternative didactic model or research in the school model. The evaluation of the experience, performed through rubrics, designed for this purpose, show an important advance in the student in his cognitive level of the scientific concepts worked, as well as a progress in procedures and attitudes specific to scientific methodology.",2,1,18,29,Recreation; Rubric; Mathematics education; Psychology; Educational resources; Cognitive level; Game based,chess; educational resource; learning difficulties; research in the school model; science education,,,,https://dialnet.unirioja.es/servlet/articulo?codigo=6594573 https://revistas.udc.es/index.php/apice/article/view/arec.2018.2.1.2885 https://ruc.udc.es/dspace/handle/2183/21826 https://core.ac.uk/download/199451123.pdf,http://dx.doi.org/10.17979/arec.2018.2.1.2885,,10.17979/arec.2018.2.1.2885,2890272994,,0,010-838-004-914-97X,1,true,cc-by-sa,gold
066-087-424-597-103,Patrimonio Histórico Artístico Andaluz,2017-01-01,2017,dissertation,,,Editorial de la Universidad de Granada,,Manuela García Lirio,"La principal característica de esta Unidad será comprender, valorar y difundir la riqueza del patrimonio cultural y artístico de Andalucía y su evolución a lo largo de la historia",,,,,Art; History,,,,,https://digibug.ugr.es/bitstream/10481/56787/4/Patrimonio%20Historico%20Artistico%20Andaluz.pdf https://doi.org/10.30827/digibug.56787,http://dx.doi.org/10.30827/digibug.56787,,10.30827/digibug.56787,,,0,,0,true,cc-by-nc-nd,gold
066-432-228-661-512,"Derechos humanos, discapacidad e inclusión social",2019-07-01,2019,journal article,Persona y Familia,23103345,Universidad Femenina Del Sagrado Corazon,,Guillermo César Vega Espejo,"This document presents an analysis of disability and social inclusion as a human rights issue; we describe the three models that have been established to understand historical evolution in how to address the issue and how along the way a series has been defeated of paradigms and prejudices that contrasted with the social reality of people with disabilities in terms of their value as people with potentialities and talents who were not harnessed or were invisible. A reflection is made of the contemporary situation of people with disabilities, especially touching children and the difficulties they still encounter today, as well as the great challenge of the States to design policies, programs and projects capable of defeating the mistreatment still in force and for systems to be built in which equal opportunities prevail.",1,8,233,246,Epistemology; Reflection (computer graphics); Sociology; Human rights; Social reality; Value (ethics),Human rights; disability; social inclusion,,,,http://revistas.unife.edu.pe/index.php/personayfamilia/article/download/1963/2266,http://dx.doi.org/10.33539/peryfa.2019.n8.1963,,10.33539/peryfa.2019.n8.1963,3107496653,,0,,2,true,cc-by,gold
067-124-796-602-707,NECESIDADES EDUCACTIVAS ESPECIALES ¿SABEMOS CÓMO EDUCAR?,,2020,journal article,Brazilian Journal of Development,25258761,Brazilian Journal of Development,,Jose Manuel Salum Tome,"El presente artículo, reporta los resultados que tiene por objetivo analizar la evolución del discurso político en Chile sobre necesidades educativas especiales, además analizar la relación del discurso con las principales iniciativas de política pública en cuanto a legislación, presupuesto fiscal y acción directa del ejecutivo. Se puede divisar que se permiten identificar cambios importantes en el uso de los principales conceptos, énfasis y discusiones asociadas al fomento de la educación inclusiva. Además, se observa un creciente interés en el tema de la diversidad, tanto a nivel nacional como internacional, que se expresa en iniciativas de políticas públicas cada vez más específicas de fomento a la educación inclusiva. Sin embargo, persisten vacíos y desfases entre el discurso político y las iniciativas de política, así también como entre el enfoque de las políticas públicas en Chile y el estado de arte de la discusión internacional sobre la materia.",6,8,56876,56893,,,,,,http://dx.doi.org/10.34117/bjdv6n8-193,http://dx.doi.org/10.34117/bjdv6n8-193,,10.34117/bjdv6n8-193,3082629965,,0,,0,true,,gold
067-464-585-468-473,Legislación Colombiana frente a la evaluación escolar de la población con necesidades educativas no convencionales,2020-05-01,2020,journal article,Actualidades Investigativas en Educación,14094703,Universidad de Costa Rica,,Luz Nelly Ruiz González,"El presente ensayo tiene como objetivo exponer y analizar la situacion que vive la poblacion escolar -franja media- que presenta caracteristicas no convencionales de aprendizaje, es decir, caracteristicas no ajustadas a la categorizacion de discapacidad ni de regularidad. En efecto, al establecer los estandares de evaluacion, los paises definen, mediante politicas de Estado expuestas en la legislacion educativa, unas expectativas de aprendizaje basadas en un prospecto definido como regular; al otro lado de la balanza se encuentra la poblacion definida como NEE (Necesidades Educativas Especiales) que presenta dificultades generadas por su discapacidad. Sin embargo, entre la poblacion regular y la poblacion con discapacidad, existe una poblacion no reconocida en politica publica, con una amplia gama de estilos y caracteristicas de aprendizaje, gama a la que en el presente documento se le reconoce como franja media con caracteristicas no convencionales de aprendizaje. Dada la zozobra que supone para una persona ser evaluada con un patron de referencia distante de la posibilidad personal de respuesta, al exponer a esta poblacion y analizar sus particulares circunstancias, de cara a las politicas publicas y a la cotidianidad escolar, se concluye que el Estado no ha podido particularizar el curriculo para atender las condiciones singulares de aprendizaje de esta poblacion. En consecuencia, se parte de la revision de diferentes aportes de investigaciones relacionadas, con el fin de profundizar en el conocimiento de esta problematica y proponer algunos lineamientos aplicables a la metodologia empleada para la adecuacion del curriculo, cuyo componente de evaluacion sea consecuente y particularice las condiciones de la ninez objeto de este abordaje.",20,2,601,622,,Educational Legislation; learning difficulties; educational evaluation,,,,https://revistaclinicahsjd.ucr.ac.cr/index.php/aie/article/view/41646 https://dialnet.unirioja.es/servlet/articulo?codigo=7738540 https://www.scielo.sa.cr/scielo.php?script=sci_arttext&pid=S1409-47032020000200601 https://revista-ciencia-tecnologia.ucr.ac.cr/index.php/aie/article/download/41646/42054 https://revistaclinicahsjd.ucr.ac.cr/index.php/aie/article/download/41646/42054 https://isidore.science/document/10670/1.nkt13i,http://dx.doi.org/10.15517/aie.v20i2.41646,,10.15517/aie.v20i2.41646,3022785328,,0,,0,true,cc-by-nc-sa,gold
067-564-556-180-954,Autismo: Vivências e Caminhos - Autismo: Vivências e Caminhos,,2016,book,,,Editora Edgard Blücher,,Vera Lúcia Prudência dos Santos Caminha; Julliane Yoneda Huguenin; Lúcia Maria de Assis; Priscila Pires Alves,"mestrado no Programa de Engenharia Civil (COPPE/UFRJ, 1996) e especialização em Engenharia e Segurança do Trabalho pela União das Escolas Superiores de Rondônia (UNIRON, 2016). Atualmente, é professora associada IV da Universidade Federal de Rondônia (Unir), lecionando nos cursos de Engenharia Civil e da Ciência da Computação.",,,,,,,,,,https://openaccess.blucher.com.br/article-list/autismo-292/list/,http://dx.doi.org/10.5151/9788580391329,,10.5151/9788580391329,2497533912,,0,,10,true,,bronze
068-552-529-400-921,Intervención educativa en el alumnado con altas capacidades,2017-08-22,2017,journal article,Revista Ensayos Pedagógicos,22153330; 16590104,Universidad Nacional de Costa Rica,,Lina Higueras-Rodríguez,"Este ensayo trata de dar una vision general de aspectos a considerar en la intervencion educativa del alumnado con altas capacidades intelectuales. Por ello, trata sobre esta necesidad educativa, las caracteristicas que presenta el alumnado y como se manifiestan. Ademas de dar un enfoque sobre la atencion a la diversidad y la inclusion de este estudiantado dentro de clase y fuera de ella. Un aspecto significativo a resaltar es la importancia que tienen, tanto familias como docentes a la hora de atender las necesidades educativas que presentan estos ninos y ninas.",12,1,69,81,,escuela inclusiva; altas capacidades; rendimiento académico inclusive school; high capacities; academic performance,,,,http://www.revistas.una.ac.cr/index.php/ensayospedagogicos/article/view/9674/04intervencion_educativa.html https://dialnet.unirioja.es/servlet/articulo?codigo=6095688 https://dialnet.unirioja.es/descarga/articulo/6095688.pdf https://core.ac.uk/display/143189107,http://dx.doi.org/10.15359/rep.12-1.4,,10.15359/rep.12-1.4,2749570680,,0,,5,true,cc-by-nc-nd,gold
068-553-393-546-490,ANAIS DA FEIRA ACADÊMICA BY ACERVO SAÚDE,,2020,conference proceedings article,ANAIS DA FEIRA ACADÊMICA BY ACERVO SAÚDE,,Revista Eletrônica Acervo Saúde,,,Alimentos funcionais e seus benefícios na prevenção de doenças crônicas não transmissíveis: uma revisão sistemática .,,,,,Computer science; Art; Humanities,Violência; Recém-Nascido; Período Pós-Parto Atropina; Miopia; Tratamento Insulinoterapia; Diabetes; Complicações Álcool; Tabaco; Carcinoma Implantes dentários; Reabilitação bucal; Cirurgia bucal Educação em Saúde; Ansiedade; Enfermagem,,,,https://acervomais.com.br/index.php/saude/article/download/5071/2588 https://doi.org/10.25248/anais.e5071.2020,http://dx.doi.org/10.25248/anais.e5071.2020,,10.25248/anais.e5071.2020,,,0,,0,true,,gold
068-870-383-755-677,"Sociología de las Relaciones Socioculturales Noratlánticas y su influjo en Estados Unidos de América: origen, desarrollo y declive de American civil religion",,,dissertation,,,Universidad de Valladolid,,Antonio Sánchez Bayón,"espanolEsta tesis doctoral es un estudio interdisciplinario, de base sociologica y cultural (en la linea de los Estudios culturales estadounidenses), que versa sobre el origen y desarrollo de la configuracion estadounidense, mediante su religion civil (American civil religion-ACR). Se trata de un moderno metamero sociocultural de integracion (anterior a la polemica decimononica europea sobre la nacion/nacionalismo), elaborado por los padres fundadores (desde las colonias atlanticas y durante su expansion continental hacia el Oeste –como mesianismo para extender Occidente-), siendo actualizado periodicamente en ciclos de despertares y revitalizaciones (dando lugar a su estadounidizacion o Americaness). En el seno de Estados Unidos de America (EE.UU.), gracias a su pionera secularizacion y teologia politica de Modernidad combinada, se recibe y transforma de manera singular la tradicion sagrada y profana occidental (llegada por via atlantica), generandose un rico sistema propio de simbolos y ritos, creencias y valores, normas e instituciones, arte y monumentos, etc., constituyentes de un legado vehiculizador de la idiosincrasia estadounidense (su condensacion de su identidad y mentalidad colectiva, su imaginario social y capital simbolico, sus relaciones entre estructuras y superestructuras y sus codigos comunicativos, etc.). Todo ello es analizado, evidenciado y sistematizado, ademas de ilustrarse su realidad mediante el estudio de casos del citado legado de la religion civil estadounidense. Se acomete esta investigacion segun la propia lectura que de ello han venido realizando los estadounidenses, sobre todo, desde sus Estudios culturales, responsables de clarificar su idiosincrasia y reformular periodicamente la misma, para actualizarla y mejorarla. Sin embargo, hoy en dia, se hallan fragmentados y enfrentados, con dificultades para abordar su mision tradicional, ademas de poner su ACR en tela de juicio (dando lugar al conjunto de la paradoja posmoderna estadounidense o American posmodern paradox set-APP-set, conducente a Americaless y transoccidentalizacion). Tal circunstancia, no solo afecta a la idiosincrasia estadounidense, sino que, igualmente, condiciona sus relaciones socioculturales y sus relaciones internacionales (alejandose mas del mundo atlantico, acercandose al pacifico y desdibujandose Occidente). EnglishThis PhD dissertation is an interdisciplinary study, based on sociological and cultural approaches (according to American cultural studies way), which deals with the origin and development of the American configuration, by the civil religion (American civil religion-ACR). It is a modern socio-cultural methamer of integration (previus to the nineteenth-century European controversy on nation/nationalism), made by the founding fathers (from the Atlantic colonies periord and during the continental expansion to the West –in a mesianic mission to extend the Western-), and periodically updated in cycles of awakenings and revitalizations (by the Americaness). Inside of the United States of America (USA), thanks to its pioner secularization and political theology of mixed Modernity, the sacred and profane Western tradition is received (from Atlantic route) and it is transformed in a singular way; the result is a rich system of symbols and rituals, beliefs and values, norms and institutions, art and memorials, etc. By this way is conformed the heritage to become the American idiosyncrasy (it contains the collective identity & mentality, the social imagination & symbolic capital, the structures-superstructures relations and its communicational codes, etc.). The mentioned issues, they are analyzed, evidenced and systematized; also, there is an illustration of topics by case studies of ACR heritage. This research is undertaken according to the own reading that the Americans have made (by theirselves), above all, from their Cultural Studies. American cultural studies have assumed the responsibility to clarify the idiosyncracy and to reformulate periodically the issue, to update and to improve it. However, currently, they are fragmented and confronted, without a chance to fix the identity trouble, and ACR is in the nuddle (thanks to them and improving the American posmodern paradox-set or APP-set, which drives to Americaless and transWesternelless). Such circumstance affects the American idiosyncrasy; also, it has an impact in the socio-cultural relations and international affairs (moving from Atlantic area to the Pacific land, and transforming the West in a fuzzy way).",,,,,Humanities; Linea; Civil religion; Political science; Nationalism; Secularization,Resumen y palabras clave (p; 11) RD: Real Decreto; relig; religiosa; siglo; secc; sección; ss; siguiente(s); subepíg; Subepígrafe,,,,https://dialnet.unirioja.es/servlet/tesis?codigo=221639 https://uvadoc.uva.es/handle/10324/35122 https://uvadoc.uva.es/bitstream/10324/35122/1/Tesis1494-190318.pdf,http://dx.doi.org/10.35376/10324/35122,,10.35376/10324/35122,2948226707,,0,,0,true,cc-by-nc-nd,hybrid
068-885-242-956-135,MARCO TEÓRICO Y CONCEPTUAL DE LA EDUCACIÓN INCLUSIVA Y SU VINCULACIÓN CON LA EDUCACIÓN PARA LA PAZ.,2015-06-30,2015,journal article,Ra Ximhai,16650441,Universidad Autonoma Indigena de Mexico,,Filiberto Rivera Meneses; José Gabriel Espindola Reyna,"El presente articulo analiza de manera general el contexto en el que se desarrolla la educacion Inclusiva en nuestro pais y su relacion con los estudios de paz que se vienen gestando en el Estado de Mexico. Lo anterior, vinculado con la construccion de paz y la convivencia escolar armonica en un Centro de Atencion Multiple del municipio de Ixtapaluca. El analisis particulariza el Programa de Convivencia Escolar promovido por la Secretaria de Educacion Publica en el presente ciclo escolar 2014-2015, con el proposito de proponer algunas alternativas para su fortalecimiento.",11,1,153,168,,Inclusive education; school cohabitation; special education; education for peace,,,,https://dialnet.unirioja.es/servlet/articulo?codigo=6467043 http://ri.uaemex.mx/handle/20.500.11799/39301 https://www.redalyc.org/articulo.oa?id=46139401008 https://www.redalyc.org/pdf/461/46139401008.pdf https://doaj.org/article/b25e42a19ad441b7a5041cea4bd6627e http://www.revistas.unam.mx/index.php/rxm/article/view/71157/62865,http://dx.doi.org/10.35197/rx.11.01.2015.08.fr,,10.35197/rx.11.01.2015.08.fr,2345489145,,0,,3,true,cc-by-nc-nd,gold
069-148-361-901-117,Calidad y diversidad funcional en la educación literaria infantil,,2022,journal article,Revista de estudios socioeducativos RESED,23413255,Servicio de Publicaciones de la Universidad de Cadiz,,Elia Saneleuterio; Silvia Farga Albiol,"This article focuses on one of the main materials used in literary education from 0- to 6-year-old students: picturebooks. This genre is approached as part of children’s and young adult literature, considering functional diversity in education, its inclusion in picturebooks, and the role of all this in the promotion of reading. The objective is to know the studies that have been published on the literary and illustrative quality of picture books, focusing on the representation of functional diversity. Among other conclusions, the article shows that there has been a change in the improvement of the quality of picturebooks and the way of representing functional diversity in children’s and youth literature. However, the research concludes that the representation of this diversity is scarce, as well as the research that simultaneously address the quality criteria of the illustrated book and care about the representation of functional diversity in them.",,10,,,Diversity (politics); Representation (politics); Inclusion (mineral); Reading (process); Promotion (chess); Quality (philosophy); Picture books; Functional diversity; Sociology; Psychology; Art; Gender studies; Linguistics; Literature; Anthropology; Epistemology; Philosophy; Political science; Ecology; Politics; Law; Biology,Literatura infantil y juvenil; Álbum ilustrado; Educación Infantil; Diversidad funcional; Inclusión educativa Children's and young adult literature; Picturebooks; Childhood education; Functional diversity; Inclusive education,,,,https://revistas.uca.es/index.php/ReSed/article/download/8604/9164 https://doi.org/10.25267/rev_estud_socioeducativos.2022.i10.11 https://roderic.uv.es/bitstreams/6684de22-ddf0-4d79-8d3f-b0f9985eb3d9/download https://hdl.handle.net/10550/86902,http://dx.doi.org/10.25267/rev_estud_socioeducativos.2022.i10.11,,10.25267/rev_estud_socioeducativos.2022.i10.11,,,0,,1,true,cc-by-nc,gold
069-695-398-152-79X,Educación patrimonial y diversidad: Evaluación de programas y definición de un modelo basado en los procesos de Patrimonialización,,,dissertation,,,Universidad de Valladolid,,Sofía Martín Cepeda,"En el presente trabajo de investigacion se ubica en el ambito de la educacion patrimonial y la diversidad de publicos. Nos posicionamos desde el paradigma socio-critico, orientando el proceso a conocer, analizar y evaluar programas de educacion patrimonial referentes en el trabajo con la diversidad de publicos para definir los criterios y estandares de calidad que determinan el exito de la inclusion educativa, con la finalidad de definir un modelo educativo especifico y de calidad. La busqueda de respuestas al problema de investigacion guiara el proceso de descubrimiento y desarrollo de la investigacion, a partir de las hipotesis que describimos a continuacion. Se trata de hipotesis de naturaleza inductiva puesto que surgen de la reflexion a partir de la observacion de la realidad. Estas hipotesis son enunciados proposicionales que explican la relacion entre las variables: - No existe un modelo educativo solido que oriente las practicas de educacion patrimonial para todos. - Los programas educativos en el ambito de la educacion patrimonial y la diversidad y accesibilidad de todos los publicos, en su mayoria no cumplen la legislacion vigente al respecto. - Los programas de educacion patrimonial y accesibilidad siguen lineas y criterios que nos permiten definir diversos modelos educativos ausentes. - Es necesario un modelo educativo que oriente las practicas educativas de patrimonio para los publicos con capacidades diferentes La Tesis Doctoral se articula en torno a dos conceptos clave: educacion patrimonial y diversidad. A partir de la comprension de estos conceptos y sus relaciones desarrollamos nuestra investigacion, que se organiza en tres grandes bloques: - Marco teorico: en el que profundizamos en la comprension de los conceptos clave, elaboramos una revision de la literatura sobre patrimonio, educacion, diversidad e inclusion, analizamos los marcos legislativo y normativo y abordamos los recientes avances en el campo de la investigacion a traves de grupos, proyectos y autores de referencia. - Marco analitico: donde elaboramos la descripcion metodologica, concretamos el objetivo, las variables y las hipotesis de investigacion, para despues definir los instrumentos, las tecnicas de recogida y las fases que describen y organizan el analisis de datos. A traves de tres filtros de seleccion definimos la muestra de estudio, compuesta por 8 programas de educacion patrimonial inclusivos desarrollados por instituciones culturales referentes en nuestro pais. Aplicamos cuatro instrumentos de recogida de datos: cuestionario, entrevista telefonica/personal, ficha de inventario OEPE y analisis documental. - Marco conclusivo: en el se recogen los hallazgos derivados del analisis de datos y se describen los modelos educativos detectados, asi como el modelo teorico propio para el logro de los objetivos marcados en la investigacion. Por ultimo, abordamos la discusion del proceso investigador y las lineas abiertas de investigacion. Las conclusiones, fruto de un proceso solido de sintesis, argumentado y razonado, se concretan en la deteccion de criterios y estandares para orientar la educacion patrimonial inclusiva, asi como para concretar y definir 7 modelos en base a los criterios de los programas de la muestra y modelo unico que definimos como Modelo Universal. Todo ello cierra el ciclo de la investigacion planteada, pero abre otros nuevos, situandose en el origen de nuevas lineas de investigacion posibles, que sugieren la continuidad hacia diferentes metas.",,,,,,,,,,https://uvadoc.uva.es/bitstream/10324/7416/1/TESIS601-141204.pdf https://dialnet.unirioja.es/servlet/tesis?codigo=132322 https://uvadoc.uva.es/handle/10324/7416,http://dx.doi.org/10.35376/10324/7416,,10.35376/10324/7416,1234987875,,0,,0,true,cc-by-nc-nd,hybrid
070-846-053-162-643,Contribuciones y efectos de los videojuegos en la atención a la diversidad,2022-01-01,2022,journal article,Revista Colombiana de Educación,23230134; 01203916,Universidad Pedagogica Nacional,,Silvia López-Gómez; Jesús Rodríguez-Rodríguez; María Isabel Vidal-Esteve; Mª Montserrat Castro-Rodríguez,"<jats:p>Este artículo presenta los resultados de una revisión de la literatura sobre estudios centrados en las contribuciones y los efectos de los videojuegos en la atención a la diversidad. Para ello, se tomó como muestra las investigaciones recogidas en las bases de datos Scopus, wos, eric, ProQuest Dissertations &amp; Theses Global (pqdt), Dialnet y csic-isoc y en los buscadores académicos Rebiun, Teseo y ScienceDirect. Después de considerar algunos aspectos del análisis bibliométrico, con el propósito de contextualizar la autoría y la procedencia de los artículos, se procedió a analizar en profundidad el contenido de los documentos seleccionados, de acuerdo con los objetivos de este estudio. Fruto de la interpretación del contenido se elaboró una clasificación categorial que refleja las líneas de investigación en el campo de los estudios sobre videojuegos y educación inclusiva. Las cuatro grandes categorías sobre los efectos de los videojuegos en la atención a la diversidad se relacionan con: alumnado con diversidad funcional y trastornos, posibles efectos perjudiciales ante altos niveles de uso de videojuegos, efectos sobre el aprendizaje escolar e influencia de los videojuegos sobre las habilidades procedimentales y actitudinales. Los resultados evidencian la necesidad de favorecer la adquisición de competencias digitales, el desarrollo emocional de los jugadores y jugadoras, y la prioridad de profundizar en la creación de videojuegos que favorezcan la educación inclusiva.;  </jats:p>",,84,1,25,Humanities; Psychology; Art,video games; education; attention to diversity; inclusive education,,,,https://revistas.pedagogica.edu.co/index.php/RCE/article/download/12742/10542 https://doi.org/10.17227/rce.num84-12742,http://dx.doi.org/10.17227/rce.num84-12742,,10.17227/rce.num84-12742,,,0,001-738-218-369-407; 002-576-659-928-89X; 006-729-883-843-890; 007-186-936-938-307; 007-211-942-453-957; 014-936-426-991-996; 018-403-501-557-190; 019-177-161-945-632; 020-331-456-666-911; 023-325-800-068-741; 024-579-950-211-546; 027-687-078-657-808; 028-061-894-542-461; 029-438-937-200-589; 030-560-900-242-026; 031-656-642-349-869; 033-118-441-272-388; 037-507-661-014-027; 038-347-427-584-386; 040-252-216-216-612; 040-681-423-802-96X; 041-159-277-471-115; 045-935-246-570-801; 046-394-477-315-75X; 048-162-194-010-462; 048-310-099-554-543; 048-983-884-268-207; 073-985-683-481-939; 077-315-940-538-987; 099-423-216-182-824; 119-155-787-548-899; 119-684-417-899-716; 132-337-794-761-741; 133-533-937-082-338; 178-497-466-833-39X; 181-733-234-908-794,5,true,cc-by-nc,gold
071-105-995-584-581,"Personalidad, inteligencia emocional y diferencias de género en el rendimiento académico de estudiantes de educación secundaria pública (12º año) de la provincia de Setúbal (Portugal) = Identity, emotional intelligence, gender differences and academic performance of secondary education (12th grade) at public schools in the province of Setúbal (Portugal)",,,dissertation,,,University of Leon,,Das Chagas; Marisa Isabel Freitas,"A realização deste trabalho implicou inúmeros minutos, inúmeras horas, inúmeros dias, inúmeros meses, inúmeros anos de procura, de nervosismo, de ansiedade, de desespero, de felicidade. Foi longa a caminhada, desde que decidi que queria abraçar o conhecimento, e integrar o programa de doutoramento que agora termina. Esta minha trajetória nem sempre foi fácil. Houve momentos em que pensei que",,,,,,Emotional intelligence; empathy; grades; identity; gender differences; school performance; secondary education Afetuoso; sociável; falador; gosta de se divertir; ativo; apaixonado Reservado; solitário; quieto; sóbrio; passivo; insensível Neuroticismo Ansioso; temperamental; autopiedoso; autoconsciente; emotivo; vulnerável Camo; equilibrado; autocontido; despreocupado; reservado; ousado Abertura à Experiência Imaginativo; criativo; original; prefere a variedade; curioso; liberal Pragmático; não-criativo; convencional; prefere a rotina; discreto; conservador Amabilidade Dócil; confiante; generoso; tolerante; flexível Cruel; desconfiado; avarento; antagonista; crítico; irascível Conscienciosidade Bondoso; consciente; esforçado; organizado; pontual; ambicioso; perseverante Negligente; preguiçoso; desorganizado; atrasado; sem metas; instável,,,,https://buleria.unileon.es/handle/10612/5890,http://dx.doi.org/10.18002/10612/5890,,10.18002/10612/5890,2606963935,,0,,0,true,,bronze
072-394-887-759-663,Los retos de una educación virtual para estudiantes con necesidades educativas especiales,2021-05-11,2021,journal article,HAMUT'AY,23137878,Universidad Alas Peruanas S.A.,,Milagros Esperanza Rojas Salgado,"El presente articulo tiene como proposito identificar informacion relevante en relacion con la experiencia de las madres, padres de familia o tutores acerca del proceso educativo en la modalidad no presencial, mediado por la tecnologia, del que participan sus hijos, hijas o tutorados con Necesidades Educativas Especiales (NEE), asi como explorar los retos que demanda la implementacion de la educacion en esta modalidad para estudiantes con NEE, teniendo en cuenta que, dicha implementacion surge como respuesta a las demandas planteadas por un contexto de pandemia por la COVID – 19 en este sentido, el retorno a la presencialidad se visualiza como incierto y diferente a las condiciones educativas antes de esta pandemia.",8,1,9,22,,Necesidades Educativas Especiales; enseñanza; aprendizaje; tecnología,,,,https://dialnet.unirioja.es/descarga/articulo/7971394.pdf https://dialnet.unirioja.es/servlet/articulo?codigo=7971394,http://dx.doi.org/10.21503/hamu.v8i1.2232,,10.21503/hamu.v8i1.2232,3163540291,,0,,4,true,cc-by,gold
073-042-554-744-76X,Factores asociados al bienestar socioemocional del alumno con dotación cognitiva en México,2022-07-03,2022,journal article,Revista INFAD de Psicología. International Journal of Developmental and Educational Psychology.,26035987; 02149877,Asociacion INFAD,,Pedro Sánchez Escobedo,"<jats:p>Se revisan factores protectores y de riesgo para del bienestar socioemocional de los alumnos con dotación cognitiva en México, particularmente durante y después de la pandemia. Se reconoce que la información empírica es escasa, por lo que inferencias de estudios paralelos y la revisión teórica y metodológica de factores protectores y de riesgo en una perspectiva del desarrollo pueden otorgar criterios para evaluar la afectación del bienestar durante la pandemia. La revisión lleva a inferir que estos estudiantes han tenido un impacto relativamente leve por el confinamiento, que el estado socioemocional previo es un buen predictor de ajuste y adaptación después de la pandemia y que no hay diferencias significativas entre las emociones de estudiantes dotados y neurotípicos. Se argumenta que, desde el punto de vista socioemocional, los alumnos con doble excepcionalidad deben considerarse como una categoría aparte. Se discuten las implicaciones para la investigación en esta área con alumnos dotados y neurotípicos.</jats:p>",1,1,193,200,Humanities; Coronavirus disease 2019 (COVID-19); Philosophy; Psychology; Political science; Medicine; Disease; Infectious disease (medical specialty); Pathology,dotación intelectual; bienestar; factores socioemocionales gifted Children; wellbeing; socioemotional factors,,,,https://revista.infad.eu/index.php/IJODAEP/article/download/2356/2035 https://doi.org/10.17060/ijodaep.2022.n1.v1.2356,http://dx.doi.org/10.17060/ijodaep.2022.n1.v1.2356,,10.17060/ijodaep.2022.n1.v1.2356,,,0,,0,true,cc-by-nc-nd,gold
074-149-100-833-211,ANAIS DO I SIMPÓSIO PIAUIENSE MULTIPROFISSIONAL EM NEUROPEDIATRIA E NEONATOLOGIA,,2019,conference proceedings article,ANAIS DO I SIMPÓSIO PIAUIENSE MULTIPROFISSIONAL EM NEUROPEDIATRIA E NEONATOLOGIA,,Revista Eletrônica Acervo Saúde,,,DOI: https://doi.org/10.25248/anais.e2780.2019 Indexação Crossref: clique aqui &nbsp; DOCENTES ORGANIZADORES Ana Flávia Machado de Carvalho (Presidente Docente do I Simpósio Piauiense Multiprofissional em Neuropediatria e Neonatologia) Cristina Cardoso da Silva (Presidente Docente da Comissão Científica) Silvana Maria Véras Neves Jeorgio Leão Araújo Gabriela Dantas Carvalho Marcello de Alencar Silva Priscyla Maria Vieira Mendes Juçara Gonçalves de Castro Luma Luar de Pádua Sousa Lopes Leide Maria Mendes da Silva Cavalcante Vivianne Ramos da Cunha Muniz COMISSÃO ACADÊMICA ORGANIZADORA Antônio Lucas Farias da Silva (Presidente Discente) Geísa de Morais Santana (Vice-Presidente Discente) Alan Jefferson Alves Reis Alanna Kelliny Sousa Barros Albetiza de Carvalho Santos Amanda Oliveira Lima Amanda Penha de Sousa Carvalho Ana Beatriz de Oliveira Vieira Matos Ana Maria Silva Bílio Ananda Cristina Ferreira Mendes Anderson Barbosa Pereira André Lucas Nogueira da Rocha Soares Andréia Carvalho Silva Anny Louisy de Sousa Macêdo Bianca Kelly Barbosa de Sousa Breno Alves da Silva Carla Giovanna de Alencar Fonseca Cipriano Carolina Vieira Siena Martins Daniel dos Santos Nunes Daniel Victor Rodrigues do Nascimento Erika Maria Lopes Brito Eryka Vaz Zagmignan Eulália Luana Rodrigues da Silva Fabriza Maria da Conceição Lopes Fernanda Vasconcelos Elvas Rosal Francisca Istefanne Santos Ricardo Francisca Maria Luz Francisco Tassio Azevedo Teixeira Hermeson Gomes Cardoso Beserra Hyan Ribeiro da Silva Italo Matheus Alves Araújo Ivete Maria Moreira Coelho Neta Jandra Alves Lima Jessyca Gracy Pereira Veloso João Marcos Carvalho Silva José de Ribamar Gomes da Silva Júnior Karl Enzo Jansen da Costa Kauane Alencar Rodrigues da Silva Lauryanna de Queiroz Silva Lorena Almeida Lima Manoel Leonardo Tavares da Silva Marcelane Macêdo dos Santos Marcos Vitor Sousa Silva Maria Gabriella Nunes Lima Mariane dos Santos Silva Marília Cardoso Coelho Mayara Oliveira Ribeiro Mayra Laiane Pereira Feitosa Mayrlla do Vale Nascimento Milenna Barros Guimarães Monaliza de Sousa Moura Nadia Maia Pereira Patrícia Bastos do Nascimento Ramires dos Santos Moraes Renata Pereira da Silva Samuel de Araújo Fonseca Sara Ferreira Lobato de Brito Sarah Maria Osório de Carvalho Sávia Raniele Ramos da Costa Santos Stefânia Araújo Pereira Suyane Santana Cavalcante Vitória Pires Alencar Walleska Suellen do Nascimento Silva COMISSÃO CIENTÍFICA Eulália Luana Rodrigues da Silva (Presidente Discente) Ana Maria Silva Bílio Bianca Kelly Barbosa de Sousa Daniel dos Santos Nunes Hermeson Gomes Cardoso Beserra João Marcos Carvalho Silva Kauane Alencar Rodrigues da Silva Suyane Santana Cavalcante Walleska Suellen do Nascimento Silva ORGANIZADOR DOS ANAIS Eulália Luana Rodrigues da Silva COMISSÃO AVALIADORA Camila Ribeiro Macêdo de Castro Assis Fabíola de Oliveira Alvino Macedo Francisco Lucas de Lima Fontes Gabriela Dantas Carvalho Leonardo de Pádua Andrade Almeida Mauricio José Almeida Morais Márcia Regina Soares Cruz Nayra Rejane Rolim Gomes Maia Oscar Correia da Fonseca Paulo Pedro do Nascimento Paulo Sérgio da Paz Filho Renata Siqueira Nunes Rocha Silvana Maria Véras Neves,,,,,Computer science,Oxigenoterapia  UTI neonatal  Desenvolvimento Cuidados Paliativos; Pediatria; Equipe Multiprofissional,,,,https://acervomais.com.br/index.php/saude/article/download/2780/1205 https://doi.org/10.25248/anais.e2780.2019,http://dx.doi.org/10.25248/anais.e2780.2019,,10.25248/anais.e2780.2019,,,0,,0,true,,gold
075-330-602-195-865,Anais do Encontro Regional Norte 2022 - Rede Unida,2022-12-08,2022,journal article,Saúde em Redes,24464813,Associacao Brasileira da Rede Unida,,Saúde em Redes Editores,"Apresentao: As PICS so sistemas complexos e recursos teraputicos que visam estimular os processos naturais de preveno de doenas e da recuperao da sade, por meio de tecnologias eficazes e seguras, de carter multiprofissional, com nfase no desenvolvimento do vnculo teraputico e na integrao do ser humano com meio ambiente e a sociedade. Ainda que as PICS tenham sido institucionalizadas como poltica em 2006, existe um modelo predominantemente no campo da sade que o modelo biomdico hegemnico. Buscar integralidade pensar que todos os profissionais tm um pacto na possibilidade de produo de sade nas comunidades, porque so detentores de saberes distintos que associados e aliados podem resultar em potencial teraputico. O",8,sup4,1,01,Geology,,,,,http://revista.redeunida.org.br/ojs/index.php/rede-unida/article/download/4012/1068 https://doi.org/10.18310/2446-4813.2022v8nsup4p01,http://dx.doi.org/10.18310/2446-4813.2022v8nsup4p01,,10.18310/2446-4813.2022v8nsup4p01,,,0,,0,true,,gold
075-533-340-381-819,Habilidades Sociales y Aprendizaje Cooperativo el la Inclusión de Estudiantes con Necesidades Educativas Específicas,,2021,journal article,Revista Brasileira de Educação Especial,19805470; 14136538,FapUNIFESP (SciELO),Brazil,Ignacio Perlado Lamo de Espinosa; Juan Carlos Torrego Seijo; Yolanda Muñoz Martínez,"RESUMEN Este estudio analiza como al trabajar con la metodologia del aprendizaje cooperativo en el aula, los alumnos con necesidades educativas especiales pueden mejorar en sus habilidades sociales obteniendo mejores aprendizajes. Se realiza en el contexto del programa de formacion docente universitaria del Experto en Aprendizaje Cooperativo online de la Universidad de Alcala, en Espana. La metodologia utilizada es de corte cualitativo en base a un diseno de estudio de casos desarrollado durante 6 anos (2011 al 2017). Los participantes fueron 176 profesores de centros educativos espanoles que cumplian los requisitos. Las acciones realizadas implicaron a un total de 3.964 estudiantes, de los cuales, 406 presentaban algun tipo de necesidad especifica. Los resultados reflejan la influencia en las habilidades sociales de los alumnos con necesidades al trabajar con la metodologia del aprendizaje cooperativo. Se concluye que para la mejora de las habilidades sociales del alumnado con necesidades es necesario que el docente potencie acciones que promuevan las habilidades sociales de estos alumnos a traves del aprendizaje cooperativo y de las propuestas diversificadas, planificadas y ajustadas a sus necesidades concretas, dandoles la oportunidad de trabajar de forma conjunta con sus companeros.",27,,,,,PALABRAS CLAVE: Aprendizaje cooperativo; Educación inclusiva; Formación de profesores; Habilidades sociales; Estudiante con necesidades especiales Cooperative learning; Inclusive education; Teacher training; Social skills; Student with special needs,,,,https://www.scielo.br/j/rbee/a/NPj3shfsNbkhNxnHSkXqzgk/ http://www.scielo.br/j/rbee/a/NPj3shfsNbkhNxnHSkXqzgk/,http://dx.doi.org/10.1590/1980-54702021v27e0066,,10.1590/1980-54702021v27e0066,3207696581,,0,004-450-778-694-490; 021-400-538-196-24X; 022-213-209-937-871; 022-307-841-351-003; 029-807-129-893-98X; 031-509-128-673-981; 048-603-361-994-835; 054-962-563-349-174; 066-785-984-377-668; 073-311-211-384-574; 083-000-383-990-591; 095-137-413-066-045; 120-786-063-425-873; 127-875-707-286-24X; 147-730-424-137-154; 158-137-478-194-199; 162-155-464-149-972; 165-651-176-118-815,5,true,cc-by,gold
076-113-872-243-527,La imagen del profesorado ante el uso de las TIC con alumnado con necesidades educativas especiales intelectuales,2017-03-16,2017,book chapter,,,Ediciones de la Universidad de Castilla-La Mancha,,Natalia Simón Medina; Julio César Cisneros Britto; Felipe Gértrudix Barrio,A mixed methods assessment of students flow experiences during a mobile augmented reality science game.,,,62,75,,,,,,https://dialnet.unirioja.es/servlet/articulo?codigo=7832130 https://ruidera.uclm.es/xmlui/handle/10578/13211 https://core.ac.uk/download/pdf/230253583.pdf,http://dx.doi.org/10.18239/jor_10.2017.02,,10.18239/jor_10.2017.02,2625571307,,0,,5,true,cc-by-nc-nd,green
076-737-048-175-031,La educación emocional en la infancia: una estrategia inclusiva,2017-07-25,2017,journal article,Aula Abierta,02102773; 23412313,Universidad de Oviedo,Spain,Amaya Cepa Serrano; Davinia Heras Sevilla; María Fernández-Hawrylak,"<jats:p>RESUMENEsta investigación está enmarcada dentro del ámbito de la Educación Emocional en edades tempranas. El objetivo de este estudio es comprobar la eficacia del Programa EMO-ACCIÓN de educación emocional, valorando su impacto en niños de 4 a 5 años con necesidades específicas de apoyo educativo. Para este trabajo se ha seleccionado un grupo de 22 alumnos/as de Educación Infantil con estas necesidades, de una muestra de 123 alumnos/as matriculados en un colegio ordinario preferente en limitaciones físicas. Se utiliza un diseño de medidas repetidas pre-test/post-test con grupos experimental (12 alumnos) y control (10 alumnos). Para ello, se administra antes y después de la intervención educativa la escala RRER para la medición de competencias emocionales. Los resultados muestran que los alumnos que participaron en el programa educativo incrementan de forma significativa sus competencias emocionales, encontrándose una clara mejora en las cinco dimensiones que se evalúan en la escala. El programa favorece el desarrollo de las competencias emocionales, tanto para alumnado que presenta o no dificultades educativas.Palabras Clave: competencias emocionales, educación infantil, alumnado con necesidades específicas de apoyo educativo, educación inclusiva, educación emocional.ABSTRACTThis research is framed within the emotional education at early childhood. The aim of this study is to test the efficiency of the EMO-ACCIÓN Program of emotional education, assessing its impact in 4-5 years old children with special educational needs. We selected 22 children within a sample of 123 schooled in a preferred ordinary center in physical limitations. A repeated measures design pretest/posttest was used, with experimental (12 children) and control (10 children) groups. In order to measure the emotional competences, the Recognition, Regulation, Empathy and Problem Solving Scale (RRER) was administered before and after the educational intervention. The outcomes show that the children who participated in the educational program increase their emotional competences significantly, with a clear improvement in the five dimensions that the scale evaluate. The program stimulates the development of emotional competences, both in the children with or without educational needs.Keywords: emotional competences, child education, students with special, educational needs, inclusive education, emotional education.</jats:p>",46,,73,73,Humanities; Psychology; Cartography; Art; Geography,emotional competences; child education; students with special; educational needs; inclusive education; emotional education,,,,https://www.unioviedo.es/reunido/index.php/AA/article/download/11990/11051 https://doi.org/10.17811/rifie.46.2017.73-82,http://dx.doi.org/10.17811/rifie.46.2017.73-82,,10.17811/rifie.46.2017.73-82,,,0,,7,true,cc-by-nc-nd,gold
077-557-214-170-155,"Audiências públicas sobre maconha/cannabis na Câmara dos Deputados brasileira, 1997-2020",,2022,journal article,Opinião Pública,18070191; 01046276,FapUNIFESP (SciELO),Brazil,Daniela Leandro Rezende; Paulo Fraga; Aruna Sol,"<jats:p>O objetivo deste artigo é analisar as audiências públicas sobre maconha/cannabis realizadas na Câmara dos Deputados no período entre 1997 e 2020, a partir de um censo das audiências públicas sobre o tema e uma análise de conteúdo automatizada dos discursos proferidos nas mesmas. O debate legislativo sobre regulação da maconha/cannabis no Brasil, via audiências públicas, se ampliou nos últimos anos, enfocando os usos medicinal e industrial da planta. Como principais resultados, observamos que houve uma mudança no perfil do público convidado ao longo do tempo, ganhando destaque as pessoas pesquisadoras, representantes de pessoas pacientes/usuárias e de agências reguladoras. Verificamos ainda que há uma polarização do debate em torno do par uso medicinal vs . abuso/dependência. Outros temas também se destacaram nas falas analisadas, ainda que menos centralmente, relativos ao cultivo, produtos derivados da cannabis, cadeia produtiva e sua regulação.</jats:p>",28,2,425,461,Cannabis; Humanities; Political science; Traditional medicine; Philosophy; Medicine; Psychiatry,,,,,https://www.scielo.br/j/op/a/qzDjVTWNqR5v5rxhwqzXQ7H/?lang=pt&format=pdf https://doi.org/10.1590/1807-01912022282425,http://dx.doi.org/10.1590/1807-01912022282425,,10.1590/1807-01912022282425,,,0,000-961-929-687-634; 005-575-419-003-227; 010-500-641-459-887; 014-230-201-089-104; 020-830-137-666-814; 057-680-424-742-527; 062-866-373-390-977; 104-004-599-808-654; 141-109-705-735-691,7,true,cc-by,gold
081-267-166-890-578,Altas capacidades e as lives do YouTube® no período da pandemia: uma revisão sistemática,2023-07-05,2023,journal article,Educ. Form.,24483583,Educacao e Formacao,,Amanda Rodrigues de Souza; Ana Paula Santos de Oliveira; Rosemeire de Araújo Rangni,"<jats:p>As lives tornaram-se muito populares no período pandêmico, com numerosos convites para transmissões sobre os mais diversos temas, inclusive, sobre as altas capacidades, fazendo com que o interesse acadêmico se voltasse para esse novo formato de evento. Desse modo, este artigo se propõe a apresentar o que foi transmitido em lives sobre as altas capacidades durante o período da pandemia (2020-2022), no YouTube®, por meio de pesquisa sistemática. Os resultados encontrados foram 22 vídeos relacionados a temas mais introdutórios às altas capacidades e outras abordagens, como a parentalidade; a aceleração; a matemática; as altas capacidades e o autismo; e a sobre--excitabilidade. Conclui-se que, apesar de temas mais introdutórios às altas capacidades terem sido mais incidentes, as lives cumpriram importante papel de informação para docentes e profissionais conhecerem a temática, mesmo que previamente.</jats:p>",8,,e10014,e10014,Humanities; Philosophy; Computer science,,,,,https://revistas.uece.br/index.php/redufor/article/download/10014/9370 http://dx.doi.org/10.25053/redufor.v8.e10014 https://dialnet.unirioja.es/descarga/articulo/9200649.pdf https://dialnet.unirioja.es/servlet/oaiart?codigo=9200649 https://reunir.unir.net/bitstream/123456789/16288/1/Giftedness%20and%20YouTube.pdf https://reunir.unir.net/handle/123456789/16288,http://dx.doi.org/10.25053/redufor.v8.e10014,,10.25053/redufor.v8.e10014,,,0,005-114-600-744-052; 005-228-419-165-799; 015-785-400-504-433; 018-826-413-071-128; 022-319-838-235-27X; 022-454-358-531-135; 027-193-318-657-55X; 032-366-555-103-618; 036-883-870-882-931; 039-059-711-434-238; 044-710-526-172-441; 124-941-279-038-082,1,true,cc-by,gold
081-387-583-962-137,"Los condicionantes sociales, interculturales y personales que interfieren en educación inclusiva en tiempos de COVID-19",,2022,journal article,Revista Brasileira de Educação,1809449x; 14132478,FapUNIFESP (SciELO),Brazil,Antonio Hernández Fernández; Karina Elizabeth Delgado Valdivieso; Claudia de Barros Camargo,"<jats:p>RESUMEN El objetivo general de este trabajo es analizar la relación entre educación inclusiva y las condiciones sociales, interculturales y personales de los docentes en tiempos de pandemia (COVID-19) a través de metodología de ecuaciones estructurales. Esta metodología aporta al objetivo de investigación el poder relacionar las dimensiones de estudio de forma matemática. La muestra, seleccionada por conveniencia (España-Ecuador), está formada por 810 docentes universitarios. La conclusión es que la relación más alta se da entre las dimensiones condición intercultural y condición personal, mientras que la menor relación se da entre condición intercultural y condición social. La educación inclusiva, pues, está mediatizada por estos condicionantes y a pesar del COVID-19 se manifiesta en el momento de compartir con personas de otras culturas, con la empatía en situaciones difíciles de pandemia.</jats:p>",27,,,,Humanities; Coronavirus disease 2019 (COVID-19); Philosophy; Medicine; Pathology; Infectious disease (medical specialty); Disease,PALABRAS CLAVE educación inclusiva; condiciones sociales; condiciones interculturales; condiciones personales; COVID-19 inclusive education; social conditions; intercultural conditions; personal conditions; COVID-19 PALAVRAS-CHAVE educação inclusiva; condições sociais; condições interculturais; condições pessoais; COVID-19,,,,https://www.scielo.br/j/rbedu/a/sjhFD5PMTWZhkTtJgWK4hjN/?lang=es&format=pdf https://doi.org/10.1590/s1413-24782022270074,http://dx.doi.org/10.1590/s1413-24782022270074,,10.1590/s1413-24782022270074,,,0,003-184-363-044-124; 031-056-855-501-837; 080-458-057-611-336; 086-921-858-472-671; 145-412-040-037-668,1,true,cc-by,gold
081-590-872-538-475,A Inteligência Artificial a favor da aprendizagem dos alunos com deficiência,2022-08-28,2022,journal article,"Research, Society and Development",25253409,"Research, Society and Development",,Camilla Viana de Souza Gonçalo; Aline dos Santos Moreira de Carvalho; Antônio Marcondes de Araújo,"<jats:p>A Inteligência Artificial inserido no setor educacional proporciona ao deficiente um  aprendizado diferenciado, o ajudando a aumentar o engajamento do aluno. Isso porque são diferentes recursos de tecnologia disponibilizados a qualquer momento, como a gamificação, que elevam o interesse do estudante pela educação, dessa  essa estratégia transforma os alunos em protagonistas com habilidades fundamentais e mais conhecimento. Com cada vez mais invenções disponíveis online que não sejam trazidas apenas pelo educador, a Inteligência Educacional é uma boa ideia para os alunos aprenderem do lugar onde estiverem. Além de estimular o aprendizado, é possível criar sistemas personalizados com o perfil de cada aluno. A referida pesquisa baseia-se em dados bibliográficos, elaborada a partir de material já publicado, como livros, artigos, periódicos, internet, e em dados qualitativos vez que que visa abordar os aspectos subjetivos de fenômenos sociais e do comportamento humano procurando, deste modo, abordar temas que não podem ser quantificados em equações e estatísticas, de base metodológica de paradigma sistêmico, pautada na teoria da complexidade tendo como objeto de estudo as inteligências artificiais inseridas nos ambientes educacionais como promoção de aprendizagem.</jats:p>",11,11,e449111133271,e449111133271,Humanities; Philosophy,Aprendizagem; Ensino; Inclusão; Inteligência artificial Learning; Teaching; Inclusion; Artificial intelligence Aprendizaje; Enseñanza; Inclusión; Inteligencia artificial,,,,https://rsdjournal.org/index.php/rsd/article/download/33271/28582 https://doi.org/10.33448/rsd-v11i11.33271,http://dx.doi.org/10.33448/rsd-v11i11.33271,,10.33448/rsd-v11i11.33271,,,0,,1,true,cc-by,gold
083-137-348-673-125,Resumos do XII Congresso Mundial de Farmacêuticos de Língua Portuguesa; V Simpósio de Plantas Medicinais e Fitoterápicos no Sistema Público de Saúde; Congresso Internacional de Fitoterapia; I Congresso Brasileiro de Farmácia Estética e I Simpósio Farmacêutico de Nutracêuticos,2017-03-28,2017,journal article,Infarma - Ciências Farmacêuticas,23189312; 01040219,Conselho Federal de Farmacia,,Walter da Silva Jorge JOÃO; Valmir De SANTI,"<jats:p>O Conselho Federal de Farmácia (CFF), a Associação de Farmacêuticos dos Países de Língua Portuguesa (AFPLP) e a Fundação Brasileira de Ciências Farmacêuticas (FBCF) têm a satisfação de apresentar a você, leitor, os anais do XII Congresso Mundial de Farmacêuticos de Língua Portuguesa.</jats:p>",29,,1,286,Humanities; Art,PHYSALIS ANGULATA L.; SAMBUCUS NIGRA L.; CALENDULA OFFICINALIS L.; UNCARIA TOMENTOSA PROAP-PPGFAR-UFBA Álcool. Bactérias. Bolores. Leveduras,,,,http://revistas.cff.org.br/?journal=infarma&page=article&op=download&path%5B%5D=2054&path%5B%5D=pdf https://doi.org/10.14450/2318-9312.v29.esup1.a2017.pp1-286,http://dx.doi.org/10.14450/2318-9312.v29.esup1.a2017.pp1-286,,10.14450/2318-9312.v29.esup1.a2017.pp1-286,,,0,,0,true,cc-by-nc-nd,gold
085-832-596-025-140,Pede-se abrir os olhos psicanálise e reflexão estética hoje,,,dissertation,,,"Universidade de Sao Paulo, Agencia USP de Gestao da Informacao Academica (AGUIA)",,Gustavo Henrique Dionisio,"This work intends to investigate the use of psychoanalytic theory within the aesthetic and critical contemporary art field. To this purpose, this study focuses on two philosophers who have become significant in our time: the critic Hal Foster and the art historian Georges Didi-Huberman. This study aims to show how far the concepts generated in psychoanalytic praxis allowed interpretations that disrupt the field of the traditional aesthetics. This type of analysis is possible once we abandon the paradigm of ""applied psychoanalysis"", which is still current in non-clinical setting. Finally, the proposal wants to argue that the category of the amorphous, generated in this research, may clarify certain aesthetic experiences that range from the modernity of art through the post-modernity.",,,,,,psychoanalysis; aesthetics; figurability; deferred action; amorphous,,,,https://www.teses.usp.br/teses/disponiveis/47/47134/tde-02082010-123743/publico/dionisio1_do.pdf https://teses.usp.br/teses/disponiveis/47/47134/tde-02082010-123743/pt-br.php,http://dx.doi.org/10.11606/t.47.2010.tde-02082010-123743,,10.11606/t.47.2010.tde-02082010-123743,2124444164,,0,,2,true,cc-by-nc-sa,gold
085-900-403-109-877,Diversidad e inclusión en la educación básica,2022-05-04,2022,journal article,RECIAMUC,25880748,Saberes de Conocimiento,,Argelia Birmania Maridueña Macías; Betty Griselda Maridueña Macías; Tamara Ibeth Gavino Diaz; Felicita Rosales Beltran,"<jats:p>La inclusión en el ámbito de la educación no sólo postula el derecho de las personas a ser diferentes como algo legítimo, sino que valora explícitamente la existencia de esa diversidad y promueve el trato equitativo. La metodología utilizada para el presente trabajo de investigación, se enmarcada dentro de una revisión bibliográfica de tipo documental, ya que nos vamos a ocupar de temas planteados a nivel teórico como es Diversidad e inclusión en la educación básica. La técnica para la recolección de datos está constituida por materiales electrónicos, estos últimos como Google Académico, entre otros, apoyándose para ello en el uso de descriptores certificados y avalados por el tesauro de la UNESCO. La información aquí obtenida será revisada para su posterior análisis. El tema de la inclusión y la diversidad es muy amplio, si bien ambos términos están presentes en las declaraciones universales de derechos humanos y acceso a la educación, y en los marcos legales de cada país, gracias a los distintos sectores o grupos de géneros que han alzado su voz por algún tipo de discriminación y que han logrado las modificaciones en los marcos legales. La inclusión y la diversidad no solo debe quedarse allí, la institución educativa puede tener toda la voluntad de aplicar los correctivos necesarios para adecuar su estructura y currículo a las necesidades especiales de los estudiantes, sin embargo, sin una preparación pedagógica del docente que pueda encarar las distintas conductas del estudiante, los esfuerzos van a ser en vano, en segundo término los mismo estudiantes tienen que entrar en un proceso de entender al otro, que va por supuesto unido al análisis anterior.</jats:p>",6,2,59,68,Humanities; Philosophy,inclusión; educativo; sexual; diversidad; integración inclusion; educational; sexual; diversity; integration. RESUMO,,,,https://reciamuc.com/index.php/RECIAMUC/article/download/831/1217 https://doi.org/10.26820/reciamuc/6.(2).mayo.2022.59-68,http://dx.doi.org/10.26820/reciamuc/6.(2).mayo.2022.59-68,,10.26820/reciamuc/6.(2).mayo.2022.59-68,,,0,,3,true,cc-by-nc-sa,hybrid
086-518-719-467-733,"Tripé do Ensino Superior: Ensino, Pesquisa e Extensão",,2021,book,,,Instituto Produzir,,Geísa de Morais Santana; Antônio Lucas Farias da Silva; Nágila Silva Alves; Antonia Mylene Sousa Almeida; Carolina Dourado de Faria; Isabelly Raiane Silva dos Santos; Laísa de Morais Santana; Maria Bianca de Sousa Oliveira,"e Extensão (CONEPEXSA) foi realizado pelo Instituto Produzir (CNPJ: 40.874.268/0001-77) entre os dias 16 a 18 de Setembro de 2021 pela plataforma Doity. O evento contou com mais de 500 participantes, 295 trabalhos expostos em banners digitais, 20 apresentados na modalidade oral, 93 capítulos de livros e dezenas de palestrantes de diferentes estados do Brasil. O CONEPEXSA teve como objetivo promover o conhecimento dos discentes, docentes e dos profissionais das diferentes áreas de formação, acerca das inovações multiprofissionais no ensino, pesquisa e extensão, como também discutir a atuação destes profissionais em suas diversas áreas de trabalho, possibilitar a troca de experiências e o aprendizado científico. Assim, proporcionando um espaço para a apresentação à comunidade acadêmica de novos pesquisadores, bem como um encontro, debates, troca de experiências entre estudantes, profissionais e pesquisadores. Agradecemos imensamente aos palestrantes, participantes, patrocinadores e comissão organizadora pelo apoio e pela dedicação para que o evento fosse um sucesso. O volume 1 desta obra, Tripé do Ensino Superior: Ensino, Pesquisa e Extensão, é composto por 93 capítulos.",,,,,,Dança; Autoestima; Imagem Corporal Rgo -Revista Gaúcha de Odontologia  [S.l.]  v. 68  p. 1-12  2020,,,,http://dx.doi.org/10.4322/978-65-995353-2-1,http://dx.doi.org/10.4322/978-65-995353-2-1,,10.4322/978-65-995353-2-1,3204518587,,0,,0,true,,bronze
086-555-099-720-795,Críticas e Atuantes: ciências sociais e humanas em saúde na América Latina - Críticas e atuantes: ciências sociais e humanas em saúde na América Latina,,2005,book,,,Editora FIOCRUZ,,Maria Cecília de Souza Minayo; Carlos E. A. Coimbra,"Bastante criticas e muito atuantes: assim parecem estar, de fato, as ciencias sociais e humanas na America Latina, principalmente no que diz respeito ao tratamento das questoes sociais, culturais e politicas que afetam a saude coletiva na regiao. E isso que nos mostra este livro, cujo titulo, “Criticas e atuantes: ciencias sociais e humanas na America Latina”, sintetiza bem a atitude dos autores dos textos aqui publicados.",,,,,,,,,,https://core.ac.uk/display/132160023 http://books.scielo.org/id/w5p4j https://books.scielo.org/id/w5p4j/pdf/minayo-9788575413920.pdf http://pensamentoplural.ufpel.edu.br/edicoes/01/08.pdf,http://dx.doi.org/10.7476/9788575413920,,10.7476/9788575413920,76685888,,0,,23,true,cc-by-nc,green
086-827-830-138-443,CINZAS DE CASCA DE ARROZ COMO FONTE ALTERNATIVA DE SILÍCIO PARA A SÍNTESE DE ZEÓLITA BETA,2014-02-13,2014,journal article,"Revista Eletrônica em Gestão, Educação e Tecnologia Ambiental",22361170,Universidad Federal de Santa Maria,,Heveline Enzweiler; Elisa Barbosa Coutinho; Marcio Schwaab,"Rice husk ash is an agroindustrial residue generated in large scale that can cause environmental problems and risks to people health. As a solution to this problem, this ash could be used as an alternative source of high reactive silica, with a wide field of applications, such as, for example, in the synthesis of catalysts with high silicon content. In this work, beta zeolite was synthesized using amorphous silica, extracted from rice husk ash, and pseudo-boehmite. Using this alternative source of silicon, it was possible to form the zeolitic structure with excellent catalytic properties. The application of the beta zeolite in the dehydration of isopropanol enables the production of propylene with high selectivity at low temperatures, showing that the use of silica from rice husk ash has a great technological and environmental potential.",17,17,3284,3292,Selectivity; Catalysis; Materials science; Zeolite; Dehydration; Amorphous silica; Wide field; Chemical engineering; Silicon; Husk; Environmental engineering,Zeólita beta; catalisador; cinzas de casca de arroz; isopropanol; propeno Beta zeolite; catalyst; rice husk ash; isopropanol; propylene,,,,http://cascavel.ufsm.br/revistas/ojs-2.2.2/index.php/reget/article/view/10478 https://core.ac.uk/display/142226950 https://periodicos.ufsm.br/reget/article/view/10478/pdf http://www.lareferencia.info/vufind/Record/BR_24b3f59c26ee4e6b34ec4323bdf2b9ea https://periodicos.ufsm.br/reget/article/download/10478/pdf,http://dx.doi.org/10.5902/2236117010478,,10.5902/2236117010478,2021739741,,0,001-474-118-138-058; 002-107-129-280-035; 003-257-848-573-90X; 007-701-128-333-370; 015-217-649-972-501; 016-108-367-603-154; 016-694-042-289-413; 019-867-436-930-420; 021-675-307-262-644; 026-065-802-036-998; 028-506-637-977-121; 030-299-543-343-606; 030-732-002-052-675; 031-473-378-231-172; 034-015-673-857-478; 038-914-781-625-062; 039-833-496-736-021; 042-041-960-634-268; 042-732-042-540-417; 048-576-105-209-198; 051-036-344-878-453; 054-216-401-529-936; 055-781-233-560-034; 057-345-190-009-518; 060-910-211-143-87X; 065-929-304-029-816; 072-960-980-188-096; 076-458-561-016-451; 078-212-974-524-967; 078-806-693-836-428; 080-095-430-743-901; 087-561-908-351-510; 094-594-957-019-56X; 101-447-752-075-973; 102-017-969-275-112; 131-065-296-491-395; 136-105-376-396-510; 148-804-815-222-351; 156-832-426-332-037; 158-596-587-406-27X; 172-114-896-378-623,3,true,cc-by,hybrid
087-109-756-127-788,Critérios e Parâmetros para Supervisão Ambiental das Obras de Implantação do Contorno do Mestre Álvaro - Serra/ES,,2020,journal article,Via Viva,26752700,Ministerio da Infraestrutura,,Clezio Ribeiro de Almeida; Thiago Oliveira Machado; Carlos Alberto da Silva Júnior,,3,1,149,167,,Forças  Oportunidades  Fraquezas e Ameaças FUND -Climate Framework for Uncertainty  Negotiation  and Distribution RAMS -Reliability  Availability  Maintainability and Safety RBV -Resource Based View RFFSA -Rede Ferroviária Federal S.A TRRL -Transport and Road Research Laboratory TST -Transporte sobre trilhos Ferrovia; GHG Protocol; Green Bonds; Títulos Verdes,,,,http://dx.doi.org/10.54507/viaviva.2020.07,http://dx.doi.org/10.54507/viaviva.2020.07,,10.54507/viaviva.2020.07,3209664371,,0,,0,true,,bronze
087-625-321-843-970,Tópicos em Ciências da Saúde - Volume 19 - Consequências do estresse ocupacional na qualidade de vida de professores: Uma revisão integrativa.,,2020,book chapter,Tópicos em Ciências da Saúde - Volume 19,,Editora Poisson,,Aleques Fernandes Silva; Joel Freires de Alencar Arrais; Yago Mota Campos; Michelle Pereira de Lima; Janaina Oliveira de Menezes; Rafaela Macêdo Feitosa,"O conteúdo dos artigos e seus dados em sua forma, correção e confiabilidade são de responsabilidade exclusiva dos seus respectivos autores.",,,,,,,,,,http://dx.doi.org/10.36229/978-65-86127-59-1.cap.02,http://dx.doi.org/10.36229/978-65-86127-59-1.cap.02,,10.36229/978-65-86127-59-1.cap.02,3080574040,,0,,0,true,,bronze
087-944-622-558-071,Emotional intelligence:a new way to assess it and its importance to understand work outcomes,,,dissertation,,,Universitat Jaume I,,Martín Sánchez Gómez,The present PhD thesis comprises the following three scientific publications. Note that the Web of Science (WOS) Journal Citation Reports (JCR) statistics reported refer to the most recent data (year 2019).,,,,,Burnout; Social psychology (sociology); Psychology; Emotional intelligence; Work (electrical); Salary; Applied psychology,MEIT; emotional intelligence; ability test; mobile; digital; validation burnout; emotional intelligence; multioccupational sample; performance; professional efficacy; exhaustion emotional intelligence; salary; job success; performance; salary; workplace,,,,http://repositori.uji.es/xmlui/handle/10803/672096,http://dx.doi.org/10.6035/14109.2021.423380,,10.6035/14109.2021.423380,3183264206,,0,,0,true,cc-by-nc-nd,hybrid
088-658-427-005-091,Thematic Key Words for Special Needs and Inclusive Education,2014-01-01,2014,report,Zenodo (CERN European Organization for Nuclear Research),,,,European Agency for Special Needs and Inclusive Education,"This multilingual glossary is a collection of terms in 22 languages containing key words and expressions from Agency thematic and project work. The Agency prepared this fourth edition of the glossary in collaboration with the Agency Representative Board members, National Co-ordinators and thematic project experts. A monolingual glossary (in English) containing definitions of key terms from Agency projects is also available. The multilingual glossary contains 372 terms grouped in the following 12 categories – corresponding to thematic project areas: General Terms Assessment Early Childhood Intervention (ECI) Gifted Learners Information and Communication Technology (ICT) Multicultural Diversity Data Collection/Indicators Higher Education Teacher Education Transition from School to Employment Vocational Education and Training (VET) Inclusive Education in Action (IEA)",,,,,Key (lock); Thematic map; Library science; Linguistics; Computer science; Geography; Cartography; Philosophy; Computer security,,,,,https://zenodo.org/record/5562007,http://dx.doi.org/10.5281/zenodo.5562007,,10.5281/zenodo.5562007,,,0,,0,true,cc-by,green
088-691-258-283-107,Caminos y prácticas evaluativas en la educación especial: experiencias en Brasil y Argentina.,,2018,journal article,Pro-Posições,19806248,FapUNIFESP (SciELO),,Morgana de Fátima Agostini Martins; Carina Viviana Kaplan; Marta Liliana Sipes,"Los procesos evaluativos que se llevan adelante con la finalidad de definir los soportes y los apoyos pedagogicos a los alumnos con discapacidades han sido tema de diversos estudios en Brasil y Argentina. Los profesores y los maestros, debido a su contacto directo con los alumnos, son los profesionales mas indicados para realizar una evaluacion diagnostica de los apoyos pedagogicos necesarios en los casos de dificultades de aprendizaje. En este articulo, se establece un analisis de los procesos evaluativos y de las modalidades de diagnostico reconocidos y aceptados en la Ciudad Autonoma de Buenos Aires, Argentina, y en la ciudad de Dourados, Mato Grosso do Sul, Brasil. La propuesta es recorrer las practicas evaluativas que se utilizan en esos procesos para la identificacion y la derivacion de ninos con discapacidades a los centros de apoyo escolar o a los servicios de asistencia existentes en cada una de las dos ciudades.",29,1,20,36,,special education; evaluation; specific support; school inclusion,,,,https://notablesdelaciencia.conicet.gov.ar/handle/11336/131372 https://periodicos.sbu.unicamp.br/ojs/index.php/proposic/article/view/8652051 https://www.scielo.br/scielo.php?script=sci_arttext&pid=S0103-73072018000100020&lng=en https://www.scielo.br/j/pp/a/jWBFnK4YdrpfpRGkTC3VWyv/ http://sedici.unlp.edu.ar/handle/10915/108461 http://www.scielo.br/scielo.php?script=sci_arttext&pid=S0103-73072018000100020 http://www.scielo.br/pdf/pp/v29n1/0103-7307-pp-29-1-0020.pdf https://ri.conicet.gov.ar/handle/11336/131372,http://dx.doi.org/10.1590/1980-6248-2017-0116,,10.1590/1980-6248-2017-0116,2789866471,,0,015-921-823-756-353; 029-617-161-214-361; 039-781-761-098-349; 053-651-199-414-229; 062-378-061-369-199; 100-952-324-471-137; 102-685-564-630-124; 111-117-145-473-866; 130-332-733-054-730,0,true,cc-by,gold
089-080-345-360-493,Descargue ejemplar completo,2024-06-10,2024,journal article,REVISTA CUHSO,2452610x,Universidad Catolica de Temuco,,,<jats:p>.</jats:p>,23,1,1,142,Computer science,,,,,https://portalrevistas.uct.cl/index.php/cuhso/article/download/583/pdf https://doi.org/10.7770/cuhso-v23n1-art583,http://dx.doi.org/10.7770/cuhso-v23n1-art583,,10.7770/cuhso-v23n1-art583,,,0,,0,true,cc-by,gold
090-506-168-994-92X,"Avaliação \'in situ\' da ação do bochecho com solução de sulfato ferroso na superfície dentária, após a ação de um refrigerante, para reduzir o efeito sinérgico entre erosão e abrasão",,,dissertation,,,"Universidade de Sao Paulo, Agencia USP de Gestao da Informacao Academica (AGUIA)",,Sílvia Helena de Carvalho Sales Peres,"Autorizo, exclusivamente para fins acadêmicos e científicos, a reprodução total ou parcial desta dissertação/tese, por processos fotocopiadores e/ou meios eletrônicos.",,,,,,,,,,http://www.teses.usp.br/teses/disponiveis/25/25142/tde-28092005-144150/publico/SilviaHelenadeCarvalhoSalesPeres.pdf https://www.teses.usp.br/teses/disponiveis/25/25142/tde-28092005-144150/ https://www.teses.usp.br/teses/disponiveis/25/25142/tde-28092005-144150/publico/SilviaHelenadeCarvalhoSalesPeres.pdf,http://dx.doi.org/10.11606/t.25.2005.tde-28092005-144150,,10.11606/t.25.2005.tde-28092005-144150,1541046949,,0,,0,true,cc-by-nc-sa,gold
090-983-119-395-607,Evaluación neuropsicológica en niños y adolescentes con fenilcetonuria e hiperfenilalaninemia y su relación con los niveles de fenilalanina plasmática,2017-06-01,2017,journal article,Archivos Argentinos de Pediatria,03250075; 16683501,Sociedad Argentina de Pediatria,Argentina,María García; Pablo Conde-Guzon; Carlos Alcalde Martín; María J Conde-Guzon; Roberto Velasco Zúñiga,Neuropsychological assessment among children and adolescents with phenylketonuria and hyperphenylalaninemia and its relationship with plasma phenylalanine levels,115,3,267,273,,fenilcetonuria; inteligencia; función ejecutiva; fenilalanina,,,,https://buleria.unileon.es/handle/10612/10651,http://dx.doi.org/10.5546/aap.2017.267,,10.5546/aap.2017.267,2803143453,,0,,0,true,cc-by-nc-nd,gold
091-064-429-424-505,Debilidades dentro de los procesos de mundialización textil y relación con la rse a través de un analisis delphi: ética o estética,2016-10-03,2016,journal article,RECERCA. Revista de Pensament i Anàlisi,22544135; 11306149,Universitat Jaume I,Spain,Arturo Luque González; Juan Hernández Zubizarreta; Carmen de Pablos Heredero,"The objective of this research is to identify the main weaknesses of corporate social responsibility in the textile sector and to propose procedures that help to overcome them. We start from the assumption that the asymmetries and necessary relationships generated to manufacture textile garments in the international context are not attributable to a single circumstance. Equally, it is reasonable to assume that the solutions to these asymmetries are affected by the identification and transversality of such circumstances. The present research was carried out by gathering the opinions and solutions of participants in a Delphi analysis to uncover the critical points and vulnerabilities of the sector. The weaknesses of the sector were then identified following the analysis of responses from two expert panels to two multidisciplinary questionnaires, the questions for which were developed from the stated hypotheses. El objetivo de esta investigacion es detectar las principales debilidades del sector textil en relacion con la responsabilidad social empresarial y proponer medidas que contribuyan a superarlas. Partimos de que las asimetrias y relaciones generadas necesarias para fabricar prendas textiles en el contexto internacional no son imputables a una sola circunstancia. Es igualmente entendible que sus soluciones pasen por la identificacion y la transversalidad de dichas circunstancias. En la presente investigacion, lo llevamos a cabo mediante la de la recoleccion de opiniones y soluciones expresadas por diferentes participantes, y a traves de un analisis Delphi, para conocer cuales son los puntos criticos y vulnerabilidades del sector, y la posterior identificacion de sus debilidades tras el analisis de las respuestas de dos paneles de expertos a dos cuestionarios multidisciplinares con preguntas desarrolladas sobre las hipotesis planteadas.",,19,35,72,Humanities; Political science; Context (language use),Corporate social responsibility; transnational companies; corruption; legislation; Globalization,,,,https://dialnet.unirioja.es/servlet/articulo?codigo=5800236 https://core.ac.uk/download/pdf/83005177.pdf,http://dx.doi.org/10.6035/recerca.2016.19.3,,10.6035/recerca.2016.19.3,2529384910,,0,,6,true,cc-by-sa,gold
091-528-896-625-771,Resultados de un Programa de Estimulación Temprana en el Segundo Ciclo de Educación Infantil: un estudio de caso evaluativo,,,dissertation,,,Universidad de Valladolid,,Sofía García Herranz,"El objeto de esta tesis es la evaluacion de un programa de estimulacion temprana, puesto en practica en dos grupo de alumnos, a lo largo del segundo ciclo de Educacion Infantil durante los cursos escolares 2010/11, 2011/2012 y 2012/13. Se busca evaluar los resultados obtenidos por el programa de estimulacion temprana en los ambitos lecto-escritor y logico-matematico. Metodologicamente, se trata de un estudio de caso evaluativo para el que hemos utilizado 5 tecnicas de recogida de datos: observacion participante, grabaciones de videos, fotografias, diarios de la maestra y los boletines informativos. Para el analisis de los datos se han elaborado 48 fichas de seguimiento grupal, a partir de las cuales se han creado unas graficas donde se recogen los principales hallazgos encontrados en relacion al estudio permitiendo realizar una posterior discusion de los resultados. Los principales resultados indican que el programa de estimulacion permite: (1) un mayor desarrollo de la capacidad lectora y escritora en los alumnos, aprendiendo a leer y a escribir de una forma mas natural y rapida y (2) un mayor desarrollo de la capacidad logico-matematica en los ninos, desarrollando operaciones numericas y calculo mental de una forma mas natural y rapida. La valoracion del PET indica que el aprendizaje en el alumnado es mucho mas alto que lo que establece la normativa y lo que suele ser habitual en estas edades; lo que pone de manifiesto diferentes ventajas: (1) a traves del PET se desarrolla y potencia las capacidades, habilidades y destrezas de todos ninos, convirtiendose es una herramienta mas al servicio del docente, de las familias y de los alumnos, que favorece el principio de inclusion; (2) el PET rompe con metodologias mas tradicionales, favoreciendo un aprendizaje vivenciado, manipulativo y provocando que el alumno sea el principal responsable en su aprendizaje al formar parte activa del proceso; (3) los materiales utilizados en el PET son sencillos de disenar y construir, permitiendo que cualquier docente pueda elaborar su propio programa de estimulacion respetando los principios y fundamentos de la estimulacion temprana; y (4) los buenos resultados obtenidos, favorecer la motivacion de alumnos, padres y docente generando una mayor implicacion y colaboracion por parte de todos en el proceso de ensenanza-aprendizaje.",,,,,,,,,,https://uvadoc.uva.es/bitstream/10324/36269/1/Tesis1522-190617.pdf https://dialnet.unirioja.es/servlet/tesis?codigo=230733 https://uvadoc.uva.es/handle/10324/36269 https://core.ac.uk/download/222807244.pdf,http://dx.doi.org/10.35376/10324/36269,,10.35376/10324/36269,2969348338,,0,,2,true,cc-by-nc-nd,hybrid
092-718-175-439-307,Organizaciones emocionalmente inteligentes : experiencias en evaluación e intervención,,2019,book,,,Universitat Jaume I,,Edgar Bresó Esteve; Martin Sanchez-Gomez,"Índice CONCLUSIONES Los análisis psicométricos aportan evidencias sobre la fiabilidad y validez de la estructura del cuestionario. Este es solo un estudio preeliminar, por lo que en futuras investigaciones nos plantearemos aumentar el tamaño de la muestra de estudio en la población española, así como continuar realizando la validación con una muestra de otras nacionalidades. Los datos exponen que meitpro mantiene las relaciones esperadas con el resto de constructos estudiados. Por tanto, promover la utilización de este tipo de medidas interactivas en entornos laborales nos ayudará a avanzar y evaluar la capacidad emocional real de las personas permitiéndonos discernir entre los individuos que ofrecen respuestas correctas ante situaciones emocionales y los que son incapaces de hacerlo. AGRADECIMIENTOS Agradecemos a la Generalitat Valenciana, al Fondo Social Europeo y a la Universitat Jaume I por la cofinanciación para desarrollar esta investigación. Número de subvención UJI-A2018-10. REFERENCIAS BIBLIOGRÁFICAS Arthur, W. y D. Day. 1994. «Development of a short form for the Raven Advanced Progressive Matrices Test». Educational and Psychological measurement 54(2): 394-403.",,,,,Psychology,inteligencia emocional; bienestar subjetivo; adolescentes; satisfacción con la vida; afectos positivos y negativos; longitudinal happiness; emotions; arousal; mood; holidays school health; physical activity; sport; adolescence; high school students social enterprise; spritituality; consciousness in organizations; organizational development,,,,https://dx.doi.org/10.6035/psique.2019.24 http://repositori.uji.es/xmlui/bitstream/10234/184006/1/9788417429935.pdf http://repositori.uji.es/xmlui/handle/10234/184006 http://dx.doi.org/10.6035/psique.2019.24 https://core.ac.uk/download/232116328.pdf,http://dx.doi.org/10.6035/psique.2019.24,,10.6035/psique.2019.24,2977406607,,0,,1,true,cc-by-sa,hybrid
093-490-411-833-954,Problemas métricos en el mundo físico. Áreas,2022-01-01,2022,dissertation,,,Editorial de la Universidad de Granada,,Sergio Fernández Sánchez,,,,,,Political science; Physics; Geography; Humanities; Art,,,,,https://digibug.ugr.es/bitstream/10481/74769/1/TFM_UD.pdf https://doi.org/10.30827/digibug.74769,http://dx.doi.org/10.30827/digibug.74769,,10.30827/digibug.74769,,,0,,0,true,cc-by-nc-nd,gold
093-965-610-592-053,"Propuesta de investigación sobre los impactos educativos y sociales de la Ruta Bioceánica en el territorio indígena Kadiwéu en Porto Murtinho, Brasil",2021-12-14,2021,journal article,Interações (Campo Grande),1984042x; 15187012,Universidade Catolica Dom Bosco,,Beatriz Dos Santos Landa; Kátia Cristina Nascimento Figueira; Léia Teixeira Lacerda,"<jats:p>Este artículo tiene como objetivo presentar la organización de las etapas de la investigación interinstitucional en curso sobre «Los impactos sociales de la ruta bioceánica en los territorios indígenas Kadiwéu y Ayoreos, Brasil/Paraguay», vinculados a las poblaciones indígenas y vulnerabilidades sociales del Grupo de Trabajo - Impactos Sociales, desarrollado en conjunto con las Universidades de la Ruta de la Integración Latinoamericana - UniRILA. Aquí se presenta el contexto geográfico e histórico de la propuesta, así como aspectos generales de los pueblos originales Kadiwéu, Kinikinau y Terena que residen en la Reserva Kadiwéu, conocida como Campo dos Índios, en Porto Murtinho, Mato Grosso do Sul, Brasil. En tiempos de pandemia de Covid-19 los datos revelan que la guía de diagnóstico, adaptada a partir del documento utilizado por el Instituto Nacional de Estudios y Pesquisas Educacionales Anísio Teixeira/INEP para el Censo Escolar, puede identificar las concepciones de esos pueblos originarios sobre los impactos educativos, sociales, culturales y económicos frente a la construcción del Corredor Vial Bioceánico que pasará por Brasil, Paraguay, Argentina y Chile.</jats:p>",,,1213,1225,Humanities; Geography; Political science; Art,educação escolar indígena; cultura indígena; Corredor Rodoviário Bioceânico; indígenas indigenous school education; indigenous culture; Bioceanic Route; indigenous people,,,,https://interacoes.ucdb.br/interacoes/article/download/3453/2593 https://doi.org/10.20435/inter.v22i4.3453,http://dx.doi.org/10.20435/inter.v22i4.3453,,10.20435/inter.v22i4.3453,,,0,,0,true,cc-by-nc,gold
094-092-504-874-176,El alumnado con trastorno de espectro autista en los centros educativos: un estudio de casos desde la perspectiva familiar,2017-10-24,2017,journal article,MLS Educational Research,26035820,MLS Journals S.L,,Javier Cortés Moreno; Eva María Sotomayor Morales; Enrique Pastor Seller,"Abstract. Currently in the field of education, students with some type of disability can be considered as a vulnerable population group due to the inclusive deficiencies that exist in schools. The partial knowledge about Autism Spectrum Disorders (in advance, ASD), by the educational community, makes it difficult to understand the attention that these students require in their learning stage. This research tries to determine what difficulties have experienced the families of these students in the educational centers of their children, at the same time that seeks to know what is the level of satisfaction that families have with the response received from the educational field. The methodology that has been used has been qualitative, through a case study that has used the technique of in-depth interviews focused on the families of students with ASD. The sample was established by intentional sampling and a total of 30 subjects participated, of whom 19 are mothers and 11 are parents of children with ASD. In short, the article presents a report of the results that have been obtained in the research carried out in the province of Jaen (Spain) in relation to the perceptions and experiences that the families of the students with ASD have had about the different vulnerabilities that their minors in educational centers. The totality of the sample agrees that the specialized attention that is offered from the educational centers is insufficient.; Keywords: Case Study, Autistic Spectrum Disorder, Educational Centers.",1,1,69,84,Developmental psychology; Psychology; Autism; Perception; Autistic spectrum disorder; Vulnerable population; Educational community,Case Study; Autistic Spectrum Disorder; Educational Centers,,,,https://www.mlsjournals.com/Educational-Research-Journal/article/download/28/116 https://dialnet.unirioja.es/servlet/articulo?codigo=6365126 https://mlsjournals.com/Educational-Research-Journal/article/view/28 https://core.ac.uk/download/pdf/234823513.pdf,http://dx.doi.org/10.29314/mlser.v1i1.28,,10.29314/mlser.v1i1.28,2780781081,,0,010-291-957-386-815; 039-579-419-783-667; 055-498-815-134-39X; 055-610-333-533-627; 068-668-008-780-118,0,true,cc-by-nc,gold
094-144-795-678-897,Metonimia y lectura natural: filogenia del humano signo,2019-06-28,2019,journal article,Signa: Revista de la Asociación Española de Semiótica,11333634,UNED - Universidad Nacional de Educacion a Distancia,Spain,Carlos López de Silanes de Miguel,"The study of the human brain allows us to understand some aspects of the relationship that language establishes between the mind and the world, as a transitional organ in the processes of matter. A neurological investigation is proposed in the acoustic origins of the linguistic sign, within an evolutionary and tactile model that integrates orality with written letter, applied in this work to the semiology of reading disorders.",28,28,173,204,Sign (semiotics); Psychology; Sound symbolism; Semiology; Orality; Hyperlexia; Neurological investigation; Linguistics; Dyslexia; Reading (process),,,,,http://revistas.uned.es/index.php/signa/article/download/25045/19873 https://dialnet.unirioja.es/descarga/articulo/6975680.pdf http://revistas.uned.es/index.php/signa/article/view/25045 https://dialnet.unirioja.es/servlet/articulo?codigo=6975680,http://dx.doi.org/10.5944/signa.vol28.2019.25045,,10.5944/signa.vol28.2019.25045,2954866847,,0,,0,true,,gold
094-373-008-649-237,Tópicos em Administração - Volume 22,,2019,book,,,10.5935,,Joab Cavalcante da Silva; Laurentino Augusto Dantas; Giselle Giovanna do Couto de Oliveira; Paulo César Schotten; Maria Valdilene dos Santos Schotten; Solange Fachin; Rodrigo Santolini Soares; Regina Ferreira da Rocha; José Paulo Alves Fusco; Otávio José de Oliveira; Kely da Silva Rodrigues; Reginaldo José da Silva; Gisele Alves Soares Rocha; Silvana Ribeiro Cobé; Cauê Bongiovanni Sobral Sousa; Henry Hiraki; Rodrigo Ribeiro da Costa; Vanina Carrara Sigrist; Cezar Eduardo Soares Cordeiro; Cristiane Mallmann Huppes; Rosangela Sarmento Silva; Gellena Tayná Silva Souza; Mônica Ribeiro Gama; Kezia Souza Silva; Bárbara Ádria Oliveira Farias Fernandes; Norah Patricia Panozo Rivero; Rose Kelly I. S. da Conceição Melicio; Oduvaldo Vendrametto; Dayan Rios Pereira; Rafaela Esmorges Assad; Roosiley dos Santos Souza; Valdir da Costa Pereira; Raíssa de Melo Morinigo; Eva Carina Martins Aldrigue; Geneci da Silva Ribeiro Rocha; Maielen Lambrecht Kuchak; Patricio Duarte Rocha; Adriano Lago; Miguel Carlos Ramos Dumer; Mark Miranda de Mendonça; Wando Belffi da Costa; Alcinete Aparecida Basso Favero da Silva; Ana Carolina Júlio; Ariana Marchezi de Souza; Maxwell Pacelli de Souza Marcial; José Carlos de Souza; Kleyber Silva Brandão; Rosane Aparecida Moreira; Marluci Pereira Morais; Thaís Arrué Melo Gonçalves; Tatielle Belem Langbecker; Fernando Zocche; Janaína Wohlenberg; Willer Rodrigues da Costa; Antonio Sérgio Eduardo; Thaís Nogueira da Silva; Murilo Secchieri de Carvalho; Luiz Fernando de Oriani e Paulillo; Paulo Henrique Palota; Elson Avallone; Paulo Cesar Mioralli; Jorge Eduardo Macedo Simões; Clayton Douglas Chagas de Oliveira; David Costa Correia Silva; Hayatahandeson Borges de Caldas; Lilian Aldina Pereira Mendonça e Mendonça; Sourou Gautier Goussi; Francisco Gelinski Neto; Eduardo Gelinski; Nédio Rogério Rogoski; Larissa Bueno Ambrosini; Roni Blume; Suzimary Specht; Paulo Lipp João,"Modo de acesso: World Wide Web Inclui bibliografia 1. Administração 2. Gestão. 3. Produção I. Título CDD-658 O conteúdo dos artigos e seus dados em sua forma, correção e confiabilidade são de responsabilidade exclusiva dos seus respectivos autores.",,,,,,,,,,http://www.poisson.com.br/livros/adm/volume22/Topicos_em_Administracao_vol22.pdf,http://dx.doi.org/10.5935/978-85-7042-078-7,,10.5935/978-85-7042-078-7,2944061109,,0,,0,true,,bronze
094-420-296-836-852,Educação medicalizada e infância: histórias vividas por família da classe trabalhadora em uma UBS de São Paulo,,,dissertation,,,"Universidade de Sao Paulo, Agencia USP de Gestao da Informacao Academica (AGUIA)",,Janaína Ribeiro de Rezende,,,,,,,Medicalization of education; School failure; School complaint; Psychology Community,,,,https://www.teses.usp.br/teses/disponiveis/47/47134/tde-18112019-120553/ https://www.teses.usp.br/teses/disponiveis/47/47134/tde-18112019-120553/publico/rezende_do.pdf,http://dx.doi.org/10.11606/t.47.2019.tde-18112019-120553,,10.11606/t.47.2019.tde-18112019-120553,2983542927,,0,,1,true,cc-by-nc-sa,gold
094-861-861-097-858,Nuevos horizontes formativos: una experiencia del MOOC como recurso en la formación continua,2018-04-01,2018,journal article,Apertura,16656180; 20071094,Universidad de Guadalajara,,Alicia Benet Gil,"Since the current incorporation of the E-learning in the educational world, this study presents the design and evaluation of the MOOC (Massive Online Open Courses) called ""El aula inclusiva hoy en dia. Como afrontar el trastorno del espectro autista y las altas capacidades intelectuales” [The inclusive classroom today. How to deal with autism spectrum disorder and the high intellectual capabilities]. The aim of this study is to provide educational professionals with a more accessible and flexible training resource so that they can expand and reinforce knowledge. Thus, the main purpose is to know the participants' perceptions about the MOOC. A questionnaire ad hoc was used as a data collection instrument. Initially, 330 participants were enrolled in the course, of which 110 participants completed it satisfactorily and responded to the final evaluative questionnaire. Most of the subjects answered in a positive way to the totality of the questions, being generally satisfied in: topic, content, methodology and participation. The main contribution of this work lies in the potential of these courses as an accessible tool that allows the permanent training of the professionals of the education. As a proposal for improvement, the participants clarify to increase the number of time to perform the tasks. In conclusion, we can say that the MOOC is perceived as a satisfactory tool. This helps us to continue advancing in the field of online and distance learning, considering the MOOC as a powerful tool that provides a valuable channel for the exchange of content and knowledge by students from all over the world.",10,1,88,103,Data collection; Psychology; Pedagogy; Distance education; Resource (project management),Palabras clave MOOC; formación continua; evaluación; educación virtual; educación a distancia MOOC; continuing education; assessment; e-learning; distance education,,,,https://dialnet.unirioja.es/descarga/articulo/6500608.pdf http://www.scielo.org.mx/scielo.php?script=sci_arttext&pid=S1665-61802018000100088 http://repositori.uji.es/xmlui/handle/10234/175783 https://biblat.unam.mx/es/revista/apertura-universidad-de-guadalajara/articulo/nuevos-horizontes-formativos-una-experiencia-del-mooc-como-recurso-en-la-formacion-continua http://www.udgvirtual.udg.mx/apertura/index.php/apertura/article/download/1151/908 http://www.udgvirtual.udg.mx/apertura/index.php/apertura/article/view/1151 https://dialnet.unirioja.es/servlet/articulo?codigo=6500608 http://www.scielo.org.mx/pdf/apertura/v10n1/2007-1094-apertura-10-01-88.pdf,http://dx.doi.org/10.32870/ap.v10n1.1151,,10.32870/ap.v10n1.1151,2795448846,,0,,11,true,publisher-specific license,gold
094-877-369-998-749,Gestão de Recursos Humanos: Desenvolvendo Pessoas e Empresas – Volume 1 - A comunicaçao interna como método de agregar mudanças e melhorias no clima organizacional: Estudo de caso empresa no ramo de transporte,,2021,book chapter,Gestão de Recursos Humanos: Desenvolvendo Pessoas e Empresas – Volume 1,,Editora Poisson,,Bruna Siqueira Bruno; Milena da Silva Rodrigues; Ygor Geann dos Santos Leite,"O conteúdo deste livro está licenciado sob a Licença de Atribuição Creative Commons 4.0. Com ela é permitido compartilhar o livro, devendo ser dado o devido crédito, não podendo ser utilizado para fins comerciais e nem ser alterada. O conteúdo dos artigos e seus dados em sua forma, correção e confiabilidade são de responsabilidade exclusiva dos seus respectivos autores.",,,,,,,,,,http://dx.doi.org/10.36229/978-65-5866-126-9.cap.08,http://dx.doi.org/10.36229/978-65-5866-126-9.cap.08,,10.36229/978-65-5866-126-9.cap.08,3178343471,,0,,0,true,,bronze
095-402-093-629-930,Características de los estudios de evaluación de programas grupales de educación parental. Una revisión de alcance,2021-05-11,2021,journal article,Estudios sobre Educación,23866292; 15787001,Universidad de Navarra,Spain,Francisco-José Rubio-Hernández; María-Paz Trillo-Miravalles; Carmen Jiménez-Fernández,"We conducted a scoping review of the characteristics of evaluation studies of group-based parent education programmes for parents with children aged zero to eighteen years, extracted from eight databases, between 2006 and 2019, from scientifi c journals. Of the 114 articles reviewed, most were published in North America or Europe, were randomised controlled trials, had small samples (less than 100 subjects), were implemented in school settings and were aimed at parents with children up to six years old or with specifi c educational support needs. A large percentage (49.5%) did not include post-intervention follow-up testing. The number of sessions typically ranged from six to eight (30.2%), with an average duration of two hours and a regularity of one per week. The most evaluated interventions were Triple-P, Incredible Years, Strengthening Families and the Guidance Programme. The contents most addressed were communication, emotions and strategies to manage behaviours. The main variables measured were behavioural problems, parenting practices and parental self-effi cacy. A growing and global interest in the topic analysed was detected, updated data is provided that can be useful to professionals and researchers in the area and guide the design processes of new interventions.",41,41,71,105,Psychology; Psychological intervention; Evaluated interventions; Educational support; Parent education; Average duration; Family medicine,Parent education; Training programme; Group-based programmes; Evaluation; Scoping review,,,,https://revistas.unav.edu/index.php/estudios-sobre-educacion/article/download/40588/35153 https://revistas.unav.edu/index.php/estudios-sobre-educacion/article/view/40588 https://dialnet.unirioja.es/servlet/articulo?codigo=7924131,http://dx.doi.org/10.15581/004.41.005,,10.15581/004.41.005,3164050566,,0,,2,true,cc-by-nc-nd,gold
095-787-864-624-653,"IV OPP Congress | Abstracts Book | Braga, 2018",2018-09-14,2018,journal article,The Psychologist: Practice & Research Journal,21843317,Ordem dos Psicologos Portugueses,,"Scientific Committee IV OPP Congress, 2018","<jats:p>This book of abstracts includes the contents that have been submitted and accepted by the Scientific Commitee of the 4th Congress of OPP, venued in Braga,between the 12th and 15th September 2018, under the scope of: Psicologia na Prevenção e Promoção do Desenvolvimento das Pessoas, Coesão Social e Crescimento Económico.All accepted abstracts provided by authors are available: Keynotes speakers communications, Oral communications, Poster communications, and Simposia Communications.</jats:p>",1,1,293,293,Scope (computer science); Library science; Scientific communication; Political science; Telecommunications; Operations research; Psychology; Computer science; Engineering; Programming language,Avaliação; Intervenção precoce; Validação; Griffiths Autismo; Adultos; Avaliação; Questionário Comunicações Orais | Coaching Psicológico ____________________________________________________________________________________________________________ Coaching; Psicologia Internet; Addiction; Psychological Adjustment; Online Social Networks; Cyberbullying Adição; Género; Bem-estar psicológico; Resiliência Vinculação aos pais; Regulação emocional; Redes sociais; Adolescentes; Jovens adultos Comunicações Orais | Direitos Humanos ____________________________________________________________________________________________________________ Saúde mental global; Direitos humanos; Países de baixos recursos; Task-shifting Supervisão; Identidade profissional; Modelo Baseado nas Competências Inteligência artificial; Carreira; Trabalho; Recursos humanos Comunicações Orais | Intervençaõ em Crise e Catástrofe ____________________________________________________________________________________________________________ Palavras-chave: Volcanic hazard; Social vulnerability; Volcanic risk perception Demência; Comunicação; Prestação de cuidados centrados na pessoa Comunicações Orais | Parentalidade ____________________________________________________________________________________________________________ Doenças raras; Parentalidade; Resiliência; Vinculação amorosa Comunicações Orais | Prevenção e Promoção do Bem-Estar ____________________________________________________________________________________________________________ Palavras-chave: Overweight; self-injurious; Psychopathology; Emotion Drogas; Revisitação etnográfica; Tratamentos; Prisão Comunicações Orais | Psicologia da Educação ____________________________________________________________________________________________________________ Crianças; Escola; Défice de atenção; Metilfenidato Comunicações Orais | Psicologia da Justiça ____________________________________________________________________________________________________________ Psicologia da educação; Projeto; bem-estar; Investigação-ação,,,,https://psyprjournal.com/index.php/PPRJ/article/download/63/pdf_1 https://doi.org/10.33525/pprj.v1i1.63,http://dx.doi.org/10.33525/pprj.v1i1.63,,10.33525/pprj.v1i1.63,,,0,,0,true,other-oa,gold
097-259-012-211-588,Assessments of intellectually gifted students with(out) characteristic(s) of ASD: An explorative evaluation among diagnosticians in various psycho-educational organisations,2017-12-04,2017,journal article,Electronic Journal of Research in Education Psychology,16962095; 16995880,Editorial Universidad de Almeria,Spain,Agnes E. J. Burger-Veltmeijer; Alexander E. M. G. Minnaert; Els J. Van den Bosch,"<jats:p>Recently, Burger-Veltmeijer, Minnaert &amp; Van den Bosch (2014) constructed a conceptual framework, called the Strengths and Weaknesses Heuristic (S&amp;W Heuristic) which might provide systematicity and coherence in research as well as psycho-educational praxis, regarding assessments of Intellectually Gifted (IG) students with (suspicion of) Autism Spectrum Disorders (ASD). In this contribution it was evaluated whether assessments in psychoeducational practice were consistent with the theoretical principles of the S&amp;W Heuristic. The results indicated the possibility of missed signals of ASD-characteristics among IG-students as well as a trend that a rather large number of the assessments of IG students with(out) characteristics of ASD might not be arranged in a systematic dimensional needs-based way, according to the basic principles of the S&amp;W Heuristic. These findings suggest either the necessity of optimisation of assessments trajectories in psycho-educational practice, or the necessity of optimisation of the S&amp;W Heuristic itself.</jats:p>",13,35,5,26,Heuristic; Praxis; Psychology; Autism spectrum disorder; Autism; Coherence (philosophical gambling strategy); Strengths and weaknesses; Mathematics education; Cognitive psychology; Developmental psychology; Social psychology; Artificial intelligence; Epistemology; Computer science; Mathematics; Statistics; Philosophy,Needs-based assessment; Intellectual giftedness; ASD; Twice-exceptionality; Dimensional assessment,,,,http://ojs.ual.es/ojs/index.php/EJREP/article/download/1632/2070 https://doi.org/10.25115/ejrep.35.14109,http://dx.doi.org/10.25115/ejrep.35.14109,,10.25115/ejrep.35.14109,,,0,,0,true,,gold
097-282-042-388-275,ANAIS DO I CONGRESSO INTERNACIONAL DE MEDICINA DO SUDOESTE DO PARANÁ,2020-12-14,2020,journal article,Acta Elit Salutis,26751208,Universidade Estadual do Oeste do Parana - UNIOESTE,,ANAIS DO I CONGRESSO INTERNACIONAL DE MEDICINA DO SUDOESTE DO PARANÁ,<jats:p>Comissão Científica I Congresso Internacional Médico do Sudoeste do Paraná Carolina PanisEmanuela Kerkhoff UtzigFernanda Mara AlvesGéssica Tuani TeixeiraJanaína Carla da SilvaJulia Fratin da SilvaMaria Eduarda Fontana VasselaiMariane Okamoto FerreiraNathally Ghilardi CardosoRayana Turra Damo Rodrigo KernStefania Tagliari de Oliveira</jats:p>,3,,250,250,Humanities; Geography; Art,Covid-19; Pandemia; Saúde Biopsicossocial Hanseníase; Promoção da saúde; Integralidade em saúde Extensão; HPV; Prevenção Taxa de Prevalência; Coeficiente de Letalidade; Covid-19 Primeiros Socorros; Educação em Saúde; Estudantes Oftalmologia; Ensino; Graduação Atenção Primária à Saúde; Educação Interprofissional Visita Domiciliar; Puérpera; Exame Físico Telessaúde; Saúde Pública; COVID-19 Saúde; Educação; Tecnologia Bem-estar; Qualidade de Vida; Nutrição Ensino; Bem-Estar da Criança; Saúde Óbito Fetal; Óbito Neonatal Precoce; Saúde Mental Atenção Primária; Violência à mulher; Quarentena Tromboembolia Pulmonar; Internações; Progressão Educação; Oncologia; Saúde Câncer de Mama; Citocinas; TNF-α Emergência; Extensão; RCP Câncer de Mama; Prevenção; Diagnóstico Precoce Auriculoterapia; Práticas Integrativas Complementares; Promoção da Saúde Pressão Arterial; Hipertensão Arterial; Monitores de Pressão Arterial Menopausa; Fisioterapia; Fitoestrógenos Leucemia; Óbitos; Paraná Neoplasias Malignas; Mortalidade; Paraná Docking Molecular; Docagem Molecular; Análise in silico,,,,https://e-revista.unioeste.br/index.php/salutis/article/download/26568/16609 https://doi.org/10.48075/aes.v3i0.26568,http://dx.doi.org/10.48075/aes.v3i0.26568,,10.48075/aes.v3i0.26568,,,0,,0,true,cc-by-nc-sa,gold
097-294-732-776-070,Toxicologia: uma abordagem multidisciplinar – Volume I - MANEJO E REPERCUSSÕES CLÍNICAS DA INTOXICAÇÃO POR OPIOIDES,2021-09-30,2021,book chapter,Toxicologia: uma abordagem multidisciplinar – Volume I,,Editora Amplla,,Jennyfer Pereira Flor; Juliana Miyuki Miura; Lucas Ferreira de Carvalho; Matheus Coelho Prudêncio,"Toxicologia: uma abordagem multidisciplinar -Volume I está licenciado sob CC BY 4.0. Esta licença exige que as reutilizações deem crédito ao criador. Ele permite que os reutilizadores distribuam, remixem, adaptem e construam o material em qualquer meio ou formato, mesmo para fins comerciais. O conteúdo da obra e seus dados em sua forma, correção e confiabilidade são de responsabilidade exclusiva dos autores, não representando a posição oficial da Editora Amplla. É permitido o download da obra e o compartilhamento desde que sejam atribuídos créditos aos autores. Todos os direitos para esta edição foram cedidos à Editora Amplla.",,,218,226,,Sueli Costa -Bibliotecária -CRB-8/5213 (SC Assessoria Editorial; SP; Brasil) Dados Internacionais de Catalogação na Publicação (CIP) Toxicologia [livro eletrônico]: uma abordagem multidisciplinar / Tatiana Paschoalette Rodrigues Bachur. --Campina Grande : Editora Amplla; 2021. 2 v. Formato: PDF ISBN: 978-65-88332-71-9 (v. 1) ISBN: 978-65-88332-72-6 (v. 2) 1. Intoxicações. 2. Saúde. 3. Drogas -Toxicologia. I. Bachur; Tatiana Paschoalette Rodrigues. II. Título,,,,http://dx.doi.org/10.51859/amplla.tam719.1121-17,http://dx.doi.org/10.51859/amplla.tam719.1121-17,,10.51859/amplla.tam719.1121-17,3200726720,,0,,0,true,,bronze
098-040-247-730-286,Diseño y propiedades psicométricas del AVACO-EVADIE. Cuestionario para la evaluación de la atención a la diversidad como dimensión educativa en las instituciones escolares,2014-10-04,2014,journal article,RELIEVE - Revista Electrónica de Investigación y Evaluación Educativa,11344032,Editorial de la Universidad de Granada,Spain,Chantal Biencinto-López; Coral González-Barbera; Mercedes García-García; Purificación Sánchez-Delgado; Dolores Madrid-Vivar,"This article shows the process taken to design and identify the psychometric properties of the evaluation instrument construct Diversity Attention as a context variable. For that, the starting point is a brief revision of different instruments used to collect information on diversity, not only cultural but also social, linguistic or on capacities. After that, and assuming a classification of the different theoretical approaches, a first instrument is made, committing ourselves to an inclusive approach. After that, its validation is made by experts and its pilot study is carried on. Reliability analysis of the instrument helps us to conclude that the questionnaire is reliable on collecting information regarding how schools face diversity attention.",15,1,1,36,Humanities; Psychology; Diversity (politics); Context variable,Diversity attention; context variables; inclusive approach; evaluation of educational systems,,,,https://ojs.uv.es/index.php/RELIEVE/article/view/4184 https://ojs.uv.es/index.php/RELIEVE/article/download/4184/3785 http://www.redalyc.org/pdf/916/91612922005.pdf https://dialnet.unirioja.es/servlet/articulo?codigo=2973095 https://cefd.uv.es/index.php/RELIEVE/article/view/4184/3785 http://roderic.uv.es/handle/10550/43686 https://redined.mecd.gob.es/xmlui/handle/11162/79720,http://dx.doi.org/10.7203/relieve.15.1.4184,,10.7203/relieve.15.1.4184,2040949518,,0,085-885-276-846-272; 113-944-088-218-165; 118-951-906-468-172; 129-284-556-463-39X; 138-286-728-391-114; 138-416-420-875-684; 167-495-606-688-852; 186-917-484-914-167,9,true,cc-by-nc,gold
098-149-328-332-14X,"El títere y su valor educativo. Análisis de su influencia en Titirimundi, Festival Internacional de Títeres de Segovia",,,dissertation,,,Universidad de Valladolid,,Beatriz Cebrián Velasco,"El objetivo fundamental de esta tesis es: ""Analizar el valor educativo del titere y evaluar su influencia en una manifestacion concreta: El Festival Internacional de Titeres de Segovia"". Para ello comenzamos con una justificacion del tema elegido, una exposicion de los objetivos de la investigacion asi como de la estructura general de la tesis. Hemos presentado un marco teorico diferenciado en dos capitulos. El primero de ellos hace referencia a la evolucion historica y tipologia del titere, y el segundo a la relacion entre el titere y la educacion. Esta relacion la hemos abordado desde tres enfoques: la inclusion del titere en la normativa vigente de Educacion Infantil en Castilla y Leon, la presencia del titere en la educacion formal y la revision bibliografica del tema con el analisis del estado de la cuestion. En el capitulo cuarto tratamos las cuestiones metodologicas de este estudio. Hemos seleccionado una metodologia cualitativa ya que en primer lugar queriamos captar la realidad, hacer una minuciosa descripcion de las obras de titeres, para posteriormente analizar los datos y obtener un conocimiento valido sobre lo que nos transmiten y que aprendemos con ellas. Todas estas acciones eran posibles gracias a una metodologia cualitativa descriptiva. Nos hemos valido de tres metodos fundamentales: la observacion, el analisis de contenido y la entrevista. Haremos hincapie en la construccion de un instrumento propio que nos serviria para realizar un registro simple en el lugar de la observacion. Este instrumento consiste en una tabla que recoge las siguientes dimensiones: datos informativos, dimension tecnica y estetica, tema e historia, destinatarios, actor titiritero, dimension ideologica, potencialidad educativa y otros aspectos de interes. La parte empirica del trabajo la componen dos capitulos principales. En el primero de ellos presentamos el analisis de la propuesta educativa y artistica de diez obras del Festival Internacional de Titeres de ciudad de Segovia, Titirimundi. Y en el segundo, revisamos el discurso pedagogico de los titiriteros, fundamentado en unas categorias de analisis que discurren desde el Festival Titirimundi, hasta su proyecto educativo Titiricole, pasando por la formacion del titiritero, considerando todas las relaciones que puede establecer el titere con el universo que lo rodea: adultos, ninos y ninas, maestros y maestras, y finalizando con el titere como transmisor de ideas, pensamientos y valores. Para terminar, exponemos las conclusiones a las que hemos llegado basandonos en los resultados obtenidos durante la investigacion y tomando los objetivos propuestos como hilo conductor. Y cerramos la tesis con una relacion de las referencias bibliograficas utilizadas en la misma.",,,,,,,,,,https://uvadoc.uva.es/handle/10324/16249 https://dialnet.unirioja.es/servlet/tesis?codigo=136515 https://uvadoc.uva.es/bitstream/10324/16249/1/Tesis838-160224.pdf https://core.ac.uk/download/211099844.pdf,http://dx.doi.org/10.35376/10324/16249,,10.35376/10324/16249,2286281459,,0,,2,true,cc-by-nc-nd,hybrid
098-311-181-378-401,Psicoanálisis freudiano en Psicología de 2º de Bachillerato,,,dissertation,,,Editorial de la Universidad de Granada,,Lucía Mellinas Sánchez,,,,,,,,,,,https://digibug.ugr.es/handle/10481/70687,http://dx.doi.org/10.30827/digibug.70687,,10.30827/digibug.70687,3206997293,,0,,0,true,cc-by-nc-nd,hybrid
098-751-155-111-083,Democracia fiscal e seus fundamentos à luz do direito & economia,,,dissertation,,,"Universidade de Sao Paulo, Agencia USP de Gestao da Informacao Academica (AGUIA)",,Marcelo Guerra Martins,"Dedico esta obra à memória de meu avô materno, Horácio José Guerra, advogado que me apresentou as Arcadas quando eu ainda muito jovem e, com isto, fez nascer o sonho de mergulhar num universo desafiador, fascinante e infinito. Ao meu pai, Nelson Valente Martins, médico e professor da Escola Paulista de Medicina, por ter lançado em mim as primeiras sementes do amor à ciência e do desprezo à superstição. Aos meus filhos, Guilherme e Henrique, quiçá um dia eu neles consiga lançar sementes tão férteis.",,,,,,,,,,https://www.teses.usp.br/teses/disponiveis/2/2134/tde-29082011-114111/publico/TESE_MARCELO_GUERRA_MARTINS.pdf https://www.teses.usp.br/teses/disponiveis/2/2134/tde-29082011-114111/pt-br.php,http://dx.doi.org/10.11606/t.2.2010.tde-29082011-114111,,10.11606/t.2.2010.tde-29082011-114111,2108613829,,0,,0,true,cc-by-nc-sa,gold
098-786-914-461-464,"Perspectiva global de una educación inclusiva, en Chile y en los principales países sudamericanos",2019-06-01,2019,journal article,Educación,18133363,Universidad Femenina Del Sagrado Corazon,,Romina Esparza Manríquez,"Literature review demonstrates the challenge that the educational system faces in connection with a model of inclusion. Inclusive pedagogy is mentioned, targeting all students, specially, those who has been excluded from educational opportunities, such as kids that present some type of Special Educational Needs. In this context and taking into account the current public policies, it is necessary to review the current context, both in Chile and South American countries, envisage these new proposals. In spite of all the laws and proclamations, it is established that the main problems reside in the scarce teacher training for the attention of diversity, lack of resources destined to special education and persistence of segregating students with different capabilities being necessary to reformulate the regulation that governs the inclusion of these children to the society.",25,1,33,42,Public policy; Inclusion (education); Political science; Spite; Context (language use); Diversity (politics); Special education; Educational systems; South american; Welfare economics,Special educational needs (SEN); inclusive paradigm; public policies; teacher training; segregation,,,,http://revistas.unife.edu.pe/index.php/educacion/article/view/1765,http://dx.doi.org/10.33539/educacion.2019.v25n1.1765,,10.33539/educacion.2019.v25n1.1765,2989725033,,0,,2,true,,gold
100-427-924-483-873,DOES THE PATIENT'S MOTIVE FOR CONSULTATION MATCH THE PROBLEM PERCEIVED BY THE THERAPIST? A QUALITATIVE ANALYSIS OF THE REASONS FOR CONSULTATION,,2019,journal article,REVISTA ARGENTINA DE CLINICA PSICOLOGICA,18517951; 03276716,Raffles Connect Pte Ltd,Argentina,,"El motivo de consulta en Psicología Clínica, es un término que ha presentado dificultades históricas a la hora de llegar a un consenso en su definición (Rodríguez, 2007) . Algunos autores, desde una tradición médica, lo conciben como una descripción de síntomas o problemas objetivos que ""inspira"" el diagnóstico (Javalkar y Litt, 2017). Otros, como una simple comunicación inicial que denota inquietud y que puede servir como guía de inicio en el proceso de evaluación, algo más característico de los procesos de evaluación en psicología clínica (Caballo, 2006; Fernández Ballesteros, 2014; haynes, Godoy y Gavino, 2011; Muñoz, 2003; Rodríguez, 2007) . Esta perspectiva parte de la concepción del proceso de evaluación como un fenómeno más amplio, en el que el motivo de consulta es la especificación de la demanda y el diagnóstico no es un fin en si mismo, sino una parte más del complejo proceso de evaluación (Fernández Ballesteros, 2014; Frances, 2014) .",,,,,Psychology; Qualitative analysis; Qualitative research; Psychotherapist; Social psychology; Sociology; Social science,,,,,https://www.revistaclinicapsicologica.com/pdf_files/trabajos/vol_28/num_4/RACP_28_4_363_WZ2A1XBWW6.pdf https://doi.org/10.24205/03276716.2019.1143,http://dx.doi.org/10.24205/03276716.2019.1143,,10.24205/03276716.2019.1143,,,0,,0,true,,gold
102-688-851-753-788,Evaluación neuropsicológica en educación,,2017,journal article,ReiDoCrea: Revista electrónica de investigación Docencia Creativa,22545883,Editorial de la Universidad de Granada,,Ángela Osuna,"espanolEn las ultimas decadas ha existido un interes creciente por el campo de la neuropsicologia, y mas concretamente, por el de las evaluaciones neuropsicologicas. Uno de los ambitos en los que las evaluaciones neuropsicologicas han tenido mas auge en los ultimos anos es el ambito educativo. El objetivo de estas evaluaciones es conocer la capacidad intelectual de los ninos y adolescentes, las capacidades superiores que estos utilizan durante su aprendizaje (atencion y memoria, entre otras) y las posibles alteraciones neuropsicologicas que pueden tener. Este conocimiento favorece el diagnostico precoz y la implantacion de programas psicoeducativos que promuevan el desarrollo academico y neuropsicologico de ninos y adolescentes. Uno de los instrumentos neuropsicologicos que mejor evalua las capacidades cognitivas que utilizan los ninos y adolescentes durante su aprendizaje es La Escala de inteligencia de Wechsler para ninos (WISC). En este trabajo se hablara de la cuarta edicion de esta Escala (WISC-IV), puesto que ha sido la mas utilizada en los ultimos anos. Se comentaran las pruebas e indices de la Escala, las capacidades que evalua y su gran importancia en la identificacion y deteccion de ninos y adolescentes con altas capacidades o con alguna lesion neuropsicologica. EnglishDuring the last few decades there has been an increasing interest in the field of neuropsychology, and more specifically, in neuropsychological assessments. One of the areas in which the neuropsychological assessment have had more interest in recent years is the educational field. The objective of these assessments is to know the intellectual skill of children and adolescents, the superior capacities they use during their learning (attention and memory, among others) and possible neuropsychological alterations that they may have. This knowledge favors the early diagnosis and the implementation of psychoeducational programs that promote the academic and neuropsychological development of children and adolescents. One of the neuropsychological tools that best assesses the cognitive abilities that children and adolescents use during their learning is the Wechsler Intelligence Scale for Children (WISC). In this paper we will talk about the fourth edition of this Scale (WISC-IV), since it has been the most used in recent years. The tests and indexes of the Scale will be discussed, the capacities that evaluate and their great importance in the identification and detection of children and adolescents with high capacities or with some neuropsychological injury.",,6,24,30,Humanities; Psychology; Neuropsychological assessment; Social psychology; Wechsler Intelligence Scale for Children; Wechsler Adult Intelligence Scale,,,,,https://digibug.ugr.es/handle/10481/47142 https://digibug.ugr.es/bitstream/10481/47142/1/6-2-4.pdf https://dialnet.unirioja.es/servlet/articulo?codigo=7202253,http://dx.doi.org/10.30827/digibug.47142,,10.30827/digibug.47142,2763651115,,0,,5,true,cc-by,gold
102-730-833-439-652,Las altas capacidades. Estudio de caso,2019-07-03,2019,journal article,International Journal of Developmental and Educational Psychology. Revista INFAD de Psicología.,26035987; 02149877,Asociacion INFAD,,Esther Secanilla,"Based on the fact that the diversity outreach includes attention to everyone, the highly-gifted should be taken into consideration, making them visible, diagnosed and attended, offering the adequate response to meet these persons’ needs. It is necessary to have a detection system that will make easier the planning and implementation of resources, support and educational intervention programs which will allow us to offer both an adequate educational attention quality and the personal and social welfare of highly-gifted students. This article presents a case study, its diagnose and the possible courses of action as well as strategies that are complementary to the ones used to facilitate an improvement of necessary psycho-educational actions.",1,1,233,240,Psychology; Action (philosophy); Quality (business); Diversity (business); Outreach; Public relations; Social Welfare; Intervention (law),high gifted; case study; diagnose; educational intervention; diversity outreach,,,,https://dehesa.unex.es/handle/10662/10119?mode=full https://dialnet.unirioja.es/servlet/articulo?codigo=7149095 https://revista.infad.eu/index.php/IJODAEP/article/view/1414 https://dehesa.unex.es/bitstream/10662/10119/1/0214-9877_2019_1_1_233.pdf http://infad.eu/RevistaINFAD/OJS/index.php/IJODAEP/article/view/1414 https://revista.infad.eu/index.php/IJODAEP/article/download/1414/1201,http://dx.doi.org/10.17060/ijodaep.2019.n1.v1.1414,,10.17060/ijodaep.2019.n1.v1.1414,2954168396,,0,086-753-920-289-051,3,true,cc-by-nc-nd,gold
103-133-858-398-288,Organización de los servicios de orientación en educación infantil y primaria,2019-08-01,2019,journal article,REOP - Revista Española de Orientación y Psicopedagogía,19897448; 11397853,UNED - Universidad Nacional de Educacion a Distancia,Spain,Sara González Tejerina; María José Vieira Aller,"ABSTRACTOrganisation of educational guidance in Pre-Primary and Primary Education in Spain has traditionally responded to the provision of services external to the schools. In this study, we analyse and compare the regulations governing educational guidance in Pre-Primary and Primary Education in the seventeen Autonomous Communities and the two Autonomous Cities, Ceuta and Melilla through the qualitative methodology of documentary analysis (n = 51 documents). The results of this research confirm those of previous studies that indicate that most common educational guidance services are general services directed to students from 6 to 12 years, those of specialized character directed to students with specific need of educational support and, to a lesser extent, Early Care Teams (to students from 0 to 6 years). As a novelty, internal guidance units have emerged at schools, and also services whose main functions are promoting coordination, doing research and elaborating resources. In conclusion, in spite of the predominance of an organizational model of educational guidance by means of external services, educational guidance is evolving towards a model that guarantees tutoring at class level, guidance departments or units at school level, and the existence in the region of services with a greater technical specialization, together with the necessary creation of structures to promote coordination of guidance agents.",30,2,89,107,Primary education; Sociology; Spite; Qualitative research; Pedagogy; Novelty; Specialization (functional); Character (mathematics); Organizational model; School level,orientación educativa; servicios de orientación; análisis documental; Educación Infantil; Educación Primaria educational guidance; guidance services; documentary analysis; Pre-Primary Education; Primary Education,,,,https://redined.educacion.gob.es/xmlui/handle/11162/192151 http://revistas.uned.es/index.php/reop/article/view/25340 https://dialnet.unirioja.es/servlet/articulo?codigo=7324762 http://revistas.uned.es/index.php/reop/article/download/25340/20235 https://buleria.unileon.es/handle/10612/12127 http://buleria.unileon.es/handle/10612/12127,http://dx.doi.org/10.5944/reop.vol.30.num.2.2019.25340,,10.5944/reop.vol.30.num.2.2019.25340,2970638542,,0,,3,true,,bronze
104-718-831-608-054,Creatividad e imaginació: un nuevo instrumento de medida : la PIC /,2004-01-01,2004,journal article,Edupsykhé. Revista de Psicología y Educación,15790207,Universidad Camilo Jose Cela,,Teresa Artola González; J. Barraca,"<jats:p>Se presenta en este artículo un nuevoinstrumento destinado a la evaluaciónde la Creatividad a través del uso que elniño hace de su imaginación. La Pruebade Imaginación Creativa (PIC) permiteevaluar tanto la creatividad narrativao verbal como figurativa o gráfica através de la medida de algunas de lasvariables más relevantes en el estudiodel pensamiento divergente o creativo.Validada con una muestra compuestapor 637 sujetos de entre 8 y 12 años, laPIC ha demostrado unas buenas propiedadespsicométricas lo que la conviertenen una prueba de especial utilidada la hora de valorar el talento creativode los escolares españoles.</jats:p>",3,1,,,Humanities; Psychology; Philosophy; Physics,PALABRAS CLAVE Creatividad; imaginación; evaluación; test-psicométricos Creativity; imagination; assessment; psychometric-tests,,,,https://journals.ucjc.edu/EDU/article/download/3752/2698 https://doi.org/10.57087/edupsykhe.v3i1.3752,http://dx.doi.org/10.57087/edupsykhe.v3i1.3752,,10.57087/edupsykhe.v3i1.3752,,,0,,1,true,,bronze
106-166-884-898-972,Actuaciones y prácticas innovadoras como herramientas para el fomento de la Educación Inclusiva,2022-01-05,2022,journal article,En-Claves del Pensamiento,25941100; 1870879x,Instituto Tecnologico y de Estudios Superiores de Monterrey,,Alejandra Barreiro Collazo,"<jats:p>Dada la cada vez más alta prevalencia de estudiantes con Necesidades Específicas de Apoyo Educativo (NEAE) una de las prioridades a nivel escolar se centra en adoptar un mayor número de actuaciones y prácticas en favor de la inclusión. Así, desarrollar actividades y dinámicas innovadoras son una tendencia cada vez más implantada que pone el acento en la experiencia manipulativa positiva, en las tecnologías, en la acción personalizada del juego y en otros aspectos que favorecen la implicación y la toma de decisiones de forma autónoma. Por ello, con este trabajo se quiere poner de relieve el uso dichos recursos como herramientas facilitadoras para, por un lado, fomentar la formación del alumnado universitario para trabajar la inclusión del alumnado con NEAE en cualquier contexto educativo y, por otro lado, favorecer la oportunidad de fomentar la motivación, la implicación y el rendimiento académico del alumnado universitario en una asignatura de tres grados universitarios.   </jats:p>",,31,e503,e503,Humanities; Political science; Art,innovación; aprendizaje; juego; educación; universidad; vulnerabilidad innovation; learning; play; education; university; vulnerability,,,,https://www.enclavesdelpensamiento.mx/index.php/enclaves/article/download/503/562 https://doi.org/10.46530/ecdp.v0i31.503,http://dx.doi.org/10.46530/ecdp.v0i31.503,,10.46530/ecdp.v0i31.503,,,0,,7,true,cc-by-nc,gold
106-725-743-169-862,63 congreso Nacional de la Asociación Española de Psiquiatría del Niño y del Adolescente,2019-05-30,2019,journal article,Revista de Psiquiatría Infanto-Juvenil,26607271; 11309512,Asociacion Espanola de Psiquiatria del Nino y del Adolescente - Aepnya,,Revista Aepnya,Síndrome del inmigrante con estrés crónico y múltiple (síndrome de ulises) en población infanto-juvenil.a propósito de un caso.,36,2,1,156,,,,,,http://aepnya.com/index.php/revistaaepnya/article/view/280 http://www.aepnya.eu/index.php/revistaaepnya/article/download/280/252 https://www.aepnya.eu/index.php/revistaaepnya/article/view/280 http://repositori.uji.es/xmlui/handle/10234/189708,http://dx.doi.org/10.31766/revpsij.v36n2,,10.31766/revpsij.v36n2,2946926002,,0,,1,true,cc-by,gold
107-933-420-983-352,Possibilidades da Consultoria Colaborativa para a Formação de Educadores que Atuam junto a Estudantes com Altas Habilidades/Superdotação,,2022,journal article,Psicologia: Ciência e Profissão,19823703; 14149893,FapUNIFESP (SciELO),,Denise Rocha Belfort Arantes-Brero; Vera Lucia Messias Fialho Capellini,"<jats:p>Resumo A literatura aponta um crescimento de produções na área das altas habilidades/superdotação (AH/SD), no entanto, há ainda uma lacuna no que tange a estudos de intervenção, falhas na formação docente e mitos que impedem a correta identificação dessa população e dificultam a implementação de políticas públicas efetivas. A formação continuada, por meio da consultoria colaborativa, pode ser efetiva ao levar o conhecimento de especialistas para dentro da escola. Este estudo objetivou analisar os efeitos de um programa de formação continuada, por meio da consultoria colaborativa, para o professor especializado que atua na sala de recursos para altas habilidades/superdotação e descrever e comparar crenças, mitos e conceitos sobre AH/SD de um professor especializado, antes e depois da participação em um programa de formação continuada. A pesquisa foi realizada em uma escola pública estadual de ensino fundamental I de uma cidade do interior de São Paulo com uma professora especializada, que recebeu um programa de formação continuada. Esta intervenção ocorreu em 10 encontros, com duração de 3 horas, totalizando 30 horas de formação, em que foram discutidos aspectos teóricos e práticos a respeito das AH/SD. Os dados foram coletados por meio da Avaliação de conhecimentos acerca da superdotação (ACAS) pré e pós-intervenção e do Diário de campo; posteriormente, foram tabulados e analisados de modo descritivo e comparativo. Os resultados apontam melhora nos resultados pós-intervenção, denotando que o programa de formação continuada teve um efeito positivo. No entanto, é importante salientar que, mesmo com a consultoria, a participante permaneceu com algumas concepções equivocadas a respeito do tema.</jats:p>",42,,,,Humanities; Continuing education; Philosophy; Political science; Medicine; Medical education,Special Education; Hight abilities; Giftedness; Collaborative consultation; Teacher education,,,,https://www.scielo.br/j/pcp/a/XMzn8JgSsdGhz7yrbHJr6GD/?lang=pt&format=pdf https://doi.org/10.1590/1982-3703003233814,http://dx.doi.org/10.1590/1982-3703003233814,,10.1590/1982-3703003233814,,,0,001-213-761-619-592; 011-026-784-790-164; 020-011-873-074-797; 028-967-677-926-021; 029-238-039-807-649; 035-411-321-593-377; 053-721-381-822-49X; 067-414-038-842-969; 072-815-149-479-929; 074-140-089-461-89X; 085-299-329-944-983; 120-188-328-415-372; 126-727-548-927-685; 155-182-575-804-255,0,true,cc-by,gold
108-011-372-532-797,Prejuízos de funções executivas e coerência central na anorexia: meta-análise e protocolos de avaliação e remediação cognitiva,2022-07-01,2022,dissertation,,,"Universidade de Sao Paulo, Agencia USP de Gestao da Informacao Academica (AGUIA)",,Andreza Carla de Souza Lopes,"Apesar do entendimento sobre a neuropsicologia dos transtornos alimentares ter aumentado consideravelmente nas ltimas dcadas, ainda existem algumas lacunas de conhecimento importantes relacionadas a avaliao e reabilitao neuropsicolgica de pessoas com anorexia nervosa, bem como sua implementao de forma adequada populao brasileira. O objetivo desta tese foi investigar dados atuais",,,,,Anorexia nervosa; Psychology; Humanities; Philosophy; Psychiatry; Eating disorders,Anorexia Nervosa; Neuropsicologia; Funções Executivas; Coerência Central; Terapia de Remediação Cognitiva Anorexia Nervosa; Neuropsychology; Executive Functions; Central Coherence; Cognitive Remediation Therapy,,,,http://www.teses.usp.br/teses/disponiveis/47/47135/tde-06092022-080115/publico/lopes_corrigida.pdf https://doi.org/10.11606/t.47.2022.tde-06092022-080115,http://dx.doi.org/10.11606/t.47.2022.tde-06092022-080115,,10.11606/t.47.2022.tde-06092022-080115,,,0,,0,true,,gold
108-033-723-184-390,Ciência e Inovação: Tecnologias no Mundo Atual - Volume 2,2022-12-26,2022,book,Zenodo (CERN European Organization for Nuclear Research),,,,Resiane Paula da Silveira,"Um dos principais motores do avanço da Ciência é a curiosidade humana, descompromissada de resultados concretos e livre de qualquer tipo de tutela ou orientação. A produção científica movida simplesmente por essa curiosidade tem sido capaz de abrir novas fronteiras do conhecimento, de nos tornar mais sábios e de, no longo prazo, gerar valor e mais qualidade de vida para o ser humano. Com o conhecimento, o universo natural se expande e ganha novos contornos. É o que anima a complexidade da cultura, da política e das artes. Mais do que técnicas, instrumentos e equipamentos, trata-se da produção e compreensão ininterrupta da existência humana. Exatamente por isso, a ciência e a tecnologia estão entre as fundações de nossa civilização. Com toda sua diversidade, são alimentadas e alimentam, a um só tempo, trajetórias não lineares, tensas e contraditórias, que marcam o tecido das sociedades contemporâneas. Ciência e Tecnologia compõem o DNA do modo de produção da vida material, dos mecanismos econômicos que apontam para a prosperidade. São emuladores do futuro e fonte de apreensão, já que nem todos os países conseguem acessá-las do mesmo modo e nem todas as pessoas são beneficiadas por seus resultados da mesma maneira. Por conta dessa desigualdade, muitos pesquisadores apontam para a perda de dinamismo da Ciência Moderna e da Tecnologia que estariam drenando sua capacidade de atuar como motores da prosperidade. O ponto central é que o avanço das Ciências é muito dependente de instrumentos e da evolução de tecnologias. E essa evolução provoca impactos na própria atividade científica, como os caminhos abertos pelos meios digitais de hoje sugerem fortemente.",,,,,Volume (thermodynamics); Physics; Thermodynamics,Protótipos  Testes & Ensaios  Manufatura Aditiva  Maturidade Tecnológica  Requisitos Prototypes  Tests & Trials  Additive Manufacturing  Technological Maturity  Requirements cerrado; espécies nativas; emergência; recipientes; substratos Cerrado; native species; emergency; containers; substrates,,,,https://zenodo.org/record/7482729,http://dx.doi.org/10.5281/zenodo.7482729,,10.5281/zenodo.7482729,,,0,,0,true,,green
111-198-923-376-462,Metodologias ativas e ensino híbrido: potencialidades e desafios - DESAFIOS DO SISTEMA ENSINO-APRENDIZAGEM NA SOCIEDADE DE INFORMAÇÃO E DO CONHECIMENTO,2021-06-30,2021,book chapter,Metodologias ativas e ensino híbrido: potencialidades e desafios,,Editora Amplla,,Beatriz Barroso Milão; Cláudio Tortori; Larissa Paula de Mascarenhas; Letícia Bairral Saavedra; Lorrayne Valério de Sá; Maria Eduarda de Barros Pardelhas,"Metodologias ativas e ensino híbrido: potencialidades e desafios está licenciado sob CC BY 4.0. Esta licença exige que as reutilizações deem crédito ao criador. Ele permite que os reutilizadores distribuam, remixem, adaptem e construam o material em qualquer meio ou formato, mesmo para fins comerciais. O conteúdo da obra e seus dados em sua forma, correção e confiabilidade são de responsabilidade exclusiva dos autores, não representando a posição oficial da Editora Amplla. É permitido o download da obra e o compartilhamento desde que sejam atribuídos créditos aos autores. Todos os direitos para esta edição foram cedidos à Editora Amplla.",,,248,260,,,,,,http://dx.doi.org/10.51859/amplla.mae504.1121-21,http://dx.doi.org/10.51859/amplla.mae504.1121-21,,10.51859/amplla.mae504.1121-21,3180246241,,0,,0,true,,bronze
111-373-736-047-431,Saúde Integral – da teoria à prática – vol. II - Perfil epidemiológico dos casos de acidentes com materiais perfurocortantes no município de Porto Nacional no período de 2017/2019,,2021,book chapter,Saúde Integral – da teoria à prática – vol. II,,Uniedusul Editora,,Felipe Vanderley Nogueira; Marlla Christina Ribeiro Gomes; Bárbara Oliveira Gomes Nascimento; Nelzir Martins Costa,"O conteúdo dos artigos e seus dados em sua forma, correção e confiabilidade são de responsabilidade exclusiva dos autores. Permitido fazer download da obra e o compartilhamento desde que sejam atribuídos créditos aos autores, mas sem de nenhuma forma ou utilizá-la para fins comerciais. www.uniedusul.com.br APRESENTAÇÃO Esta coletânea ""Saúde Integral: da teoria à prática, organizada em três volumes, apresenta os resultados das pesquisas realizadas por acadêmicos e professores dos cursos de Enfermagem, Odontologia e Medicina da Faculdade Presidente Antônio Carlos -ITPAC Porto. É o resultado do semestre letivo 2020/2, demonstrando o compromisso da instituição com a pesquisa, ensino e extensão no processo de formação dos profissionais da área da Saúde, mesmo em um período marcado por fortes mudanças no processo educacional, como o vivenciado a partir da necessidade do afastamento social em virtude da pandemia com a Covid-19. Desse modo, os volumes 1 e 2 apresentam artigos dos mais variados temas, produzidos nos cursos de Enfermagem e Medicina, enquanto o volume 3 é específico para as produções da Odontologia. Em toda a coletânea os temas se integram de maneira interdisciplinar, favorecendo a reflexão sobre questões importantíssimas na área da Saúde e apresentando muitas informações e conhecimento sobre a realidade de perfis epidemiológicos do município. O propósito desta coletânea é extrapolar a ideia da simples publicação, almeja disseminar conhecimentos que possam suscitar reflexões motivadoras para a elaboração de ações e políticas, nos setores público e privado, que possam resultar na melhoria da qualidade dos serviços prestados na área da Saúde e, consequentemente, na qualidade de vida das pessoas. Também incentivar o gosto pela pesquisa nos diversos cursos oferecidos pela FAPAC ITPAC Porto. Nossos agradecimentos a todos os envolvidos no processo de produção e elaboração dos capítulos aqui apresentados.",,,216,227,,Primary care; Medical students; Unified Health System User Embracement; Primary Health Care; Unified Health System,,,,http://dx.doi.org/10.51324/86010572.21,http://dx.doi.org/10.51324/86010572.21,,10.51324/86010572.21,3129122291,,0,,0,true,,bronze
111-848-105-578-320,"Pesquisas e Inovações Nacionais em Engenharias, Ciências Agrárias, Exatas e da Terra",2022-04-02,2022,book,,,Instituto Scientia,,Daniel L. S. Braga,"O conteúdo dos artigos e seus dados em sua forma, correção e confiabilidade são de responsabilidade exclusiva dos autores, inclusive não representam necessariamente a posição oficial do Instituto Scientia. Permitido o download da obra e o compartilhamento desde que sejam atribuídos créditos aos autores, mas sem a possibilidade de alterá-la de nenhuma forma ou utilizá-la para fins comerciais. Todos os manuscritos foram previamente submetidos à avaliação cega pelos pares, membros do Corpo Editorial deste Evento, tendo sido aprovados para a publicação.",,,,,Geography; Humanities; Art,Descritores Sinônimos e/ou Expressões Similares Core Competences Core Skills  Essential Skills  Essential Competence Industry 4.0 Smart Factory  Smart Firm; Áreas selecionadas na Scopus: Business  Management and Accounting -Engineering -Multidisciplinary -Social Science;; Categorias selecionadas na Web of Science: Business -Engineering Industrial -Engineering Electrical Electronic -Engineering Manufacturing -Engineering Mechanic -Engineering Multidisciplinary -Management -Multidisciplinary Sciences -Social Sciences Interdisciplinary,,,,,http://dx.doi.org/10.55232/237922,,10.55232/237922,,,0,,0,true,,green
113-720-301-005-618,Doble excepcionalidad: altas capacidades y trastornos del neurodesarrollo. prevalencia en escolares ecuatorianos,2023-01-06,2023,journal article,CienciAmérica,13909592; 1390681x,Universidad Tecnologica Indoamerica,,Ximena Vélez-Calvo; Valeria Calle-Calle; Carolina Seade-Mejía; María José Peñaherrera-Vélez,"<jats:p>INTRODUCCIÓN: La doble excepcionalidad hace referencia a la presencia de dos necesidades educativas distintas, las altas capacidades (AC) y la presentación, junto a esta condición, de uno o varios trastornos del neurodesarrollo, como el trastorno por déficit de atención con hiperactividad (TDAH) o las dificultades específicas del aprendizaje. Es difícil reconocer a esta población porque muchas veces se atiende la necesidad educativa asociada y no las AC. OBJETIVO: Establecer la prevalencia de la doble excepcionalidad AC-dislexia, AC-discalculia, AC-disortografía y AC-TDAH, en una muestra aleatoria y probabilística de niños ecuatorianos. MÉTODO: Se trata de un estudio descriptivo, de corte transversal, en el que participaron 628 niños de cuarto y 658 niños de sexto año de Educación General Básica. RESULTADOS: Se obtuvo una prevalencia de AC-dislexia del 17.8 %, AC-discalculia del 18 %, AC-disortografía del 7.1 % y AC-TDAH del 10.4 %. El análisis mostró predominancia en el sexo masculino. DISCUSIÓN Y CONCLUSIONES: Estos porcentajes permitieron estimar y caracterizar a esta población que ha sido poco abordada. Los resultados evidencian la presencia de esta dualidad en las aulas escolares ecuatorianas, situación que debería generar el despliegue de respuestas psicoeducativas que atiendan la integralidad de sus necesidades derivadas.</jats:p>",12,1,,,Humanities; Psychology; Philosophy,altas capacidades; doble excepcionalidad; prevalencia; TDAH; trastornos específicos del aprendizaje ADHD; twice exceptionality; high abilities; prevalence; specific learning disorders,,,,https://www.cienciamerica.edu.ec/index.php/uti/article/download/393/880 https://doi.org/10.33210/ca.v12i1.393,http://dx.doi.org/10.33210/ca.v12i1.393,,10.33210/ca.v12i1.393,,,0,,2,true,cc-by,gold
114-191-454-130-095,"Educação: Políticas, Estrutura e Organização 11 - PORTFÓLIO DE APRENDIZAGEM EXPERENCIAL: UMA APLICAÇÃO NO ENSINO SUPERIOR",2019-05-03,2019,book chapter,"Educação: Políticas, Estrutura e Organização 11",,Atena Editora,,Mariane Bezerra Nóbrega; Rodrigo Leite Farias de Araújo,"Organização -Parte 11"" traz capítulos com diversos estudos que se completam na tarefa de contribuir, de forma profícua, para o leque de temas que envolvem o campo da educação. A educação é uma atividade que se expressa de formas distintas, envolvendo processos que tem consequências nos alunos, possui métodos que precisam ser compreendidos; envolve o que se pretende, o que se transmite, os efeitos obtidos, agentes e elementos que determinam a atividade e o conteúdo (forças sociais, instituição escolar, ambiente e clima pedagógico, professores, materiais e outros) (SACRISTÁN, 2007).O conceito de educação é inseparável do ente subjetivo que lhe dão atributos diferenciados. A educação é algo plural que não se dá de uma única forma, nem provém de um único modelo; ela não acontece apenas na escola, e às vezes a escola nem sempre é o melhor lugar para que ela ocorra. A escola deve estar pronta para atender a diversidade cultural, conduzindo a aceitação e o respeito pelo outro e pela diferença, pois se valoriza a ideia de que existem maneiras diversas de se ensinar e consequentemente diferentes formas de organização na escola, onde seja levado em consideração a complexidade da criação de um currículo que atenda o desafio de incorporar extensivamente o conhecimento acumulado pela herança cultural sem perder a densidade do processo de construção do conhecimento em cada indivíduo singular.A escolaridade faz parte da realidade social e é uma dimensão essencial para caracterizar o passado, o presente e o futuro das sociedades, dos povos, dos países, das culturas e dos indivíduos. É assim que a escolarização se constitui em um projeto humanizador que reflete a perspectiva do progresso dos seres humanos e da sociedade. Em uma escola democrática não há barreiras educacionais, eliminam-se a formação de grupos com base na capacidade dos alunos, provas preconceituosas e outras iniciativas que tantas vezes impedem o acesso e permanências de todos na escola, proporcionando um ensino de qualidade para todos, sem exclusão.",,,105,117,,Escola; Ambientes educativos; Aprendizagem School; educational environments; learning,,,,http://dx.doi.org/10.22533/at.ed.12519030411,http://dx.doi.org/10.22533/at.ed.12519030411,,10.22533/at.ed.12519030411,2944337819,,0,,0,true,,bronze
114-636-529-445-104,A RELAÇÃO ENTRE O TRANSTORNO DO ESPECTRO AUTISTA E A SÍNDROME DO CROMOSSOMO X FRÁGIL,2023-01-09,2023,book chapter,Investigações voltadas para a área da saúde,,Brazilian Journals Editora,,Iara Dayanne Wanderley Maia; Artur Cardoso Dantas Araruna; Gabriel Ramos Formiga Rolim; Renata Braga Rolim Vieira,,,,158,166,Psychology,Municipal Health Plans; Bibliometrics; Health Planning Hemoglobina Glicada; Métodos; Diagnóstico; Diabetes Mellitus PALAVRAS-CHAVE: Trichosporon Spp.; Tricosporonose Invasiva; COVID,,,,https://doi.org/10.35587/brj.ed.0002010 http://doi.org/10.35587/brj.ed.0002010,http://dx.doi.org/10.35587/brj.ed.0002010,,10.35587/brj.ed.0002010,,,0,,0,true,,bronze
115-411-768-466-294,PROCESSOS DE IMAGINAÇÃO/CRIAÇÃO MEDIADOS PELA LINGUAGEM DE COMPUTAÇÃO NUMA PERSPECTIVA INCLUSIVA,2020-04-30,2020,journal article,Revista Docência e Cibercultura,25949004,Universidade do Estado do Rio de Janeiro,,Mariana Corrêa Pitanga de Oliveira,"As marcas do humano conduziram esse trabalho sobre imaginacao e criacao. Assim, este estudo tem por objetivo analisar os processos de colaboracao/interacao mediados pela linguagem de computacao para a aprendizagem e o desenvolvimento dos processos psicologicos superiores de sujeitos da Educacao Especial; sobretudo a relacao entre imaginacao e criacao no processo de construcao colaborativa de um jogo digital. Em termos teorico-metodologicos, seguimos os pressupostos da pesquisa com abordagem historico-cultural. Essa investigacao esteve articulada ao projeto de pesquisa interdisciplinar (Educacao e Ciencia da Computacao) - Computacao para Todos. Para fins desse trabalho, foram analisados os dados coletados de tres (3) criancas publico-alvo da Educacao Especial (deficiencia intelectual, autismo e altas habilidades/superdotacao) durante as aulas de linguagem de programacao com uso do Python, realizadas no Instituto Multidisciplinar (IM) da Universidade Federal Rural do Rio de Janeiro. Na pesquisa de campo, empregou-se como procedimentos de coleta de dados: a observacao participante com registros em diario de campo; aplicacao de roteiro de observacao sistematizado para acompanhamento das atividades e analise das filmagens. Nessa direcao, questionou-se qual o papel da inclusao digital frente os desafios da Educacao na contemporaneidade? Apos a apresentacao de dados que ressaltaram a elaboracao do conhecimento com uso da linguagem de computacao por meio da imaginacao e da criacao colaborativa, destacam-se os seguintes resultados: 1) o carater criativo da linguagem de computacao afetou significativamente a aprendizagem por meio da imaginacao e; 2) as cooperacoes dialogicas entre as criancas afetaram suas vivencias, entrelacadas a marcas de aprendizagem e indicios de desenvolvimento.",4,1,121,141,,Inclusive Education; Programming Languages; Higher pyschological processes; Imagination and creation,,,,https://www.e-publicacoes.uerj.br/index.php/re-doc/article/download/49525/33261 https://www.e-publicacoes.uerj.br/index.php/re-doc/article/view/49525,http://dx.doi.org/10.12957/redoc.2020.49525,,10.12957/redoc.2020.49525,3021320992,,0,,0,true,cc-by-nc,gold
115-484-312-044-154,Evaluación psicopedagógica,2020-01-06,2020,journal article,Pensando Psicología,23823984; 19003099,Universidad Cooperativa de Colombia- UCC,,Nathaly Berrío García; Ciro Ernesto Redondo Mendoza; Wilber Arduai Mejía Toro,"<jats:p>Introducción: La evaluación psicopedagógica es un proceso de recolección, análisis e interpretación de datos, con el fin de elaborar modelos explicativos del fenómeno de enseñanza y aprendizaje, con base en el principio de que los sujetos que se encuentran inmersos en los procesos académicos tienen condiciones singulares, con historias personales, familiares y escolares particulares.&#x0D;; Metodología: Se realizó una revisión sistemática sobre evaluación psicopedagógica. Los criterios de búsqueda y selección fueron: artículos arbitrados en inglés y español, publicados entre 2010 y 2018, en las bases de datos EBSCO, Dialnet Plus, ProQuest (Ciencias Sociales y Psicología), Redalyc, Jstor y Scielo, y que fueran investigaciones cualitativas.&#x0D;; Instrumentos: Para evaluar la calidad metodológica de las investigaciones compiladas se empleó el “Framework For Assessing Qualitative Evaluations” del National Centre for Social Research, validado por dos expertas investigadoras.&#x0D;; Resultados: Se revisaron 22 estudios que cumplieron con los criterios de calidad. Las investigaciones fueron en su mayoría desarrolladas en España, y se encontró que los temas comunmente asociados con la evaluación psicopedagógica son el aprendizaje y sus dificultades, evaluación en el aula, necesidades educativas especiales, discapacidad intelectual o altas capacidades intelectuales, diseño de programas de intervención, orientación escolar o educativa, educación inclusiva, diagnóstico, procesos cognitivos o funciones cognitivas, participación familiar, fracaso escolar, interdisciplinariedad. Entre los instrumentos de recolección de la información empleados se destacan las matrices bibliográficas para las investigaciones documentales, las entrevistas (estructuradas y semi estructuradas) y algunas baterías estandarizadas.&#x0D;; Conclusión: A pesar de que se evidencia una curva de crecimiento en el interés científico y profesional sobre la evaluación en psicopedagogía, el hecho de que en el mundo hispano hablante, el líder sea España, demuestra que es imperioso ahondar en el tema, en América Latina, toda vez que son contextos y necesidades diferentes. Es relevante entonces asumir el reto de proponer investigaciones que permitan comprender lo psicopedagógico desde todos sus diseños y paradigmas investigativos, en el contexto latinoamericano.</jats:p>",15,26,1,32,Humanities; Special educational needs; Sociology; Psychology; Philosophy; Special education; Pedagogy,aprendizaje; enseñanza; escuela; evaluación psicopedagógica; orientación y revisión sistemática learning; teaching; school; psychopedagogical evaluation; systematic guidance and review aprendizagem; ensino; escola; avaliação psicopedagógica; orientação e revisão sistemática,,,,https://revistas.ucc.edu.co/index.php/pe/article/download/3122/2793 https://doi.org/10.16925/2382-3984.2019.02.01 https://core.ac.uk/download/pdf/327131023.pdf,http://dx.doi.org/10.16925/2382-3984.2019.02.01,,10.16925/2382-3984.2019.02.01,,,0,,2,true,cc-by,gold
116-292-347-068-244,"\""Essa música me faz lembrar...\"" A \'consciência linguística\' que emerge da música: idosos com Alzheimer no Brasil e em Portugal",2021-04-29,2021,dissertation,,,"Universidade de Sao Paulo, Agencia USP de Gestao da Informacao Academica (AGUIA)",,Mônica Maria Soares Santos,"Esta tese aborda a Conscincia Lingustica em idosos com Doena de Alzheimer (DA) no Brasil e em Portugal, submetidos audio musical. Nesses pases, foi constatada a tendncia ao crescimento do nmero de pessoas idosas e da demncia, apesar do inusitado e impactante transtorno epidemiolgico mundial deste sculo vinte e um, causado pelo vrus Sars-Cov-2 na populao acima de sessenta anos. O envelhecimento um processo natural, cultural e social,",,,,,Psychology; Elderly people; Gerontology; Humanities; Medicine; Philosophy,Alzheimer's; Language; Music; Oxytocin; Linguistic Awareness,,,,http://www.teses.usp.br/teses/disponiveis/8/8142/tde-20072022-151942/publico/2021_MonicaMariaSoaresSantos_VOrig.pdf https://doi.org/10.11606/t.8.2021.tde-20072022-151942,http://dx.doi.org/10.11606/t.8.2021.tde-20072022-151942,,10.11606/t.8.2021.tde-20072022-151942,,,0,,1,true,,gold
116-504-798-510-304,"Atendiendo las necesidades de estudiantes talentosos con trastornos del espectro autismo: Aproximaciones diagnósticas, terapéuticas y psicoeducativas",2010-09-02,2010,journal article,Psicoperspectivas,07186924; 07177798,Pontificia Universidad Catolica de Valparaiso,Chile,Megan Foley-Nicpon; Susan G. Assouline,"Los estudiantes dotados y talentosos que son diagnosticados con trastorno del espectro autista (TEA) tienen multiples necesidades. Sus perfiles academicos y cognitivos son gene- ralmente muy diferentes a los de su desarrollo social, a sus perfiles de comunicacion, de comportamiento y de funcionamiento adaptativo, lo que puede ser un desafio para los profesores y profesionales que trabajan con esta poblacion de estudiantes. El proposito de este articulo es resumir los actuales planteamientos diagnosticos, terapeuticos y edu- cativos basados en la evidencia empirica, para trabajar con estudiantes dotados con TEA. Las intervenciones terapeuticas que parecen mas prometedoras para los estudiantes con TEA incluyen intervenciones cognitivo-conductuales, a pesar de que la revision de su eficacia en estudiantes dotados con TEA es inexistente. Las intervenciones psicoeducati- vas efectivas adoptan un enfoque multi-nivel, donde se programa en base a las fortale- zas cognitivas y academicas, al mismo tiempo que se considera la constelacion de dificul- tades de la persona a nivel comunicacional, social, y conductual.",9,2,202,223,,PALABRAS CLAVE autism spectrum disorder; gifted students; twice-exceptional; Asperger Syndrome autism spectrum disorder; gifted students; twice-exceptional; Asperger Syndrome,,,,https://www.scielo.cl/pdf/psicop/v9n2/art10.pdf http://riberdis.cedd.net/bitstream/11181/3533/1/atendiendo_necesidades_estudiantes_talentosos_trastornos_espectro_autismo.pdf https://scielo.conicyt.cl/scielo.php?script=sci_arttext&pid=S0718-69242010000200010 https://scielo.conicyt.cl/pdf/psicop/v9n2/art10.pdf http://www.scielo.cl/scielo.php?script=sci_arttext&pid=S0718-69242010000200010 http://riberdis.cedd.net/handle/11181/3533 https://dialnet.unirioja.es/servlet/articulo?codigo=3664413 https://biblat.unam.mx/en/revista/psicoperspectivas-valparaiso/articulo/atendiendo-a-las-necesidades-de-estudiantes-talentosos-con-trastornos-del-espectro-de-autismo-aproximaciones-diagnosticas-terapeuticas-y-psicoeducativas https://www.redalyc.org/articulo.oa?id=171015625010 https://www.andeangeology.cl/index.php/psicoperspectivas/article/view/87/148 https://www.psicoperspectivas.cl/index.php/psicoperspectivas/article/view/87/117,http://dx.doi.org/10.5027/psicoperspectivas-vol9-issue2-fulltext-87,,10.5027/psicoperspectivas-vol9-issue2-fulltext-87,2038541023,,0,000-211-123-225-825; 002-869-741-434-775; 003-088-410-999-194; 005-139-263-811-189; 005-966-604-374-87X; 006-090-608-801-43X; 009-955-948-143-284; 010-093-906-986-725; 010-509-915-495-879; 014-186-722-356-874; 025-243-738-769-750; 027-372-124-161-592; 028-967-065-556-162; 030-250-744-376-60X; 033-981-433-364-650; 037-898-144-864-243; 041-605-081-691-594; 050-426-877-693-379; 051-125-267-177-702; 052-335-408-534-155; 052-876-162-064-684; 053-577-179-719-84X; 069-434-949-682-872; 074-058-351-929-345; 086-316-010-462-323; 099-558-093-026-626; 106-933-589-650-899; 107-283-203-574-673; 112-228-146-971-443; 126-067-730-967-244; 130-604-893-517-841; 140-109-483-169-72X; 147-310-017-421-317; 158-080-022-816-530; 198-213-171-705-276,3,true,cc-by,gold
116-647-569-443-927,"GRANDES EMPREENDIMENTOS HIDRELÉTRICOS NA AMAZÔNIA: ESTUDO DO DINAMISMO ESPACIAL DA ORLA DA CIDADE DE FERREIRA GOMES, AMAPÁ, BRASIL",2022-06-17,2022,book chapter,Temas emergentes voltados para as ciências sociais,,Brazilian Journals Editora,,Jacy Soares Corrêa Neto; Valmor Cerqueira Pazos; Lenildo Santos da Silva; José Marcelo Martins Medeiros; Marta Adriana Bustos Romero,"Autores O conteúdo dos livros e seus dados em sua forma, correção e confiabilidade são de responsabilidade exclusiva dos autores. Permitido o download da obra e o compartilhamento desde que sejam atribuídos créditos aos autores, mas sem a possibilidade de alterá-la de nenhuma forma ou utilizá-la para fins comerciais.",,,444,463,Geography,Political Marketing; Political advertising; Speech analysis; Campaign and Government Antidiscriminação; Dignidade; Direitos Humanos; Gênero; Linguagem Neutra; Linguagem Inclusiva; LGBTQIA+ Anti-discrimination; Dignity; Gender; Human Rights; Inclusive Language; Neutral language; LGBT PALAVRAS-CHAVE: Estudantes de Medicina; Liga acadêmica; Motivação; Vida acadêmica Covid-19; Bibliometria; Pandemia Covid-19; Bibliometrics; Pandemic. co-citação VoIP UEMA; VoIP University; SIP; Asterisk; Web Service Segregation; Mobility; Indicators; Influence PALAVRAS-CHAVE: Segregação; Mobilidade; Indicadores; Influência,,,,https://doi.org/10.35587/brj.ed.0001601 http://doi.org/10.35587/brj.ed.0001601,http://dx.doi.org/10.35587/brj.ed.0001601,,10.35587/brj.ed.0001601,,,0,,0,true,,bronze
117-080-736-238-878,La Atención a la Diversidad Funcional en Educación Primaria,2020-12-15,2020,journal article,"REICE. Revista Iberoamericana sobre Calidad, Eficacia y Cambio en Educación",16964713,Servicio de Publicaciones de la Universidad Autonoma de Madrid,,Virginia Fuentes Gutiérrez; Marta García-Domingo; Patricia Amezcua Aguilar; Teresa Amezcua Aguilar,"Despite the multiple studies that confirm the relevance of placing value on classrooms diversity through strategies oriented to inclusive education, we still find evident manifestations of school segregation. This study, using the Focus Group technique, identifies supports and obstacles in the field of primary education, that are perceived by educational team. For this, issues related to social imaginary of diversity, attitudes, demands, myths, prejudices and limitations, both internal and external, among others, are analysed. The tendency to link the concept of diversity to functional diversity stands out (which marks the rest of the analysis of the reality of this study), the difficulty of adapting heterogeneity in learning rhythms to the homogenization of academic results required, the preponderance of formal content over cross-cutting and a bureaucracy that encourages formal curricular adaptations. In the educational community, they identify situations of rejection and discriminatory attitudes transmitted by the relatives of norm-typical students regarding functional diversity and an insufficient implication in the consolidation of inclusive school spaces in a considerable percentage of the teaching staff. Therefore, it is necessary to place value on diversity and on the benefits of inclusion for society as a whole.",19,1,105,122,Primary education; The Imaginary; Inclusion (education); Psychology; Relevance (law); Value (ethics); Diversity (business); Bureaucracy; Focus group; Social psychology,,,,,https://revistas.uam.es/reice/article/view/reice2021_19_1_006 https://revistas.uam.es/reice/article/download/reice2021_19_1_006/12497 https://revistas.uam.es/reice/article/view/12644/12498 https://dialnet.unirioja.es/servlet/articulo?codigo=7744499 https://dialnet.unirioja.es/descarga/articulo/7744499.pdf,http://dx.doi.org/10.15366/reice2021.19.1.006,,10.15366/reice2021.19.1.006,3093115451,,0,000-000-558-601-64X; 002-011-815-077-727; 003-266-766-563-69X; 008-853-282-947-054; 019-612-953-417-460; 024-224-514-358-856; 028-069-260-486-679; 029-270-986-463-32X; 029-360-576-764-508; 031-856-902-327-831; 060-086-136-860-883; 064-018-112-410-897; 065-983-491-098-493; 071-900-347-013-492; 081-325-432-474-706; 106-602-896-788-947; 115-995-500-597-914; 131-027-972-875-240; 139-566-683-898-992; 150-130-384-156-949; 170-339-379-171-178; 176-819-612-146-86X; 182-522-798-097-639,15,true,cc-by-nc-nd,gold
117-142-881-621-866,Innovación y emprendimiento al servicio de las audiencias,2017-11-27,2017,book,Zenodo (CERN European Organization for Nuclear Research),,,,Ainara Larrondo-Ureta; Koldobika Meso-Ayerdi; Simón Peña-Fernández,Actas del IX Congreso Internacional de Ciberperiodismo y Web 2.0,,,,,Political science,Plataforma  multimedia  blogs  participación Platform  multimedia  blogs  participation Blogs educativos  competencias genéricas  EEES  Vuélcate  Periodismo Educational blogs  generic competences  EHEA  Vuélcate blog  Journalism Periodismo Especializado; OP PCA: Opinión Pública; FOTOP: Fotoperiodismo; P. DIG: Periodismo Digital; P. RAD: Periodismo Radiofónico Blogs educativos  Empleabilidad  EEES  Vuélcate  Periodismo Educational blogs  EHEA  Vuélcate blog  Journalism  Employability Journalism Twitter  Entrepreneurship Discourse analysis  Navarre Control de contenidos  Empoderamiento  Espectador  Ley General de Comunicación Audiovisual  Televisión Surveillance of contents  Empowerment  Viewer  General Law of Audiovisual Communication  Television Digital Journalism  Information Architecture  Webdesign  Parallax Scrolling  Technology Digital narrative  multimedia narrative  immersive journalism  360 degree video  virtual reality Ciberjornalismo  usabilidade  dispositivos móveis  design  visualização de dados Cyberjournalism  usability  mobile devices  design  data visualization Youtubers  YouTube  influencers  redes sociales  moda Specialized cyberjournalism  golf  multimedia  twitter Sensory communication marketing  cyber journalism  brand position  brand retention  music Convergence  Self-referentiality  Political Economy of Journalism  Television journalism  Jornal Nacional Video 360  Virtual Reality  Technology  Audiovisual  Information Television  interactivity  social networks  web pages Startup  media innovation  Politibot  Cuonda  Datadista  Newskid Mobile journalism  cyberjournalism  innovation in education  communication Consumer  multi-screen  television  social networks  advertising Online politics  Basque Contry  web 2.0  publics  dialogue Jornalismo Móvel  funcionalidade  aplicativo  smartphone  tablet Mobile Journalism  functionality  application  smartphone  tablet Video games  journalism  internet  sources  rumors Ciberjornalismo  narrativa longform  ciberjornal  reportagem  universidades Cyberjournalism  longform narrative  ciberjournal  reporting  universities Ciberjornalismo  Whatsapp  Jornalismo  Cibermeios  Ciberjornais Cyberjournalism  Online Journalism  Whatsapp  Online Newspaper  Cybermedia Ethics  Law  Journalism  Courts Keyword: media  digital networks  hypertext  culture and globalization Social networks  Facebook  Online media  Active audiences  Digital journalism Sciencie  Social Network  Television  Dissemination Blog  economía  actualidad  economía doméstica  publicidad Blog  Economy  News  Domestic Economy  Advertising Web 2.0.  Audiences  cultural journalism  digitization  literature Enfermedades raras  Redes Sociales  Internet  Salud- Rare diseases  Social networks  Internet  Health Fake news  post-truth  Internet  Journalism  viral Convergence  Metrics  Audience  Digital Journalism  Innovation,,,,https://zenodo.org/record/3665368,http://dx.doi.org/10.5281/zenodo.3665368,,10.5281/zenodo.3665368,,,0,,0,true,other-oa,green
117-422-332-965-611,Los Predictores Psicosociales del Bullying Discriminatorio Debido al Estigma Ligado a las Necesidades Educativas Especiales (NEE) y la Discapacidad,2021-05-11,2021,journal article,Psicología Educativa,1135755x; 21740526,Colegio Oficial de Psicologos de Madrid,Spain,Antonio J. Rodríguez-Hidalgo; Anabel Alcívar Pincay; Ana María Payán; Mauricio Herrera-López; Rosario Ortega-Ruiz,"espanolEl bullying discriminatorio a causa de las diferencias en las necesidades educativas especiales o discapacidad amenaza el desarrollo saludable de los adolescentes. El estudio pretende conocer si la autoestima, la empatia y las habilidades sociales son predictoras de este bullying discriminatorio (agresion y victimizacion). Una muestra de 1,640 adolescentes de 11 a 20 anos, 820 de Espana (48.8% hombres y 51.2% mujeres) y 820 de Ecuador (49.3% hombres y 50.7% mujeres), participaron cumplimentando una bateria de cuestionarios de autoinforme. Los resultados de los modelos de ecuaciones estructurales muestran que en ambos paises la autoconfianza predice negativamente la victimizacion y la agresion y el autodesprecio positivamente; la asertividad es un predictor positivo de la agresion y negativo de la victimizacion. Se observan diferencias entre ambos paises en el papel de las habilidades sociales (comunicativas y de resolucion de conflictos) y de la empatia. Se discuten los resultados en relacion con la naturaleza de este bullying discriminatorio y los programas educativos preventivos EnglishDiscriminatory bullying based on differences in special educational needs or disability threatens the healthy development of adolescents. The study aims to find out whether self-esteem, empathy, and social skills are predictors of this discriminatory bullying (aggression and victimization). A sample of 1,640 adolescents aged 11 to 20, of which half are from Spain (48.8% male and 51.2% female) and half from Ecuador (49.3% men and 50.7% women), participated in the study by completing a battery of self-report questionnaires. The results of the structural equation models show that in both countries victimization and aggression are predicted negatively by self-confidence and positively by self-deprecation; assertiveness is a positive predictor of aggression and a negative predictor of victimization. Differences are observed between the two countries in the role of social skills (communication and conflict resolution) and empathy. These results are discussed in relation to the nature of this discriminatory bullying and preventive educational programs.",27,2,187,197,Humanities; Psychology; Special educational needs,,,,,https://journals.copmadrid.org/psed/art/psed2020a22#resumen https://www.redalyc.org/journal/6137/613766889009/html/ https://dialnet.unirioja.es/servlet/articulo?codigo=8021305 http://redined.mecd.gob.es/xmlui/handle/11162/208623 https://journals.copmadrid.org/psed/archivos/1135_755X_psed_27_2_0187.pdf,http://dx.doi.org/10.5093/psed2020a22,,10.5093/psed2020a22,3125686703,,0,003-151-936-894-986; 006-454-126-499-180; 006-747-706-994-814; 006-867-670-055-554; 007-987-809-017-281; 009-636-042-234-616; 010-220-487-078-480; 012-985-882-822-158; 015-444-742-938-869; 016-021-672-039-148; 016-700-552-620-362; 016-957-458-996-818; 017-398-436-087-62X; 017-935-865-059-855; 018-491-989-799-97X; 019-416-111-502-871; 019-941-242-184-08X; 019-947-481-727-720; 023-230-431-075-089; 023-258-174-207-320; 024-116-436-142-188; 024-141-088-659-045; 025-506-156-143-805; 025-656-782-323-452; 026-551-414-046-661; 027-537-983-442-897; 027-654-318-597-12X; 028-858-714-096-379; 029-039-973-124-888; 029-557-430-193-668; 029-566-872-409-846; 030-138-915-795-842; 031-674-149-645-591; 032-915-151-742-447; 033-098-799-174-568; 034-987-747-810-514; 035-018-844-492-38X; 037-965-220-532-740; 040-219-271-272-997; 041-707-568-530-749; 042-395-011-791-665; 042-490-571-504-375; 043-329-375-923-201; 044-670-211-799-887; 046-228-633-028-530; 047-194-848-960-089; 047-226-561-367-054; 047-991-932-300-181; 048-134-757-318-674; 049-092-450-985-214; 053-650-847-072-761; 058-762-608-119-989; 059-980-357-039-280; 060-449-364-683-487; 062-296-556-278-927; 066-927-185-967-144; 067-210-877-480-634; 067-616-774-839-333; 067-988-642-001-931; 068-095-500-690-856; 069-409-276-995-211; 077-672-780-264-299; 079-344-265-774-323; 079-902-209-550-230; 080-426-773-629-08X; 081-001-206-166-579; 091-216-032-796-749; 092-042-772-734-85X; 095-917-619-260-940; 102-054-430-868-443; 103-962-274-315-838; 119-161-618-819-10X; 119-889-609-545-014; 126-546-659-403-806; 126-771-630-833-643; 127-514-437-898-436; 136-291-733-738-796; 141-668-885-724-80X; 151-039-436-371-827; 155-250-808-656-305; 161-103-613-804-600; 170-289-574-559-511; 187-193-500-007-571; 189-604-581-473-908,15,true,cc-by-nc-nd,gold
118-740-456-255-654,Atuação dos professores de Atendimento Educacional Especializado junto aos estudantes com deficiência durante a pandemia do COVID-19,2021-07-27,2021,journal article,Revista Educação Especial,1984686x,Universidade Federal de Santa Maria,,Fernanda Matrigani Mercado Gutierres de Queiroz; Márcia Helena da Silva Melo,"Inclusive education welcomes diversity at school and the actions of the Teacher of Specialized Educational Assistance (SEA) are important for the effective inclusion of students targeting Special Education, who are those with disabilities, global development disorders or high skills / giftedness. In 2020, schools needed to suspend face-to-face classes due to the COVID-19 pandemic. This research was proposed with the objective of analyzing the performance of SEA teachers with students with disabilities in Basic Education during the period of social isolation imposed by the pandemic of COVID-19. This study consists of a descriptive, quantitative and qualitative research developed through the application of a virtual questionnaire with the Teachers of AEE. 100 teachers from SEA who worked in Basic Education participated. In the results and discussion of this study, the profile of participating SEA teachers is presented first and then their performance during the period of the pandemic with students and their families, as well as their performance in relation to school demands inherent to the function. Teachers showed concern that students maintained a study routine for their learning, as well as showing sensitivity to the difficulties that many families face in relation to the internet and equipment for online classes. They sought then, viable alternatives in each reality so that this was no longer an aspect of exclusion, in the face of so many obstacles already faced by families in this period. It is recommended to expand research with the participation of the ESA Professor in different regions this country.",34,,,,The Internet; Inclusion (education); Psychology; Qualitative research; Social isolation; Basic education; Diversity (politics); Special education; Medical education; International development,Educação Inclusiva; Atendimento Educacional Especializado; Pandemia Inclusive education; Specialized Educational Assistance; Pandemic,,,,https://periodicos.ufsm.br/educacaoespecial/article/view/64174/pdf https://periodicos.ufsm.br/educacaoespecial/article/download/64174/pdf,http://dx.doi.org/10.5902/1984686x64174,,10.5902/1984686x64174,3185257160,,0,,1,true,cc-by-nc,gold
120-069-330-683-382,9 propuestas de intervención psicosocial,2020-06-26,2020,book,,,Universidad Icesi,,Victoria Hurtado Mina; Valeria Castro Fernández; Yenny Adriana Fernández Montenegro; Ximena Donneys Valencia; Gladys Martínez Ordóñez; Leticia Eliana Oviedo Toscano; Mario Alexander Marín Murillo; Johanna Marcela Delgado Salazar; Martha Isabel Rada Cruz,"www.icesi.edu.co/editorial Teléfono: +57(2) 555 2334 La publicación de este libro se aprobó luego de superar un proceso de evaluación doble ciego por dos pares expertos. El contenido de esta obra no compromete el pensamiento institucional de la Universidad Icesi ni le genera responsabilidades legales, civiles, penales o de cualquier otra índole, frente a terceros.",,,,,,,,,,https://repository.icesi.edu.co/biblioteca_digital/handle/10906/86257 https://www.icesi.edu.co/editorial/intervencion-psicosocial,http://dx.doi.org/10.18046/eui/bm.4.2020,,10.18046/eui/bm.4.2020,3040867308,,0,,0,true,cc-by-nc-nd,hybrid
120-487-707-464-991,"Análisis de las relaciones entre inteligencia, aptitudes cognitivas, condición física y gimnasia de alto rendimiento",2005-01-01,2005,dissertation,,,Universidad Politecnica de Madrid - University Library,,Silvia Burgos Postigo,"Parte teórica: En la realizacion de las tareas motrices intervienen las capacidades físicas y cognitivas de los sujetos que las llevan a cabo. La dificultad de las tareas motrices pueden deberse entre otros factores, a los factores cognitivos implicados en la correcta ejecución. Si para la realización de una tarea motriz, el sujeto debe poner de manifiesto ciertas aptitudes cognitivas, esto se debería reflejar en las pruebas o test asociados a dicha aptitud cognitiva. Parte empírica: Se pretende analizar a través de 3 Estudios, las capacidades cognitivas de deportistas. En los estudios 1 y 2 se analizaron las relaciones cognitivas y condición física. En el estudio 3 se analizaron algunas capacidades cognitivas de gimnastas de alto rendimiento. Conclusiones. 1.- Existen relaciones entre inteligencia y condición ffísica. Más intensas en g, Gc y Gv y menos en Gf. 2.- Encontramos mejoras en algunas capacidades cognitivas en gimnastas de alto rendimiento, en concreto, en la aptitud espacial",,,,,Humanities; Psychology; Philosophy,1.2. Variables 8.1.3. Sujetos 8.1.4. Procedimiento 8.2. Resultados 8.2.1. Descriptivos 146 8.2.1.1. Estadísticos descriptivos de las variables 8.2.1.2. Estadísticos descriptivos por sexo sólo del Estudios 8.2.1.3. Estadísticos descriptivos por modalidad sólo del Estudio 3 8.2.2. Diferencias de medias 8.2.2.1. Diferencias de medias de los Estudios 2 y 3.... 8.2.2.2. Diferencias de medias por sexo de los Estudios 2 y 3 153 8.2.2.3. Diferencias de medias por sexo; sólo del Estudio 3 154 8.2.2.4. Diferencias de medias por modalidad; sólo del Estudio 3 155 8.3. Conclusiones 9. Discusión general 160 10. Referencias bibliográficas,,,,https://oa.upm.es/464/1/02200505.pdf https://doi.org/10.20868/upm.thesis.464,http://dx.doi.org/10.20868/upm.thesis.464,,10.20868/upm.thesis.464,,,0,,0,true,cc-by-nc-nd,gold
120-562-946-871-153,El desarrollo de los sentidos en el alumnado con Discapacidad Intelectual,,,dissertation,,,Editorial de la Universidad de Granada,,Inmaculada Martín Pérez,"RESUMEN La conceptualización de las personas con Discapacidad Intelectual precisa de que la sociedad sea consciente de las limitaciones que presenta el colectivo para de este modo, conseguir normalizar. Desde esta perspectiva en donde se comprende y se acepta, se impulsa la integración social de los mismos. Debemos creer en sus posibilidades y capacidades, confiar en ellos, únicamente de este modo contribuimos a que su desarrollo sea factible, y, a la vez, estamos otorgando los derechos y deberes que les corresponden. Este Proyecto de Intervención, es un trabajo que pretende introducir por medio de la utilización de los sentidos (oído, olfato, gusto, vista y tacto) a las personas que poseen discapacidad intelectual mediante las sensaciones y percepciones dentro de la sociedad a la que pertenecen. Lo que trata el mismo, es de ofrecer una labor social donde se reivindiquen los derechos de este colectivo, cuyo principal objetivo es la inclusión social. Este Proyecto de Intervención tiene la duración de todo un curso escolar, en el que prima el trabajo en equipo y el diálogo. En modo de síntesis se exponen las reflexiones a las que he llegado y las posibles propuestas de mejora.",,,,,,discapacidad intelectual; sentidos; aula multisensorial; inclusión Intellectual Disability; senses; multisensory classroom; inclusion,,,,https://digibug.ugr.es/handle/10481/64824,http://dx.doi.org/10.30827/digibug.64824,,10.30827/digibug.64824,3131184226,,0,,0,true,cc-by-nc-nd,green
121-794-309-585-188,Creencias del profesorado de matemáticas sobre las necesidades educativas de alumnado con TEA o Altas capacidades,2025-06-30,2025,journal article,Revista de Educación Inclusiva,19894643; 18894208,Revista de Educación Inclusiva,,PAULA LOPEZ-SERENTILL,"<jats:p>Es fundamental que los docentes estén debidamente preparados para atender las necesidades de todos sus estudiantes; sin embargo, muchos docentes movilizan creencias sobre las características de este alumnado y cómo abordar la enseñanza que pueden obstaculizar el apoyo a estudiantes con necesidades educativas especiales. Desde esta perspectiva, el objetivo de este estudio es analizar las creencias de 68 docentes de educación infantil y primaria sobre las características del alumnado con autismo o altas capacidades y sobre las medidas para atenderlos debidamente en el aula de matemáticas. De acuerdo con el propósito de la investigación, se ha diseñado un estudio de carácter exploratorio-descriptivo. Los resultados muestran, por un lado, que los docentes manifiestan creencias que pueden dificultar la atención educativa adecuada de estos estudiantes en la educación primaria y en particular, en el aula de matemáticas; por otro lado, se observa un mayor desconocimiento sobre las características del alumnado con altas capacidades y una peor atención de este alumnado en el aula de matemáticas. </jats:p>",18,1,63,48,Humanities; Philosophy,,,,,https://revistaeducacioninclusiva.es/index.php/REI/article/download/1043/1377 https://doi.org/10.63122/9q7j6s41,http://dx.doi.org/10.63122/9q7j6s41,,10.63122/9q7j6s41,,,0,,0,true,cc-by,gold
121-946-162-350-439,El colegio de Santa Joaquina de Vedruna de Sevilla (1880-2017),2017-05-01,2017,journal article,Isidorianum,26607743; 11317027,Facultad de Teologia San Isidoro de Sevilla,,Manuel Martín Riego,"espanolEn este trabajo de investigacion ofrecemos un estudio pormenorizado del colegio de Santa Joaquina de Vedruna de Sevilla, de la Fundacion Vedruna, desde su creacion en 1880 -entonces con el nombre de San Joaquin en la calle Bustos Tavera- hasta el dia de hoy en el barrio de Nervion. En primer lugar, analizamos el fenomeno de las nuevas congregaciones religiosas femeninas en el siglo XIX y su instalacion en Espana y Andalucia. En un segundo momento, nos acercamos a la presencia de las Carmelitas de la Caridad en Andalucia para terminar con el estudio del colegio Santa Joaquina de Vedruna. EnglishIn this paper we offered a detailed study of the Sevillian school named ""Santa Joaquina de Vedruna"", from the Vedruna foundation, ranging since its emerging in 1880 -named as ""San Joaquin"" school in Bustos Tavera street- until nowadays in Nervion city district. We firstly analyse the case of new female religious congregations in the 19th Century and its settlement in Spain and Andalucia. Secondly, we will approach to the presence of the congregation named ""Carmelitas de la Caridad"" in Andalucia and we will finish with the study of the school named ""Santa Joaquina de Vedruna"".",26,51,363,410,,,,,,https://philpapers.org/rec/MARECD-24 https://dialnet.unirioja.es/servlet/articulo?codigo=6306224 https://dialnet.unirioja.es/descarga/articulo/6306224.pdf,http://dx.doi.org/10.46543/isid.1726.1016,,10.46543/isid.1726.1016,2888355022,,0,019-770-762-503-044; 022-537-695-219-605; 135-830-127-311-681; 151-048-702-370-806,0,true,cc-by-nc-nd,gold
122-047-256-610-315,RETORNOS PERIÓDICOS EM PORTADORES DE PRÓTESES PARCIAIS FIXAS EM DENTES NATURAIS E IMPLANTES ÓSSEO INTEGRADOS,2023-01-09,2023,book chapter,Investigações voltadas para a área da saúde,,Brazilian Journals Editora,,Stefan Fiuza de Carvalho Dekon,"a adoo da abordagem bibliomtrica.Juntamente,",,,33,39,Physics,Municipal Health Plans; Bibliometrics; Health Planning Hemoglobina Glicada; Métodos; Diagnóstico; Diabetes Mellitus PALAVRAS-CHAVE: Trichosporon Spp.; Tricosporonose Invasiva; COVID,,,,https://doi.org/10.35587/brj.ed.0002001 http://doi.org/10.35587/brj.ed.0002001,http://dx.doi.org/10.35587/brj.ed.0002001,,10.35587/brj.ed.0002001,,,0,,0,true,cc-by-nc-sa,hybrid
122-249-430-448-428,FORTALEZAS DENTRO DOS PROCESOS DE MUNDIALIZACIÓN TÉXTIL E RELACIÓN COA RSE A TRAVÉS DUNHA ANÁLISE DELPHI: ÉTICA OU ESTÉTICA,2016-10-12,2016,journal article,Revista Galega de Economía,22555951; 11322799,Universidad de Santiago de Compostela,Spain,Arturo Luque González; Juan Hernández Zubizarret; Carmen de Pablos Heredero,"O obxectivo desta investigacion e analizar de maneira cualitativa os factores e condicionantes que fan posible, facilitan e fortalecen a articulacion do sistema de producion textil a nivel global xerando con isto inmensas posibilidades, moitas delas latentes. Partese da necesidade de analizar a transversalidade de factores que se requiren para poder fabricar pezas textiles a grande escala. Son necesarios altos niveis de innovacion e unha gran capacidade comercial. Recurriuse a diferentes expertos (55) para conecer a sua vision a traves dunha analise Delphi e posterior diseccion analizando as suas fortalezas, estudando as respostas dos dous paneis de expertos por medio dos cuestionarios multidisciplinares con preguntas a desenvolver sobre as hipoteses formuladas.",25,1,5,22,,Corporate social responsibility; transnational companies; corruption; legislation; Globalization,,,,https://dialnet.unirioja.es/servlet/articulo?codigo=5733764 https://revistas.usc.gal/index.php/rge/article/view/3655 https://www.usc.es/revistas/index.php/rge/article/download/3655/3780 http://www.usc.es/revistas/index.php/rge/article/view/3655/3780 https://revistas.usc.gal/index.php/rge/article/download/3655/3780 https://dialnet.unirioja.es/descarga/articulo/5733764.pdf,http://dx.doi.org/10.15304/rge.25.1.3655,,10.15304/rge.25.1.3655,2553545852,,0,001-939-490-522-037; 005-464-789-384-299; 014-840-162-106-829; 021-321-543-389-059; 022-480-761-697-804; 028-217-290-010-059; 029-254-296-144-321; 029-569-712-462-027; 083-071-947-502-724; 109-705-181-693-072; 110-823-133-909-767; 111-054-003-600-844; 119-324-220-287-223; 125-635-059-147-413; 132-507-045-191-648; 136-884-974-867-189; 140-505-540-638-305; 152-112-264-376-342; 160-043-486-954-340; 197-102-403-005-124,0,true,cc-by-nc-nd,gold
122-271-922-516-571,Los sistemas agroforestales en Chile.,,2016,book,,,INFOR,,A. Sotomayor; S. Barros,"<jats:p>En el presente libro se exponen diversas experiencias con sistemas agroforestales en el país, como la utilización del tamarugo y algarrobo para obtención de frutos y follajes para alimentación animal, el uso de especies forrajeras como Atriplex spp. y de uso múltiple como Acacia saligna, de las estepas de Acacia caven con fines forrajeros y producción de leña, en la zona norte; se muestran resultados de la utilización de pino radiata y otras especies como nogal, castaño, pino piñonero y otras, en sistemas silvopastorales en la zona central y centro sur; y sistemas combinados con pino ponderosa o con formaciones nativas de lenga, ñirre y radal, en la Patagonia donde el frío y el viento hacen muy convenientes los sistemas silvopastorales y la incorporación de cortinas cortavientos, por el abrigo que proporcionan al ganado.; ; ; ; El libro presenta además, experiencias de uso no tradicional de los bosques, mediante la recolección y aprovechamiento de productos forestales no madereros (PFNM), ya utilizados por los primeros habitantes de Chile como parte de su dieta alimenticia, y se destacan otros efectos positivos de los sistemas agroforestales, como aquellos relacionados con el ambiente, que se expresan en captura de carbono y protección de suelos y aguas, sobre los cuales se presentan también experiencias y resultados</jats:p>",,,,,Geography,,,,,http://bosques.ciren.cl/handle/123456789/26382 https://simef.minagri.gob.cl/bibliotecadigital/handle/123456789/16676 https://bibliotecadigital.infor.cl/handle/20.500.12220/21189 http://bibliotecadigital.ciren.cl/handle/123456789/26382 https://bibliotecadigital.infor.cl/bitstream/20.500.12220/21189/1/31722-2.pdf https://biblioteca.inia.cl/handle/123456789/62412,http://dx.doi.org/10.52904/20.500.12220/21189,,10.52904/20.500.12220/21189,2613630748,,0,,1,true,cc-by-nc-nd,hybrid
122-727-370-030-057,"La inclusión educativa en números Zona 5: Bolívar, Guayas, Los Ríos y Santa Elena",2019-10-01,2019,book,,,Casa Editora Universidad del Azuay,,María Lorena Córdova González; Carolina Pozo-Prohens; Juana Catalina Tinoco Alvear,"<jats:p>El desarrollo del proyecto, en gran medida, se posibilitó gracias al convenio de cooperación establecido entre la Universidad del Azuay y la Secretaría Técnica de Discapacidades del Ecuador, SETEDIS, organismo que, entre otras acciones facilitó la colaboración del Ministerio de Educación, y posibilitó el desarrollo de las actividades planificadas tanto a nivel local como nacional.  La investigación fue realizada en el marco de la primera Maestría de Educación Básica Inclusiva, e involucró a los 26 maestrantes a través del desarrollo de sus respectivas tesis de grado, así como a 11 profesores del programa. Este selecto grupo laboró con gran entusiasmo y compromiso social por el lapso aproximado de 9 meses y se desplazó, en estricto cumplimiento de los objetivos trazados, a diferentes zonas de la geografía patria. 186 páginas ISBN: 978-9942-822-05-5 e-ISBN: 978-9942-822-14-7</jats:p>",,,,,Humanities; Philosophy; Art,,,,,https://publicaciones.uazuay.edu.ec/index.php/ceuazuay/catalog/download/62/57/1181 http://dx.doi.org/10.33324/ceuazuay.62,http://dx.doi.org/10.33324/ceuazuay.62,,10.33324/ceuazuay.62,,,0,,0,true,cc-by-nc,gold
122-899-689-414-934,Necesidades de formación de maestros de infantil y primaria en atención a la diversidad,2016-03-03,2016,journal article,Bordón. Revista de Pedagogía,23406577; 02105934,Sociedad Espanola de Pedagogia,Spain,Javier Cejudo; María Victoria Díaz; Lidia Losada; Juan Carlos Pérez-González,"INTRODUCCION. En este estudio se investiga la opinion del profesorado sobre la importancia que concede a la formacion docente en atencion a la diversidad y sobre el grado en el que desearia contar con una mejor formacion en atencion a la diversidad. METODO. Se cuenta con una muestra incidental de 181 docentes de educacion infantil y primaria (44 son hombres y 137 mujeres) con una edad media de 38,78 (DT= 8.97). Mediante una escala disenada ad hoc (ENFAD) se evaluo, por un lado, la importancia concedida a diferentes temas de formacion sobre atencion a la diversidad, y, por otro, el grado de necesidad de formacion percibida sobre cada uno de estos temas. Tambien se evaluo el nivel de inteligencia emocional (IE) del profesorado mediante el cuestionario TEIQue-SF. RESULTADOS. Los docentes consideraron de alta importancia todos los temas de formacion en atencion a la diversidad y reconocieron una moderada necesidad de formacion en los mismos. Los docentes de primaria expresaron mayores valoraciones en necesidades de formacion que los docentes de infantil. Los docentes con alta IE mostraron un mayor reconocimiento de la importancia de la formacion en atencion a la diversidad que sus colegas con niveles bajos de IE. DISCUSION. Este estudio replica parcialmente otros previos con muestra a nivel nacional, al tiempo que extiende la investigacion al explorar por primera vez las relaciones entre la IE del profesorado y su valoracion de la importancia de la formacion en atencion a la diversidad y de sus necesidades de formacion al respecto.",68,3,23,39,,Teacher education; Level of education; Training need; Differentiation; Differentiated teaching; Individual characteristics,,,,https://ruidera.uclm.es/xmlui/handle/10578/8828 https://dialnet.unirioja.es/servlet/articulo?codigo=5546259 https://dialnet.unirioja.es/descarga/articulo/5546259.pdf,http://dx.doi.org/10.13042/bordon.2016.68402,,10.13042/bordon.2016.68402,2319212956,,0,,16,true,cc-by-nc-nd,green
123-661-334-564-534,"Fortaleza (CE) vai continuar andando para o leste: suburbanização, ideologia e cotidiano",,,dissertation,,,"Universidade de Sao Paulo, Agencia USP de Gestao da Informacao Academica (AGUIA)",,Francisco Clébio Rodrigues Lopes,"Aos amigos de Fortaleza (CE), Regiane, Débora, Ana Lúcia, Valdeci e Ailton pela grande ajuda nos trabalhos de campo e por tantos momentos maravilhosos que passamos juntos. Aos Professores José Borzacchiello e Clélia Lustosa do Departamento de Geografia da Universidade Federal do Ceará que acreditam nas possibilidades do ensino e da superação até mesmo nas condições mais adversas. Às pessoas que me concederam entrevista pela generosidade de interromper as suas atividades cotidianas e compartilhar aquilo que parecia insignificante. Aos funcionários e colegas da Prefeitura Municipal de Fortaleza, Fernanda, Janilson e Karynne pelo apoio na hora de organizar o arquivo de loteamento, pelas conversas e os inúmeros contatos. À Amélia Luisa Damiani por ter me acolhido em São Paulo, pelos encontros saborosos na sua casa e pelo seu prazer de ensinar as coisas da geografia, da filosofia e do mundo.",,,,,,,,,,https://www.teses.usp.br/teses/disponiveis/8/8136/tde-11032013-114603/pt-br.php https://repositorio.usp.br/item/002339659 https://www.teses.usp.br/teses/disponiveis/8/8136/tde-11032013-114603/publico/2012_FranciscoClebioRodriguesLopes_VCorr1.pdf,http://dx.doi.org/10.11606/t.8.2013.tde-11032013-114603,,10.11606/t.8.2013.tde-11032013-114603,1568778031,,0,,0,true,cc-by-nc-sa,gold
125-248-004-661-482,Avaliação do potencial imunomodulador sobre o sistema complemento humano de frações da alga marinha Bostrychia tenella e de extratos de micro-organismos endofíticos associados,,,dissertation,,,"Universidade de Sao Paulo, Agencia USP de Gestao da Informacao Academica (AGUIA)",,Juliana Campos Pereira,"Dedico este trabalho, primeiramente, à minha família: meus pais, Marco e Márcia, minha irmã Paula, minha tia Angela e meu namorado Felipe, pois foram eles que me deram todo apoio e força necessários para seguir em frente e nunca desistir. À minha orientadora, que mais que professora foi minha mãe e amiga, pois partilhou comigo não só seus conhecimentos, mas um pouco de sua vida. Assim como dedico a todos os colegas de laboratório, que sempre me ajudaram e permitiram que tudo isso fosse possível. À Cíntia, nossa aluna de iniciação científica, que foi muito mais que uma colega de trabalho. Além de ter se tornado uma grande amiga, tornou-se meu braço direito e foi a grande responsável por eu ter chegado até o fim. A todos que, de alguma forma, fizeram parte desse trabalho e desse período de minha vida. E, especialmente a Deus, pela força, coragem e por ter sido meu companheiro de todas as horas.",,,,,,immunomodulation; complement system; seaweed; endophytic microorganisms; natural products; Bostrychia tenella,,,,https://www.teses.usp.br/teses/disponiveis/60/60135/tde-10012013-165031/publico/Dissertacao_corrigida_completa.pdf https://www.teses.usp.br/teses/disponiveis/60/60135/tde-10012013-165031/,http://dx.doi.org/10.11606/d.60.2012.tde-10012013-165031,,10.11606/d.60.2012.tde-10012013-165031,1526585954,,0,,0,true,cc-by-nc-sa,gold
125-998-003-938-534,La educación inclusiva en Ecuador. Identificación de características en docentes,2022-04-05,2022,journal article,ConcienciaDigital,26005859,Editorial Ciencia Digital,,Clara Cecilia Guzmán Jordán; Diana del Rocío Valle Gavilanes,"<jats:p>Introducción. Los modelos educativos actuales se caracterizan por ser igualitarios y muy estructurados. El sistema educativo ecuatoriano contempla lineamientos internacionales de inclusión; sin embargo, aún existen docentes que no poseen las habilidades necesarias para manejar escenarios educativos con estudiantes con necesidades educativas especiales. Objetivo. Identificar las características que tienen los docentes de la carrera de Literatura de la Facultad de Filosofía, Letras y Ciencias de la Educación de la Universidad de Guayaquil con relación a la educación inclusiva. Metodología. Se desarrolló una investigación de tipo descriptiva, exploratoria, con diseño de campo, no experimental, asumiendo el enfoque cuantitativo. La población fue de 39 docentes. Para la recolección de datos se usó la técnica de la encuesta, y como instrumento se aplicó un cuestionario, enviado a los participantes mediante Google Forms. Resultados. Se obtuvo que un 43.59% de los docentes opinó que siempre se preocupa por formarse continuamente; un 48.72%; sólo algunas veces escucha a sus estudiantes; un 53.85% investiga las necesidades de sus alumnos; sin embargo, un 48.72% nunca propone acciones individualizadas para el tratamiento de estas necesidades; un 69.23% siempre procura la defensa de la dignidad del ser humano; pero, un 58.97% nunca trabaja la espiritualidad. Conclusión. Las características que poseen los docentes estudiados son: 1. procuran la defensa de la dignidad del ser humano, seguida por el 2. reconocimiento de sus propios defectos o carencias, y en 3. su preocupación por formarse continuamente. De las doce características que debe poseer un docente inclusivo sólo cumplen tres, en consecuencia, se debe diseñar e implementar un plan de formación tal que logre que estos docentes puedan solventar estas falencias.</jats:p>",5,2,69,87,Humanities; Philosophy,inclusive education; inclusion; inclusive teacher; teacher characterization,,,,https://cienciadigital.org/revistacienciadigital2/index.php/ConcienciaDigital/article/download/2131/5236 https://doi.org/10.33262/concienciadigital.v5i2.2131,http://dx.doi.org/10.33262/concienciadigital.v5i2.2131,,10.33262/concienciadigital.v5i2.2131,,,0,,1,true,cc-by,hybrid
127-045-729-732-199,"Quem é o Pichador: Comportamento Desviante, Discurso e Contradição como Ferramentas de Construção de Identidade",,2023,book chapter,Ciências sociais: a sociedade em sua integralidade,,Editora Conhecimento Livre,,João Marcelo Correia Sanches; Celio Aparecido Rosa de Araujo Junior; Greicy Mara França,"Em contrapartida, o processo de mineração de Bitcoin exige uma alta capacidade de processamento dos computadores para realização da criptografia, o que exige um consumo elevado de energia. Segundo Romeiro (2021) para a mineração de um Bitcoin é gerado uma emissão de carbono que pode variar entre 97.034 Kg com o uso de carvão até um mínimo de 462 Kg utilizando energia eólica.. Este aspecto causa preocupações quanto a sustentabilidade e os impactos ambientais decorrentes das criptomoedas. Um exemplo prático do uso do Bitcoin como moeda é o caso de El Salvador. Em setembro de 2021 o país se tornou o primeiro país do mundo a adotar a Criptomoeda como uma moeda oficial. Essa mudança é ainda muito recente, mas aos poucos está tendo efeito na economia do pais. ""Com a introdução do Bitcoin como moeda oficial, o setor de turismo do país cresceu mais de 30%"" (BRAGA, 2023). Desta forma, é possível observar que em alguns setores já é visível um impacto positivo, porém, a adaptação do país a nova moeda pode ser lenta e complexa, ""El Salvador vem passando por um processo de adaptação à nova realidade monetária e tecnológica. Porém, ainda enfrenta desafios como a necessidade de maior educação financeira"" (SILVA, 2023). As dificuldades são ainda maiores quando considerado o caráter inovador da moeda, trazendo incerteza a população usuária. Com isso, foi possível observar os principais aspectos do Bitcoin, desde a sua criação, a tecnologia envolvida no seu funcionamento, suas vantagens e desvantagens. Evidencia-se como principais características do Bitcoin o alto potencial de reserva de valor, a descentralização e a democratização dos serviços bancários.",,,,,Humanities; Philosophy,Jornalismo; Brasil; Formação superior; Informacional; Relacional Complexo Hidrelétrico do Rio Madeira; Rondônia,,,,https://doi.org/10.37423/231108429 http://dx.doi.org/10.37423/231108429,http://dx.doi.org/10.37423/231108429,,10.37423/231108429,,,0,,0,true,,bronze
129-138-817-116-13X,Experiencia formativa sobre el uso de realidad aumentada con estudiantes del grado de Pedagogía,2023-01-04,2023,journal article,"Revista Tecnología, Ciencia y Educación",24442887; 2444250x,CEF. Centro de Estudios Financieros,,Bárbara Fernández Robles; Sandra Martínez-Pérez,"<jats:p>Los nuevos métodos, recursos, roles y funciones en los procesos formativos y de aprendizaje han generado otras maneras de situarse y posicionarse ante la incorporación de las tecnologías «emergentes», como, por ejemplo, la realidad aumentada, en la formación inicial del profesorado. La realidad aumentada ofrece un amplio abanico de posibilidades en los procesos de enseñanza-aprendizaje, no solo a la hora de presentar y enriquecer la información, sino también a la hora de crear recursos y adquirir ciertas competencias como respuesta a las necesidades actuales. Por ello, es importante trabajar competencias digitales relacionadas con esta tecnología (realidad aumentada) en los futuros docentes y apreciar su evolución. En este caso concreto, el objetivo perseguido consistía en conocer el nivel de conocimientos desarrollados por el estudiantado (hombres y mujeres) del grado de Pedagogía de la Universidad de Sevilla tras una experiencia formativa que los convertía en productores de recursos de realidad aumentada. Para ello se realizó un cuestionario con diferentes tipos de preguntas en el que participaron 77 estudiantes de la asignatura Tecnología Educativa. Los resultados obtenidos señalan que la incorporación de la realidad aumentada en los procesos de enseñanza-aprendizajes es positiva, ya que fomenta la motivación, haciendo que el estudiantado sea el creador de sus propios recursos, favorece la incorporación de nuevas metodologías y potencia el desarrollo de conocimientos y destrezas tecnopedagógicas.</jats:p>",,,119,140,Humanities; Sociology; Art,pedagogy; augmented reality; initial training; higher education; educational technology; students; teaching-learning,,,,https://www.tecnologia-ciencia-educacion.com/index.php/TCE/article/download/2804/11219 https://doi.org/10.51302/tce.2023.2804,http://dx.doi.org/10.51302/tce.2023.2804,,10.51302/tce.2023.2804,,,0,,4,true,cc-by-nc-nd,gold
129-428-188-330-111,NOCIONES LÓGICO-MATEMÁTICAS EN ALUMNOS CON NECESIDADES EDUCATIVAS ESPECIALES:,2022-05-24,2022,journal article,"Revista Infancia, Educación y Aprendizaje",07196202,Universidad de Valparaiso Chile,,Andrea Romero Hernández; Mónica Arnal-Palacián,"<jats:p>En este trabajo se realiza una revisión de la evolución de las Necesidades Educativas Especiales y su adaptación en la enseñanza-aprendizaje de las nociones lógico-matemáticas en la etapa de Educación Infantil. Además, se han considerado la manipulación de diferentes materiales y el desarrollo de distintas metodologías para conseguir la inclusión de este alumnado, para llegar a desarrollar una propuesta que aúne a todas estas características. Para ello, se han realizado entrevistas a profesorado.</jats:p>",8,1,9,22,Humanities; Philosophy,Necesidades educativas especiales; educación infantil; nociones lógico-matemáticas; matemáticas manipulativas Special educational needs; early childhood education; logical mathematical notions; manipulative mathematics,,,,https://revistas.uv.cl/index.php/IEYA/article/download/2435/3123 https://doi.org/10.22370/ieya.2022.8.1.2435,http://dx.doi.org/10.22370/ieya.2022.8.1.2435,,10.22370/ieya.2022.8.1.2435,,,0,,0,true,cc-by,gold
129-592-561-490-899,Análisis de la adaptación de las familias con hijos o hijas con síndrome de Down durante la infancia desde el modelo Doble ABCX,2022-07-11,2022,journal article,Alternativas. Cuadernos de Trabajo Social,19899971; 11330473,Universidad de Alicante Servicio de Publicaciones,,Eva Rubio Guzmán; Rosalía Mota López; Ana Berástegui Pedro-Viejo,"<jats:p>Introducción. El nacimiento de un hijo o hija con síndrome de Down impacta en la vida de la familia requiriendo su adaptación y ajuste a la nueva situación. Las familias pueden diferir en su capacidad para manejar estos cambios, dependiendo de los recursos de apoyo social con los que cuentan, así como sus fortalezas y habilidades para afrontar los problemas. El artículo, a partir del modelo Doble ABCX (McCubbin y Patterson, 1983) estudia la contribución del estrés parental, la cohesión y el sentido de coherencia familiar, su capacidad de adaptación y estrategias de afrontamiento, y el apoyo social del que dispone, a la explicación de la satisfacción con la vida familiar de las familias españolas que tienen menores con síndrome de Down. Asimismo, se propone identificar qué características sociales de las familias y de los menores se hayan vinculadas a su satisfacción y a las variables predictoras de esta. Metodología. El enfoque metodológico es exploratorio y cuantitativo. Se utilizó un muestreo no probabilístico, obteniéndose una muestra de 203 familias con menores con síndrome de Down de edades comprendidas entre los 0 y los 12 años. Los instrumentos utilizados de recogida de datos fueron un cuestionario sociodemográfico de elaboración propia, y diferentes escalas validadas para medir la satisfacción familiar y los factores vinculados a ésta. Para el análisis de los datos se emplearon estadísticos descriptivos, pruebas de significación estadística bivariables, y análisis de regresión lineal múltiple. Resultados. Las familias de los menores de 12 años con síndrome de Down presentan elevados niveles de satisfacción comparado con aquellas cuyos hijos o hijas presentan otros tipos de discapacidad, confirmando así la hipótesis de la ventaja del síndrome de Down. Aquellas familias que tienen una perspectiva comprensible, manejable y significativa sobre ellas mismas, un vínculo emocional intenso entre sus miembros, y habilidades y estrategias para la resolución de problemas en situaciones de crisis, están más satisfechas con su vida familiar. La variabilidad en las dimensiones de la vida familiar investigadas está relacionada con el nivel de ingresos de los padres, el tipo de familia, la escolarización del niño o niña, y la relación previa con personas con discapacidad intelectual. Discusión. Algunas características presentadas por las familias estudiadas también están presentes en otras con menores con otros tipos de discapacidad, aunque varía la intensidad en la que se ven afectadas por el estrés, en su disposición de recursos, en su nivel de coherencia y. en definitiva, en las posibilidades de adaptación a su nueva situación familiar. Conclusiones. La investigación presentada resulta novedosa, ya que utiliza por primera vez este tipo de análisis en una muestra de familias con síndrome de Down en España. Pone de manifiesto, que la acogida y crianza de estos menores resulta ser una experiencia satisfactoria para la mayor parte de las familias. Identifica los factores clave a estimular y trabajar en el acompañamiento familiar, localizando, asimismo, las características sociodemográficas, educativas y sociales que incrementan la vulnerabilidad de estas familias y dificultan la experiencia positiva de crianza de estos menores.</jats:p>",29,2,309,334,Humanities; Philosophy; Psychology,,,,,https://alternativasts.ua.es/article/view/21156/pdf https://doi.org/10.14198/altern.21156,http://dx.doi.org/10.14198/altern.21156,,10.14198/altern.21156,,,0,,3,true,cc-by,gold
130-346-389-953-821,Dupla Excepcionalidade na Perspectiva da Formação de Graduandos de Pedagogia,2022-04-15,2022,journal article,Revista Internacional Educon,26756722,Revista Internacional Educon,,Ariane Luzia dos Santos,"<jats:p>Este trabalho versa sobre a importância de se estudar dupla excepcionalidade na formação inicial dos graduados em Pedagogia que irão lecionar na Educação Infantil e nos anos iniciais do Ensino Fundamental. O objetivo desta pesquisa bibliográfica é apresentar um panorama dos programas de ensino de cinco disciplinas de quatro diferentes cursos de licenciatura em pedagogia que abarcam conteúdos sobre alunos que precisam de atendimento educacional especializado, visando detectar os tópicos relacionados à dupla excepcionalidade, em particular altas habilidades/superdotação (AH/SD) e transtorno do espectro autista (TEA). Além disso, almeja – se que este trabalho possa contribuir para analisar a formação inicial dos licenciados em Pedagogia no que refere-se ao atendimento educacional especializado dos estudantes com dupla excepcionalidade. Conclui-se que as ementas das disciplinas analisadas não contemplam esta temática considerada e que há a necessidade de um olhar multidisciplinar sobre a dupla excepcionalidade no âmbito educacional.</jats:p>",3,1,e22031002,e22031002,Psychology; Pedagogy; Mathematics education; Philosophy; Sociology; Humanities; Developmental psychology,,,,,https://grupoeducon.com/revista/index.php/revista/article/download/1742/1431 https://doi.org/10.47764/e22031002,http://dx.doi.org/10.47764/e22031002,,10.47764/e22031002,,,0,,0,true,cc-by,gold
131-042-433-359-744,Grandezas e Medidas no contexto da inclusão: a Educação Matemática na formação do professor,2021-05-13,2021,journal article,Educação Matemática Debate,25266136,Universidade Estadual de Montes Claros (UNIIMONTES),,Ellen Michelle Barbosa de Moura; Joeanne Neves Fraz; Karla Vanessa Gomes dos Santos; Geraldo Eustáquio Moreira,"<jats:p>Analisamos a aplicação de uma oficina pedagógica em um curso de Licenciatura em Pedagogia de uma universidade pública. A oficina propiciou, durante a formação inicial, discussão acerca da Educação Matemática e a experimentação de situações de inclusão de estudantes com deficiência física, visual e altas habilidades/superdotação. Foram utilizadas como ações pedagógicas o trabalho em grupo, atividades lúdicas e avaliação da oficina. Os resultados apontaram a importância do trabalho sobre o conhecimento matemático na formação inicial dos professores e as possibilidades da Educação Matemática Inclusiva na perspectiva dos Direitos Humanos. Por isso, a necessidade de se desenvolver e praticar estratégias e metodologias inovadoras que possibilitem a inclusão dos estudantes com deficiência em aulas de Matemática.</jats:p>",5,11,1,25,,Mathematics Education; Inclusive Mathematics Education; Physical Quantities and Measures; Initial Teacher Training,,,,http://dx.doi.org/10.46551/emd.e202113,http://dx.doi.org/10.46551/emd.e202113,,10.46551/emd.e202113,3161167148,,0,,1,true,cc-by-nc-sa,gold
131-496-342-345-087,La competencia lingüística en la comunicación: visiones multidisciplinares y transversalidad,2019-06-02,2019,book,,,Ediciones de la Universidad de Castilla-La Mancha,,José Vicente Salido López; Pedro Victorio Salido López,,,,191,198,,,,,,https://udimundus.udima.es/handle/20.500.12226/229?show=full https://dialnet.unirioja.es/servlet/libro?codigo=737113 https://ruidera.uclm.es/xmlui/handle/10578/20912,http://dx.doi.org/10.18239/jor_19.2019.02,,10.18239/jor_19.2019.02,3112449315,,0,,2,true,cc-by-nc-nd,green
132-975-164-740-635,"Perspectivas y avances de la investigación. I Jornada de Doctorandos. Madrid, 8 de mayo de 2015",2019-05-06,2019,book,,,"Universidad Nacional de Educación a Distancia, UNED",,,"Impreso en España -Printed in Spain Imprime UNED PROGRAMA DE DOCTORADO EN EDUCACIÓN escuela de doctorado universidad nacional de educación a distancia (uned) PERSPECTIVAS Y AVANCES DE LA INVESTIGACIÓN i jornada de doctorandos Madrid, 8 de mayo de 2015 m.ª ángeles murga-menoyo m.ª paz trillo-miravalles (Coordinadoras)",,,,,,self-employment; disability; professional project; inclusion; orientation; entrepreneurship professional competencies; preservice teacher education; Primary Education Educación ambiental; Desarrollo sostenible; agua; Castilla y León; DEDS computational thinking; computational thinking test; code literacy; computer science education,,,,,http://dx.doi.org/10.5944/jornadas.doctorandos.pde.2015,,10.5944/jornadas.doctorandos.pde.2015,,,0,,0,true,cc-by-nc-nd,hybrid
133-775-180-191-859,"Superdotação e transtorno de Asperger: características, educação e estudos empíricos",2022-05-23,2022,journal article,Revista Educação Especial,1984686x; 1808270x,Universidade Federal de Santa Maria,,Waleska Karinne Soares Coutinho-Souto; Denise de Souza Fleith,"<jats:p>Os superdotados podem apresentar dificuldades comportamentais, emocionais ou de aprendizagem. Na literatura, a sobreposição dessas características tem sido denominada dupla excepcionalidade. A identificação do indivíduo superdotado com transtorno de Asperger constitui um desafio para profissionais, professores e pais devido às semelhanças existentes entre ambas as condições. O objetivo deste artigo é apresentar características dessa dupla excepcionalidade e suas implicações para o atendimento de estudantes em uma perspectiva educacional inclusiva, bem como discutir resultados de estudos empíricos sobre essa condição a partir de uma revisão narrativa da literatura. Analisaram-se os estudos que apresentavam como objeto de investigação o indivíduo superdotado com transtorno de Asperger. Foi constatada a existência de um reduzido número de pesquisas empíricas que tratam exclusivamente dessa dupla excepcionalidade. Conclui-se que a identificação precoce, a formação adequada dos professores, a participação da família e a exposição a um ambiente adequado de aprendizagem são fatores essenciais para promover a inclusão educacional e o sucesso acadêmico dos alunos superdotados com transtorno de Asperger.</jats:p>",,,,,Psychology; Developmental psychology; Asperger syndrome; Narrative; Autism; Philosophy; Linguistics,Dupla excepcionalidade; Superdotação; Transtorno de Asperger Twice-exceptionality; Giftedness; Asperger disorder,,,,https://periodicos.ufsm.br/educacaoespecial/article/download/68618/47196 https://doi.org/10.5902/1984686x68618,http://dx.doi.org/10.5902/1984686x68618,,10.5902/1984686x68618,,,0,,0,true,cc-by-nc,gold
133-788-448-735-646,Estudio de la Aplicación de Programas de Alto Rendimiento para alumnos con altas Capacidades,2018-11-27,2018,journal article,Electronic Journal of Research in Education Psychology,16962095; 16995880,Editorial Universidad de Almeria,Spain,Pilar Martín-Lobo; Silvia Pradas Montilla; Enrique Navarro Asencio,"Introduccion. Esta investigacion se enfoca en proporcionar un proyecto para estudiantes dotados con programas de enriquecimiento que se pueden realizar a nivel escolar.; ; Metodo. Para lograr esto, se disenaron los programas, se capacito a los maestros en seis centros educativos, se seleccionaron 37 estudiantes dotados y se aplicaron pruebas de atencion (D2); Se aplicaron pruebas de creacion (PIC y CREA) y Habilidades cognitivas para resolver problemas interpersonales (Evhocospi) antes y despues de la ejecucion de los programas Curriculo Expandido, Literatura Creativa, Mundo Cientifico, Matematicas Creativas, Arte y Cultura y Cooperacion.; ; Resultados. Los resultados reflejan mejoras significativas en la atencion, la creatividad y la resolucion de problemas interpersonales en estudiantes dotados que participaron en los programas del Proyecto High Achiever. Tambien revelan nuevos procedimientos para aplicar programas para estudiantes dotados en el contexto escolar.; ; Discusion y conclusion. El programa de intervencion en el nivel de curriculo expandido se puede implementar para ejercitar habilidades intelectuales superiors.",16,45,447,476,Humanities; Psychology,Palabras clave: Superdotación; programas de enriquecimiento; atención; creatividad; problemas interpersonales Giftedness; enrichment programs; attention; creativity; interpersonal problems,,,,http://repositorio.ual.es/bitstream/10835/6217/1/2101-6096-2-PB_spa.pdf https://dialnet.unirioja.es/servlet/articulo?codigo=6853569 https://eric.ed.gov/?id=EJ1190728 https://reunir.unir.net/handle/123456789/7683 https://core.ac.uk/download/161806662.pdf,http://dx.doi.org/10.25115/ejrep.v16i45.2101,,10.25115/ejrep.v16i45.2101,2940320978,,0,,6,true,cc-by-nc-nd,gold
134-299-622-826-332,Prueba neuropsicológica para medir la inteligencia: utilización del test de retención visual de Benton,,,dissertation,,,Universidad de Valladolid,,Susana Guerra Barrera,"Partiendo de dos grandes campos de interes como son la inteligencia y la neuropsicologia, la tesis se centra en el estudio de la relacion entre la inteligencia psicometrica y la memoria de trabajo visual y habilidades visuoconstructivas en el marco del desarrollo evolutivo entre los 5 y los 8 anos de edad, a partir de la aplicacion del Test de Retencion Visual de Benton y las escalas Wechsler y Stanford-Binet.; Tras un extenso recorrido, a lo largo de los primeros capitulos, de los fundamentos teoricos asi como de los escasos estudios llevados a cabo en este campo, se llega a la parte experimental. Se realizaron tres estudios empiricos diferenciados, con una amplia muestra de sujetos recogida a lo largo de diez anos de trabajo en el Centro Huerta del Rey, con mas de cincuenta menores con un CI por encima de 130. Destacar lo significativo de la muestra dado que para encontrar 10 sujetos con CI a estos niveles, seria necesaria una muestra representativa de 438 sujetos. ; Se estudio la relacion entre las variables de edad equivalente de memoria visual y edad mental, en funcion de la edad cronologica del menor, su genero y nivel de CI, deteniendonos tambien en el caso de la superdotacion intelectual.; En resumen, los resultados obtenidos en base a las hipotesis planteadas fueron: 1o Existe una relacion significativa entre la memoria de trabajo visual y habilidades visuoconstructivas y el nivel de inteligencia en nin@s de entre 5 y 8 anos de edad cronologica.; 2o A medida que aumenta el nivel de inteligencia del menor se incrementa el grado de correlacion entre las variables de estudio, obteniendose valores muy elevados en el caso de las inteligencias mas altas.; 3o En relacion a la edad, los resultados indican que a menor edad la relacion entre variables es mayor.; 4o Respecto al genero, se observan resultados diversos, influidos por la edad y el nivel de CI.; 5o Sobre la definicion de superdotacion intelectual, de la investigacion se recoge que aparece asociada una mayor madurez en las funciones del procesamiento de informacion, en este caso concreto de la memoria visual.; Como conclusion, el trabajo aporta un avance importante en el conocimiento del desarrollo de la inteligencia humana, demostrandose a nivel empirico el papel clave de las zonas occipitales del cerebro a edades ya muy tempranas. Igualmente se destaca la importancia de la estimulacion temprana a traves de tareas de memoria de trabajo visual y habilidades visuoconstructivas en el ambito educativo, dados los periodos clave de desarrollo cerebral a estas edades y su nivel de asociacion con la inteligencia.; Las implicaciones practicas del trabajo plantean la posibilidad de dar un nuevo uso al TRVB como herramienta de screening en la valoracion del nivel intelectual en el caso de sujetos menores de 8 anos con un elevado nivel de CI, asi como indicador de posible disfuncion neuropsicologica cuando la edad equivalente de memoria visual no se corresponde a la esperada conforme al nivel de CI del menor.",,,,,,,,,,https://redined.educacion.gob.es/xmlui/handle/11162/162544 https://uvadoc.uva.es/handle/10324/20863 https://redined.mecd.gob.es/xmlui/handle/11162/162544 https://uvadoc.uva.es/bitstream/10324/20863/1/Tesis1155-161109.pdf https://dialnet.unirioja.es/servlet/tesis?codigo=137953,http://dx.doi.org/10.35376/10324/20863,,10.35376/10324/20863,2556639228,,0,,0,true,cc-by-nc-nd,hybrid
135-056-866-637-888,"Investigación en educación matemática : [actas del XXI Simposio de la Sociedad Española de Investigación en Educación Matemática : Zaragoza, 6-9 de septiembre de 2017] - Investigación en educación matemática : actas del X Simposio de la Sociedad Española de Investigación en Educación Matemática, Huesca, 6-9 de septiembre de 2006",2017-11-01,2017,book,,,Servicio de Publicaciones de la Universidad de Zaragoza,,María Pilar Bolea Catalán; Mar Moreno; María José González López,"Así, en congresos nacionales e internacionales se reserva un grupo de trabajo específico para esta área. La comunidad Early Algebra se ha ido asentando en los últimos treinta años, ha aportado fundamentación teórica y datos experimentales sobre la conveniencia de superar la oposición aritmético-algebraico y sobre la necesidad de estructurar el currículo como un continuo epistemológico, antes que un paso de una actividad meramente aritmética (en Educación Primaria) a otra donde el álgebra se presenta como un producto acabado (en",,,,,,Didáctica del álgebra  Early Algebra  Teoría de Situaciones Didácticas en Matemáticas (TSDM)  proporcionalidad Algebraic Education  Early Algebra  Theory of Didactical Situations in Mathematics (TSDM)  proportionality anthropological theory of the didactic  algebraic modelling  process of algebraization  didactic problem mathematical giftedness  primary school  lower secondary school  cognitive processes  attention to diversity teorías sociales  análisis crítico del discurso  aprendizaje matemático  lengua  multilingüismo social theories  critical discourse analysis  mathematics learning  language  multilingualism modelización  problemas de estimación  medida de magnitudes modelling  estimation problems  magnitudes measurement Conocimiento Común  Educación Primaria  formación inicial  maestros  matemáticas Common Content Knowledge  Primary Education  initial training  teachers  mathematics Gráficos estadísticos  lectura crítica  Niveles de lectura  enfoque ontosemiótico Statistical graphs  critical reading  reading levels  onto-semiotic approach probabilidad  aproximación frecuencial  valor esperado  variabilidad probability  frequentist approach  average  variability análisis didáctico; formación inicial de profesores; enseñanza de fracciones; relación parte-todo didactical analysis; preservice teacher training; fractions instruction; part-whole relationship degrees of teacher's features  geometry  taking advantage of a learning opportunity interacción entre pares  convencimiento  comparación de razones  empatía matemática peer interactions  convincement  ratio comparison  mathematical empathy Conocimiento profesional  Metacognición  Resolución de Problemas  Auto-preguntas  MTSK Professional Knowledge  Metacognition  Problem Solving  Self-questions  MTSK mirar profesionalmente  trayectoria de aprendizaje  instrumento conceptual  educación infantil  longitud y medida professional noticing  learning trajectories  conceptual tool  early childhood education  length and measure discurso  mirada profesional  generalización de patrones  estudiantes para maestro discourse  professional noticing  pattern generalization  prospective Primary teachers,,,,https://documat.unirioja.es/servlet/libro?codigo=12341 https://zaguan.unizar.es/record/64353 https://zaguan.unizar.es/record/64353?ln=es https://dialnet.unirioja.es/servlet/libro?codigo=12341,http://dx.doi.org/10.26754/actas.seim21,,10.26754/actas.seim21,48071141,,0,,8,true,,green
135-148-402-135-503,Anais do XXXVIII Encontro Anual de Etologia &amp; III Reunião de Biologia do Comportamento do Cone Sul,2021-11-11,2021,book,Zenodo (CERN European Organization for Nuclear Research),,,,Aline Cristina Sant'Anna; Gabriela de Araújo Porto Ramos; Maria Guilhermina Marçal-Pedrosa; Bruno Corrêa Barbosa,"Apresentamos o XXXVIII Encontro Anual de Etologia (EAE) que este ano foi realizado de forma inteiramente online e em conjunto com a III Reunião de Biologia do Comportamento do Cone Sul (RBC). Esse é um congresso internacional na área de comportamento animal que conta com organizadores do Brasil, Uruguai, Argentina e Chile. Seu objetivo é fomentar a integração, a cooperação científica e o intercâmbio de informações e de pessoas entre os países membros do Cone Sul. A primeira versão do evento foi realizada na Universidad de Buenos Aires (UBA) – Argentina, no ano de 2017. A segunda RBC ocorreu em novembro de 2019 na Universidad de la República (UdelaR) – Montevideo, Uruguai. Em 2021, a sede da III RBC e do EAE seria a Universidade Federal de Juiz de Fora, Juiz de Fora – MG. No entanto, a realização de um evento presencial não foi possível, então mantivemos parcialmente nossos planos, modificando o formato do congresso para remoto. Tivemos que enfrentar muitos desafios ao longo do último ano, em função das restrições impostas pela pandemia do novo coronavírus. Apesar das dificuldades, também aprendemos muito e fomos obrigados a nos reinventarmos em nossas atividades de estudo, docência, pesquisa e, desde então, estamos aprendendo a lidar com uma ‘nova realidade’. Por isso, o tema do nosso Encontro será ‘A Etologia em um Mundo em Transformação’. Buscaremos abordar o uso de novas tecnologias, a inovação e a solução de problemas metodológicos modernos na área de comportamento animal. Esperamos discutir temas como monitoramentos remotos dos animais, uso de drones, imagem computacional, <em>softwares</em> de reconhecimento facial, <em>machine</em> <em>learning</em>, inteligência artificial, monitoramento e reconhecimento de vocalizações, pesquisas através de redes sociais, dentre outras formas pelas quais a tecnologia e a inovação possam auxiliar nas pesquisas e no ensino do comportamento animal.",,,,,Forestry; Geography,FAPESP; CONICET; FONCyT; CNPq; CAPES Production; detection; and use of chemical information by lizards análise de redes sociais; crianças; interação social associação espacial; imaturo; Sapajus libidinosus comportamentos afiliativos; Dinoponera gigantea; hierarquias de dominância bioacústica; reintrodução; zoológico armadilha fotográfica; conservação; sensoriamento remoto GPS; Macronectes giganteus; Spheniscus magellanicus bases neurales; DREADDs; quimiogenética calling behavior; corticosterone; testosterone anuran; evolution; sexual selection disease; glucocorticoid hormones; stress physiology climate change; egg mortality; hatching; thermal tolerance; water stress Lythobates catesbeianus; Rhinella marina; Xenopus laevis COVID-19; interactions; mindfulness; owner Lythobates catesbeianus; Rhinella marina; Xenopus laevis behavior; ecology; cognitive abilities; stray dogs human-animal relationship; quality of life; well-being dogs; human-play behavior aggressiveness; chemical cues; social insects behaviors; individual differences; primates social insects; sucrose responsiveness; task allocation,,,,https://zenodo.org/record/5639826,http://dx.doi.org/10.5281/zenodo.5639826,,10.5281/zenodo.5639826,,,0,,0,true,cc-by,green
135-876-040-759-102,Actas del VIII Congreso de Comunicación Social de la Ciencia (CCSC21),2022-04-29,2022,other,Zenodo (CERN European Organization for Nuclear Research),,,,Luisa Barbosa; Carolina Llorente; María Paulina Naranjo; Ferran Bustos; Eva Dryden; Gema Revuelta,"Presentamos el Libro de Actas del VIII Congreso de Comunicación Social de la Ciencia (CCSC2021), celebrado en Barcelona del 29 de septiembre al 1 de octubre de 2021. Este evento reúne cada dos años a centenares de comunicadoras y comunicadores de la ciencia para reflexionar acerca de la evolución y tendencias de la profesión, el impacto de nuestro trabajo y las líneas de compromiso con la sociedad, la ética y las ganas de hacer las cosas cada vez mejor. Por vez primera en la historia del congreso (que dio comienzo en 1999), el CCCS21 se celebró en formato híbrido: presencial y online. Pero la verdadera proeza no fue este doble formato, sino hacer frente a la incertidumbre que, debida a la Covid-19, imperó en los 18 meses previos a su celebración. Por ello, nuestro primer reconocimiento es para las personas que participaron con sus ponencias, así como para los miembros de los comités científico y organizador, quienes tuvieron que hacer acopio de creatividad e incluso sentido del humor para adaptarse a los continuos cambios en las medidas sanitarias de aquellos meses. Afortunadamente, el esfuerzo valió la pena y finalmente conseguimos un congreso con contenidos de excelente calidad y una participación muy numerosa. En concreto, 333 personas: 154 en CosmoCaixa Barcelona, el máximo presencial permitido por la cuestión sanitaria, y 179 online. Citar como: Barbosa, L., Llorente, C., Naranjo, M., Bustos, F., Dryden, E. y Revuelta, G. (2021). Comunicación y Bienestar Planetario. Actas del Congreso (VIII Congreso de Comunicación Social de la Ciencia). 10.5281/zenodo.6503952",,,,,Computer science,,,,,https://zenodo.org/record/6503952,http://dx.doi.org/10.5281/zenodo.6503952,,10.5281/zenodo.6503952,,,0,,0,true,cc-by,green
137-121-788-156-093,La sobrerrepresentación de escolares de nacionalidad extranjera en el grupo de alumnado con necesidades educativas especiales,2018-07-16,2018,journal article,RIEM. Revista internacional de estudios migratorios,21731950,Editorial Universidad de Almeria,,Alessandra Cama,"espanolEl trabajo que presentamos forma parte de una investigacion que pretende estudiar la posible sobrerrepresentacion de alumnos con antecedentes de migracion dentro del colectivo de escolares con “necesidades educativas especiales” en el sistema educativo italiano. Con el desarrollo de una etnografia en diversos centros escolares de una ciudad del sur de Italia y en contacto con las administraciones educativas y su produccion normativa, pretendemos dar algunas explicaciones a esta aparente desproporcionada representacion. Despues de presentar un conjunto de datos estadisticos del contexto internacional nos detenemos en los detalles de las estadisticas generales para Italia. A partir de ello describimos quienes son los sujetos de “educacion especial” en el sistema escolar de este pais y presentamos los discursos de un grupo de profesorado y de tecnicos con el fin de explicar las probables causas de esta sobrerrepresentacion. EnglishThis work is part of a research that seeks to investigate the possible overrepresentation of students with a history of migration within the group of students with “special educational needs” in the Italian education system. With the development of ethnographic research in various schools of a city of Southern Italy, and in contact with school administrations and ministerial regulatory production, we intend to provide some explanations for this apparently disproportionate representation. After presenting a set of statistical data from the international context, we dwell upon the details of general statistical data for Italy. From this, we then move on describing who is the target group of “special education” in the school system of this country, and presenting the speeches of a group of teachers and technical experts, in order to explain the possible underlying causes of this overrepresentation.",8,1,1,22,Humanities; Political science; Ethnography; Context (language use); Special educational needs; School system,Foreign students; Special Educational Needs (SEN); disability; overrepresentation; Italy,,,,https://dialnet.unirioja.es/servlet/articulo?codigo=6734794 https://digibug.ugr.es/handle/10481/57813 http://repositorio.ual.es/handle/10835/6142 http://ojs.ual.es/ojs/index.php/RIEM/article/download/2075/2648 http://repositorio.ual.es/bitstream/10835/6142/1/2075-6039-1-PB.pdf,http://dx.doi.org/10.25115/riem.v8i1.2075,,10.25115/riem.v8i1.2075,2883936098,,0,,3,true,cc-by-nc-nd,gold
137-805-169-021-074,Dual exceptionalities: Exploratory analysis of experiences and self-image in Chilean students,,2015,journal article,Revista de Psicología,02549247; 22233733,Sistema de Bibliotecas PUCP,Peru,María Paz Gómez Arizaga; María Leonor Conejeros-Solar; Katia Sandoval Rodríguez; Solange Armijo Solís,"This research explores the manifestation of dual exceptionality, regarding self-image and the experiences students have had with classmates and teachers. The sample was comprised of four students ages 8 to 15 that exhibited ADHD with giftedness and ASD with giftedness. In-depth interviews were conducted with the students. Results showed that students who had a notion of their discrepancies were motivated towards learning, but became bored when tasks were not challenging. They also had good relationships with their teachers and peers. However, meaningful social interactions had a negative connotation for the gifted/ASD group. Implications for research and practice are discussed further.",34,1,5,37,Developmental psychology; Psychology; Connotation; Exploratory analysis; Self-image; DUAL (cognitive architecture),dual exceptional; high ability; attention deficit disorder; autism spectrum disorder; school context,,,,http://dev.scielo.org.pe/scielo.php?script=sci_arttext&pid=S0254-92472016000100002&lng=en&nrm=iso http://www.scielo.org.pe/scielo.php?script=sci_arttext&pid=S0254-92472016000100002&lng=en,http://dx.doi.org/10.18800/psico.201601.001,,10.18800/psico.201601.001,2745732589; 2749012221; 2218509743,,0,005-429-329-287-398; 015-013-726-939-074; 018-721-415-094-816; 021-636-026-252-878; 022-750-680-751-159; 023-989-850-391-16X; 024-511-288-197-581; 028-967-065-556-162; 029-892-026-019-607; 033-981-433-364-650; 037-507-971-141-62X; 042-576-390-495-569; 045-758-258-482-855; 048-946-502-685-441; 049-583-298-221-709; 051-277-937-223-070; 057-042-109-720-84X; 057-205-045-728-642; 058-086-116-145-557; 058-396-977-769-285; 070-906-556-689-131; 071-823-059-262-850; 072-348-413-543-978; 073-347-493-564-972; 074-058-351-929-345; 075-253-791-121-542; 085-042-806-822-185; 089-161-429-036-732; 094-878-439-957-737; 095-543-796-143-768; 097-673-593-422-466; 101-673-050-502-227; 102-229-142-444-955; 103-144-393-055-851; 103-349-549-253-539; 107-501-527-562-321; 109-859-804-519-903; 118-479-151-190-937; 121-573-405-608-31X; 135-319-557-093-508; 137-565-613-346-01X; 138-289-713-185-928; 149-345-474-338-642; 155-853-578-597-321; 163-263-957-062-466; 193-293-340-604-099,12,true,cc-by,gold
138-047-903-064-519,Saúde Mental e Suas Interfaces: Rompendo Paradigmas - Percepção e abordagem da equipe de enfermagem no atendimento pré-hospitalar ao indivíduo com Transtornos Mentais,,2021,book chapter,Saúde Mental e Suas Interfaces: Rompendo Paradigmas,,Editora Poisson,,Julia karoline Duarte de Amorim Bonifácio; Kennia Sibelly Marques de Abrantes; Fabiana Ferraz Queiroga Freitas; Roberta de Miranda Henriques Freire; Geofabio Sucupira Casimiro; Arieli Rodrigues Nóbrega Videres,"O conteúdo dos artigos e seus dados em sua forma, correção e confiabilidade são de responsabilidade exclusiva dos seus respectivos autores.",,,,,,,,,,http://dx.doi.org/10.36229/978-65-5866-019-4.cap.08,http://dx.doi.org/10.36229/978-65-5866-019-4.cap.08,,10.36229/978-65-5866-019-4.cap.08,3119254691,,0,,0,true,,bronze
138-052-574-781-950,"EDUCACIÓN INCLUSIVA DIRIGIDA A NIÑOS Y ADOLESCENTE DE LA FUNDACIÓN ""PASOS DE VIDA""",2021-12-07,2021,journal article,Prohominum,26650169,The Venezuelan Civil Association for Social Research for Humanity (ACVENISPROH),,Irma Orozco Fernández; Rafael Félix Bell Rodríguez; Alejandro Nicolás Lema Cachinell,"<jats:p>La Educación ha experimentado múltiples cambios a lo largo de su historia relacionados con su contexto, objetivos, representantes, avances, entre otros. Dentro de esos cambios han surgido una serie de propuestas referentes a la educación y la pedagogía, cada una de ellas con diferentes concepciones y objetivos. El Objetivo de esta investigación fue Analizar acciones desarrolladas para la educación inclusiva dirigida a niños y adolescente de la Fundación ""Pasos de Vida"". Estudio que se inserta en el paradigma positivista bajo el enfoque cuantitativo empleando la investigación de campo con apoyo en una revisión documental. Entre las acciones desarrolladas por la Fundación destacan las tutorías, la donación de víveres, aplicación de actividades cogiivas acorde a la discapacidad, entre otras. Concluyendose que la Educación inclusiva es una de las propuestas que surgió a mediados del siglo pasado, dirigida a personas con diferencias cognitivas, físicas, culturales; con la intención de integrarlos al medio educativo formal, ya que hasta ese momento no habían sido tomados en cuenta, a través de instituciones como es el caso de la Fundación “Pasos de vida”, dedicada a la educación de niños y adolescentes con este tipo de necesidades, dado que aunque ya se han observado cambios en las políticas sociales y educativas estadales, aun la inclusión de estos niños a la escuela no ha sido total.</jats:p>",3,Extraordinario 2,271,299,Humanities; Art,educación; pedagogía; educación inclusiva; fundación; necesidades especiales education; pedagogy; inclusive education; foundation; special needs,,,,,http://dx.doi.org/10.47606/acven/ph0075,,10.47606/acven/ph0075,,,0,,0,true,,gold
139-278-752-535-794,¿ Dónde has oído hablar del trastorno del espectro autista? Identificando las fuentes de conocimiento docente sobre el TEA,2023-07-01,2023,journal article,Revista ICONO 14. Revista científica de Comunicación y Tecnologías emergentes,16978293,Asociacion Cientifica ICONO14,,Irene Gomez Mari; Pilar Sanz-Cervera; Virginia Larraz-Rada; Raúl Tárraga-Mínguez,"<jats:p>En los últimos años ha aumentado el número de productos culturales que incluyen personajes protagonistas con trastorno del espectro autista (TEA). Este hecho permite visibilizar este trastorno entre la sociedad. Sin embargo, los productos culturales no siempre proyectan una imagen ajustada del TEA, lo que puede desencadenar en la generación o perpetuación de estereotipos que dificulten la inclusión de las personas con TEA. El presente estudio persigue identificar y analizar los productos culturales relacionados con dicho diagnóstico que consumen estudiantes universitarios del ámbito de educación. En total, 452 futuros docentes españoles y andorranos respondieron el cuestionario Fuentes de Información sobre el TEA (FITEA). Los resultados muestran que las principales fuentes de conocimiento sobre este trastorno son las series de televisión y ciertas asignaturas de la formación universitaria inicial. Los participantes afirman que el tipo de información sobre el que reciben mayor contenido está relacionado con la intervención social y las vivencias diarias de personas con TEA. Estos resultados son positivos, ya que evidencian un interés de los futuros docentes por este diagnóstico. Dado el espacio reducido que se reserva a la educación inclusiva en los actuales planes de estudio del profesorado, este tipo de productos culturales puede utilizarse como punto de partida en la formación sobre TEA, de manera que en el aula universitaria se analice la imagen social que se proyecta sobre las personas con autismo, confirmando las ideas acertadas y desmintiendo los mitos y estereotipos que estigmatizan la condición autista.</jats:p>",21,2,,,Humanities; Persona; Art; Sociology,,,,,https://dialnet.unirioja.es/descarga/articulo/9033658.pdf https://dialnet.unirioja.es/servlet/oaiart?codigo=9033658 https://icono14.net/ojs/index.php/icono14/article/download/2023/2203 https://icono14.net/ojs/index.php/icono14/article/view/2023 https://roderic.uv.es/bitstreams/9ec16374-14fa-48c4-9e4e-bd5286191c0b/download https://hdl.handle.net/10550/90024,http://dx.doi.org/10.7195/ri14.v21i2.2023,,10.7195/ri14.v21i2.2023,,,0,,0,true,cc-by,gold
140-241-166-869-392,Ciências da saúde no Brasil: contribuições para enfrentar os desafios atuais futuros,2020-10-01,2020,book,,,Editora Amplla,,Thais Raquel Pires Tavares; Luiz Henrique Costa de Medeiros,"<jats:p>O lançamento deste livro acontece durante a ocorrência de um evento de saúde que se torna marco na história do mundo globalizado: a pandemia do novo coronavírus que tem evidenciado iniquidades sociais e de saúde, além de impor inúmeros desafios para a ciência e para gestores em saúde. Em um cenário de negacionismo e desvalorização do conhecimento científico, este livro intitulado ""Ciências da saúde no Brasil: contribuições para enfrentar os desafios atuais e futuros"" vem à tona para evidenciar a densidade e a importância do que tem se produzido enquanto ciência nas universidades brasileiras. Neste sentido, é importante destacar o caráter político e atualizado desta obra na medida em que se conta com um número considerável de textos que contemplam discussões sobre a COVID-19 (doença causada pelo novo coronavírus - Sars-Cov-2), uma questão emergente e atual, revelando, portanto, o caráter original dos textos aqui contidos que, certamente, contribuirão para compreensão das especificidades de saúde diante de crises sanitárias, além de evidenciar a preocupação da ciência brasileira em compreender e contribuir para o enfrentamento dos desafios que se colocam para o campo da saúde no país. Ademais, os textos que compõem esta obra apontam para o cenário atual das condições de saúde das populações específicas com ênfase sobretudo na saúde do idoso, da mulher, da população indígena e LGBTQIA+, evidenciando que as ciências da saúde no Brasil têm se debruçado sobre as condições de saúde das comunidades, considerando suas particularidades e a diversidade sociocultural de um país de dimensões continentais. Outras questões no campo da saúde pública também vêm à tona para evidenciar a importância do campo da política, planejamento e gestão em saúde, além de considerar a relevância da saúde ocupacional, da sustentabilidade e das próprias práticas de assistência nos serviços de saúde. O caráter diversificado e interdisciplinar dos estudos aqui contidos contempla pesquisas de cunho tanto quantitativo como qualitativo que se distribuem entre artigos originais, artigos de revisão e relatos de experiências, evidenciando a diversidade metodológica com a qual se tem realizado estudos, pesquisas e intervenções no Brasil.  Este livro foi organizado de forma a proporcionar ao leitor um encadeamento lógico e temático das leituras, além de permitir a associação entre os diversos temas aqui contidos, com vistas a construir uma reflexão consistente sobre o campo das ciências da saúde no Brasil. Da leitura feita pelo prisma da subjetividade de cada leitor, poderão ser produzidos outros olhares, novas reflexões, proposições, diálogos e tensionamentos que, como espera-se, possam adensar o debate sobre a saúde da população brasileira. Desejamos a todos uma boa leitura e destacamos o entusiasmo pela presente publicação assim como o otimismo com o qual enxergamos o desenvolvimento de iniciativas como esta que só tendem a fortalecer o contexto acadêmico das ciências da saúde no Brasil. As reflexões proporcionadas pelos textos permitem desvelar muitos dos desafios deste campo, além de incentivar o debate e traçar apontamentos para as ações, pesquisas, proposições e intervenções futuras no âmbito da universidade.</jats:p>",,,,,,Distanciamento Social; Pandemia; Políticas Públicas,,,,https://educapes.capes.gov.br/bitstream/capes/602584/2/eBook-Ciencias-da-Saude.pdf https://educapes.capes.gov.br/handle/capes/602584,http://dx.doi.org/10.51859/amplla.csb122.1120-0,,10.51859/amplla.csb122.1120-0,3150327373,,0,,0,true,,bronze
140-408-579-020-575,"Arte electrónico y espectro autista: Creación, emoción e interacción",,2025,book,,,Ediciones Comunicación Científica,,Cynthia Patricia Villagómez Oviedo,"<jats:p>El libro examina la contribución del arte electrónico (AE) al bienestar de personas con trastorno del espectro autista de grado I (TEA-I). El objetivo es analizar cómo el AE puede crear espacios seguros de autorregulación y facilitar la comunicación social. El TEA-I se considera una discapacidad “invisible” que, al coexistir con altas capacidades cognitivas, incrementa el estrés, la ansiedad y dificulta el diagnóstico. Frente a posturas capacitistas, se plantea que el cerebro autista no es una anomalía, sino una expresión de la diversidad humana que ha aportado al progreso social mediante características como el hiperfoco y la sistematización. La metodología empleada es cualitativa y exploratorio-descriptiva, basada en investigación documental, entrevistas con especialistas y análisis de casos. El trabajo propone una intersección novedosa entre arte, tecnología, neurociencia y psicología. Se revisan antecedentes y obras de AE que integran tecnologías como el “biofeedback” y que permiten inducir emociones, aspecto crucial ya que las personas autistas experimentan los estímulos sensoriales y emocionales con gran intensidad. El AE, al exigir participación activa, se concibe como un medio capaz de promover nuevas formas de percepción y acción. De esta base surge el “modelo de inducción emocional para la neurodivergencia”, el cual plantea que la combinación de estímulos controlados y retroalimentación biosensorial puede inducir estados de calma y compensar déficits interoceptivos frecuentes en el espectro. Como aplicación práctica, se propone el desarrollo de Bubble Rooms • Lab, un entorno virtual de net.art diseñado para la autorregulación sensorial y la socialización en adultos con TEA-I, orientado a validar empíricamente el modelo.</jats:p>",,,,,Humanities; Persona; Philosophy; Sociology; Social relationship; Political science; Art; Cartography; Psychology; Ethnography,,,,,,http://dx.doi.org/10.52501/cc.356,,10.52501/cc.356,,,0,,0,false,,
141-915-371-891-091,Perfil de compostos voláteis em bacon defumado com madeiras de reflorestamento Eucalyptus citriodora e Acácia mearnsii,,,dissertation,,,"Universidade de Sao Paulo, Agencia USP de Gestao da Informacao Academica (AGUIA)",,Jéssica da Cruz Antonio,"Perfil de compostos voláteis de bacon defumado com madeiras de reflorestamento Eucalyptus citriodora e Acácia mearnsii versão revisada de acordo com a resolução CoPGr 6018 de 2011 Orientadora: Profª. Dra. CARMEN JOSEFINA CONTRERAS CASTILLO Dissertação apresentada para obtenção do título de Mestra em Ciências. Área de concentração: Ciência e Tecnologia de Alimentos Piracicaba 2020 Dados Internacionais de Catalogação na Publicação DIVISÃO DE BIBLIOTECA -DIBD/ESALQ/USP Antonio, Jéssica da Cruz Perfil de compostos voláteis de bacon defumado com madeiras de reflorestamento Eucalyptus Citriodora e Acácia Mearnsii/ / Jéssica da Cruz Antonio. --versão revisada de acordo com a resolução CoPGr 6018 de 2011. --Piracicaba, 2020. 96 p. Dissertação (Mestrado) --",,,,,,Smoking; Pork; Phenols; SPME-GC/MS,,,,https://www.teses.usp.br/teses/disponiveis/11/11141/tde-13082020-151024/ https://www.teses.usp.br/teses/disponiveis/11/11141/tde-13082020-151024/publico/Jessica_da_Cruz_Antonio_versao_revisada.pdf,http://dx.doi.org/10.11606/d.11.2020.tde-13082020-151024,,10.11606/d.11.2020.tde-13082020-151024,3049432977,,0,,0,true,cc-by-nc-sa,gold
142-202-220-187-95X,La evaluación inteligente de la inteligencia,2015-12-01,2015,journal article,Padres y Maestros. Publicación de la Facultad de Ciencias Humanas y Sociales,22551042; 02104679,Universidad Pontificia Comillas,,Fernando Sánchez-Sánchez; Pablo Santamaría,"The article presents some basic guidelines for proper assessment of intelligence and cognitive skills tests. The authors emphasize the need for 1) an adequate theoretical knowledge about cognitive and intellectual assessment, 2) an applied knowledge of best practices in the use and interpretation of intelligence tests and 3) the availability of well-developed and standardized tests according to the scientific standards required in the area. In addition, the authors attempt to clarify the meaning of concepts such as ""general intelligence"", ""g factor"" and ""IQ"". Finally, they provide a basic description of the ""Test de Inteligencia General, Matrices"" as a good example of intelligence test that meets these requirements.",0,364,55,63,Cognitive skill; Psychology; Intelligence quotient; Cognition; Standardized test; g factor; Test (assessment); Meaning (existential); Interpretation (philosophy); Applied psychology; Social psychology,,,,,https://revistas.upcomillas.es/index.php/padresymaestros/article/download/6350/6155 https://dialnet.unirioja.es/servlet/articulo?codigo=5310553,http://dx.doi.org/10.14422/pym.i364.y2015.009,,10.14422/pym.i364.y2015.009,2187891211,,0,,1,true,cc-by-nc-nd,hybrid
146-466-373-892-232,Características e avaliação de programas brasileiros de atendimento educacional ao superdotado,,,dissertation,,,Biblioteca Central da UNB,,Liliane Bernardes Carneiro,,,,,,,educação especial; superdotação; programa de atendimento educacional special education; giftedness; educational assistance program. xi,,,,http://repositorio.se.df.gov.br/handle/123456789/1170 https://repositorio.unb.br/handle/10482/19234 https://repositorio.unb.br/bitstream/10482/19234/1/2015_LilianeBernardesCarneiro.pdf,http://dx.doi.org/10.26512/2015.12.t.19234,,10.26512/2015.12.t.19234,2300296110,,0,,0,true,,bronze
146-807-122-380-294,"ACCESIBILIDAD EN BRASIL Y MÉXICO: EXPERIENCIAS EDUCATIVAS, BARRERAS Y AUTONOMÍA EN LA EDUCACIÓN SUPERIOR",2022-12-09,2022,journal article,Revista de Educação Pública,22382097; 01045962,Revista de Educacao Publica,,Roseane Rabelo Souza FARIAS; José GOMÉZ HERRERA,"<jats:p>El artículo analiza la accesibilidad a partir de investigaciones en la UFPA y la UNAM. Sin ser un estudio comparativo, aborda una amplia narrativa sobre la accesibilidad en instituciones educativas. En la ufpa los resultados revelan que tener acceso a la universidad no implica necesariamente tener condiciones de accesibilidad, de aprendizaje y de permanencia. En la UNAM los resultados revelan que las personas con discapacidad enfrentan diferentes barreras sociales, psicológicas y estructurales. Ambos estudios hacen evidente que se necesita acciones efectivas administrativas, legales y sociales; que posibiliten la accesibilidad e integración efectiva de personas con y sin discapacidades.</jats:p>",31,,1,16,Persona; Humanities; Sociology; Philosophy,Accesibilidad; Enseñanza Superior; Personas con Discapacidad; Prejuicios Acessibilidade; Educação Superior; Pessoas com Deficiências; Preconceito,,,,https://periodicoscientificos.ufmt.br/ojs/index.php/educacaopublica/article/download/14297/11683 https://doi.org/10.29286/rep.v31ijan/dez.14297,http://dx.doi.org/10.29286/rep.v31ijan/dez.14297,,10.29286/rep.v31ijan/dez.14297,,,0,,2,true,cc-by-nc-sa,gold
147-419-781-806-115,Multicultural Diversity and Special Needs Education,2009-01-01,2009,report,Zenodo (CERN European Organization for Nuclear Research),,,,European Agency for Special Needs and Inclusive Education,"This report from 2009 summarises the analysis conducted by the Agency, at the request of member country representatives, on the topic of special needs education and multicultural diversity. It aimed to respond to three key questions: The extent to which second language learning issues are linked to and confused with learning difficulties. How the abilities and needs of pupils with an immigrant background are assessed. How best to support teachers, families and pupils. During the three-year project, national experts from 25 European countries were involved in collecting and analysing country information. Their collective work led to some very interesting initial responses to these questions. As this was the first attempt to compile this type of information at the European level, many more issues emerged and more questions were asked than answers given. This first analysis and overview will hopefully open the door to further investigations into this topic. Download the report below as a PDF in 21 of the Agency's official languages: Czech, Danish, Dutch, English, Estonian, Finnish, French, German, Greek, Hungarian, Icelandic, Italian, Latvian, Lithuanian, Maltese, Norwegian, Polish, Portuguese, Slovenian, Spanish and Swedish.",,,,,Multiculturalism; Diversity (politics); Special needs; Sociology; Pedagogy; Psychology; Anthropology; Psychiatry,,,,,https://zenodo.org/record/5561890,http://dx.doi.org/10.5281/zenodo.5561890,,10.5281/zenodo.5561890,,,0,,0,true,cc-by,green
149-260-103-790-020,Inclusión del alumnado con TEA en los tiempos de recreo,2022-01-05,2022,journal article,En-Claves del Pensamiento,25941100; 1870879x,Instituto Tecnologico y de Estudios Superiores de Monterrey,,Carlos García Junco,"<jats:p>Las dificultades comunicativas y en habilidades sociales que presenta gran parte del alumnado con TEA (Trastorno del Espectro Autista), sumado a sus dificultades académicas, hacen que sean niños con altos porcentajes de fracaso escolar, además de sumarse otros factores de riesgo social: la exclusión social y el acoso escolar o bullying. Mediante la introducción de diversos juegos y apoyos en el recreo, se busca revertir la situación de aislamiento que sufren diariamente niños y niñas durante su jornada educativa, aumentando de manera gradual los tiempos de interacción positiva de los mismos. Utilizando la metodología observacional se crea un sistema de registro de conductas observadas durante los recreos, con el objetivo de registrar y evaluar las conductas del alumnado. Los resultados obtenidos han sido muy satisfactorios, demostrando que la introducción de juegos en el recreo, aumenta los tiempos de juego y de interacción positiva en el alumnado con TEA, así́ como en el resto de alumnado que presenta dificultades de relación y/o conductas disruptivas.</jats:p>",,31,e504,e504,Humanities; Psychology; Philosophy,inclusión; TEA; juegos; recreo; vulnerabilidad inclusion; ASD; play times; recess times; vulnerability,,,,https://www.enclavesdelpensamiento.mx/index.php/enclaves/article/download/504/561 https://doi.org/10.46530/ecdp.v0i31.504,http://dx.doi.org/10.46530/ecdp.v0i31.504,,10.46530/ecdp.v0i31.504,,,0,,1,true,cc-by-nc,gold
149-516-027-886-843,O espaço da participação e a cidade no cotidiano de famílias de pessoas com autismo,,,dissertation,,,"Universidade de Sao Paulo, Agencia USP de Gestao da Informacao Academica (AGUIA)",,Márcia Francisca Lombo Machado,"Esta pesquisa nasceu do encontro. Todo seu processo esteve conectado a gente que nela permanece, mesmo aqueles que não me conhecem, os que estão distantes, os que vieram dos livros e das palavras gravadas em papel e telas. Existe gente de fogo sereno, que nem percebe o vento, e gente de fogo louco, que enche o ar de chispas. Alguns fogos, fogos bobos, não alumiam nem queimam; mas outros incendeiam a vida com tamanha vontade que é impossível olhar para eles sem pestanejar, e quem chegar perto pega fogo.",,,,,,Participation; Families of the autistic; Everyday life; Autism; City; Urban planning; Public policies; Interdisciplinarity,,,,https://teses.usp.br/teses/disponiveis/100/100134/tde-18122014-115431/en.php https://www.teses.usp.br/teses/disponiveis/100/100134/tde-18122014-115431/publico/dissertacao_mestrado_marciafranciscalombomachado.pdf,http://dx.doi.org/10.11606/d.100.2014.tde-18122014-115431,,10.11606/d.100.2014.tde-18122014-115431,1445803264,,0,,0,true,cc-by-nc-sa,gold
149-916-068-179-638,Escondendo Manchas de Sangue em Locais de Crime: Análise da Ação Antioxidante dos Chás Verde e Preto Sobre o Luminol,2016-10-11,2016,journal article,"Brazilian Journal of Forensic Sciences, Medical Law and Bioethics",2237261x,"Brazilian Journal of Forensic Sciences, Medical Law and Bioethics",,Douglas Rodrigues Cavalcanti; Rodrigo Meneses de Barros,"A aplicacao do luminol se destaca como um dos testes presuntivos para sangue mais importantes, sendo amplamente utilizado por investigadores forenses em locais de crime. Ao ser pulverizado sobre uma mancha de sangue, o luminol reage emitindo luz quimiluminescente, permitindo a avaliacao ocasional dessas manchas, e possibilitando a reconstrucao dos eventos de um crime. Porem, existem diversas substâncias que sao capazes de afetar ou alterar a quimiluminescencia do luminol induzida pelo sangue, entre essas substâncias estao alimentos e bebidas antioxidantes. Dentre os alimentos funcionais, o cha e uma bebida amplamente utilizada, perdendo apenas para a agua como a bebida mais consumida no mundo. As propriedades antioxidantes das catequinas presentes nos chas verde e preto estao relacionadas com sua estrutura quimica. Produtos alimentares que contem antioxidantes (como o cha verde e o cha preto) podem ser utilizados em atividades criminosas para ocultar manchas de sangue e evitar resultados em exames de cenas de crime, uma vez que atuam inibindo a reacao quimiluminescente do luminol, gerando resultados falso-negativos.",6,1,47,60,Humanities; Forensic genetics; Biological sciences,Luminol; Manchas de sangue; Antioxidante; Chá verde; Chá preto Luminol; Latent bloodstains; Antioxidant; Black tea; Green tea,,,,https://www.ipebj.com.br/bjfs/index.php/bjfs/article/view/617,http://dx.doi.org/10.17063/bjfs6(1)y201647,,10.17063/bjfs6(1)y201647,2550565027,,0,,5,true,cc-by,gold
150-239-100-990-851,Valoración de rasgos autistas en menores con un trastorno de la conducta alimentaria,2019-11-07,2019,journal article,European Journal of Health Research,24450308; 24449067,Universidad Autonoma de Chile,,Victoria Muñoz Martínez; Irene Díaz Quero; Beatriz Mata Sáenz; Rafael Ángel Baena Mures; Leonor Asensio Aguerri; Laura Nuevo Fernández,"The overlap between autism spectrum disorders (ASD) and eating disorders (ED) has been studied for years, finding similarities in certain cognitive characteristics. The aim of this study is to analyze the available literature about the relationship between autism spectrums symptoms with different pathologies which are include in eating disorders. Information was collected from different databases (Pubmed, Cochrane, Tripdatabase, UpToDate) between 2013 and 2018. Descriptors as ""eating disorders"", ""autism"", ""treatment"", ""psychotherapy"", ""anorexia nervosa”, are used. ""Bulimia nervosa"", ""food avoidant / restriction intake disorder"", ""binge eating disorder"", ""obesity"" and ""adolescence"" and the same ones in Spanish are used. The published studies, referred throughout the text, mainly refer to anorexia nervosa (AN) with less research in others eating disorders such as obesity, bulimia, and binge eating disorder. However, despite of the fact that the relationship with the AN is especially mentioned, there are cognitive characteristics that are shared between the ED and the ASD that must be taken into account due to their implications, not only in treatment, also in the prognosis.",5,2,119,132,Psychiatry; Psychology; Cognition; Autism; Anorexia nervosa (differential diagnoses); Eating disorders; Bulimia nervosa; Binge-eating disorder; Obesity,Autism; eating disorders; adolescents; outcome; treatment,,,,https://dialnet.unirioja.es/servlet/articulo?codigo=7562682 https://repositorio.uautonoma.cl/handle/20.500.12728/8228 https://revistas.uautonoma.cl/index.php/ejhr/article/view/1292 https://dialnet.unirioja.es/descarga/articulo/7562682.pdf http://formacionasunivep.com/ejhr/index.php/journal/article/download/183/82,http://dx.doi.org/10.30552/ejhr.v5i2.183,,10.30552/ejhr.v5i2.183,2988281157,,0,,0,true,cc-by,gold
150-690-518-910-771,Diagnóstico y orientación de los alumnos de altas capacidades,2014-09-12,2014,journal article,Padres y Maestros. Publicación de la Facultad de Ciencias Humanas y Sociales,22551042; 02104679,Universidad Pontificia Comillas,,Rosa Mª López Vivas; Dolores Fernández Fernández,"En este articulo se presenta el procedimiento de evaluacion psicopedagogica del alumnado que presenta altas capacidades, asi como el proceso de asesoramiento y orientacion al centro educativo y a la familia, incidiendo en favorecer el desarrollo armonico del alumno.",0,358,12,19,,,,,,https://dialnet.unirioja.es/servlet/articulo?codigo=4789898 https://revistas.upcomillas.es/index.php/padresymaestros/article/view/4069,http://dx.doi.org/10.14422/pym.v0i358.4069,,10.14422/pym.v0i358.4069,2005221010,,0,,2,true,cc-by-nc-nd,hybrid
153-902-181-415-310,Evaluación de la efectividad de programas destinados a la promoción y mejora de la convivencia en un centro de Educación Secundaria de la provincia de Ciudad Real,,,dissertation,,,Universidad de Burgos,,Mateos-Aparicio Naranjo; José Mª,"Nos propusimos aplicar y evaluar medidas de intervencion para prevenir, reducir y atajar las conductas desajustadas y el comportamiento disruptivo; con ello pretendiamos mejorar el clima de trabajo en el aula. Aplicamos en el marco de la tutoria programas de modificacion de conducta, entrenamiento en habilidades sociales y tecnicas de mediacion. Tambien perseguiamos conocer, la dimension de la conflictividad y la manera de resolver conflictos en el aula. Desde la investigacion-accion hemos empleado distintas metodologias: experimental y no experimental (encuestas y entrevista en profundidad). Los programas de entrenamiento en habilidades sociales se muestran eficaces para reducir el comportamiento perturbador y mejorar el comportamiento social de los alumnos de Primer Ciclo de la ESO. El discurso del profesorado en relacion con la convivencia es que se esta deteriorando por el incremento de conductas disruptivas. Los profesores son partidarios de utilizar un estilo de ensenanza democratico y estrategias de solucion de conflictos",,,,,,,,,,http://hdl.handle.net/10259/100 https://riubu.ubu.es/handle/10259/100 http://redined.mecd.gob.es/xmlui/handle/11162/89783 https://riubu.ubu.es/bitstream/10259/100/1/Mateos-Aparicio_Naranjo.pdf https://dialnet.unirioja.es/servlet/tesis?codigo=20728 http://riubu.ubu.es/handle/10259/100 https://core.ac.uk/download/61545300.pdf,http://dx.doi.org/10.36443/10259/100,,10.36443/10259/100,1593910500,,0,,1,true,cc-by-nc-nd,hybrid
154-170-081-587-751,Transformação genética e patogenicidade de Guignardia citricarpa,,,dissertation,,,"Universidade de Sao Paulo, Agencia USP de Gestao da Informacao Academica (AGUIA)",,Maria Beatriz Calderan Rodrigues,"Tese apresentada para obtenção do título de Doutor em Ciências. Área de concentração: Genética e Melhoramento de Plantas Piracicaba 2010 À amiga Dra. Aline Romão que também teve grande participação na realização desse trabalho, de maneira essencial, especialmente no Southern Blot! Obrigada por toda atenção e carinho...; Ao amigo Anderson Ferreira, pela amizade, ajuda na microscopia de epifluorescência e quando fiquei com problemas no joelho; Ao amigo Zezo por toda amizade, ajuda, conversas... o laboratório não seria o mesmo sem você!!; Ao amigo Dr. Marcel Spósito, pela amizade, e em nome do FUNDECITROS, pela disponibilização de material, e por todas as dicas possíveis; Ao amigo Dr. Carlos Aguilar-Vildoso, pela amizade, e ajuda nas minhas mais diversas dúvidas; Ao Dr. Luiz Humberto Gomes do Laboratório de Genética de Leveduras/ESALQ, pelo auxílio em especial nas fotos dos infinitos géis; Ao Prof. Carlos Labate e à Dra. Mônica Labate, pela ajuda e utilização dos equipamentos do Laboratório ""Max Feffer"" de Genética de Plantas/ESALQ; À Profa. Silvia Molina pela disposição e ajuda necessária na utilização dos equipamentos do Laboratório de Ecogenética/ESALQ; À Profa. Margarida Perecin e Prof. Mateus Mondin do Laboratório de Citogenética/ESALQ, pelo uso do microscópio; À amiga, futura Dra., Fernanda Fernanda Fernanda Fernanda Sebastianes, pela amizade prazeirosa e sincera. Por toda ajuda aqui e em Valência, por todos os momentos que dividimos e jamais iremos esquecer, especialmente os engraçados... Foi muito bom morar com você! iAmistad por toda la vida, seguro que sí!; À amiga, também futura Dra.",,,,,,,,,,https://www.teses.usp.br/teses/disponiveis/11/11137/tde-17092010-190127/publico/Maria_Rodrigues.pdf https://www.teses.usp.br/teses/disponiveis/11/11137/tde-17092010-190127/,http://dx.doi.org/10.11606/t.11.2010.tde-17092010-190127,,10.11606/t.11.2010.tde-17092010-190127,1520463743,,0,,1,true,cc-by-nc-sa,gold
154-199-933-040-959,INTERVENÇÃO PEDAGÓGICA NO ENSINO FUNDAMENTAL PARA AS AH/SD,,2024,book chapter,DUPLA EXCEPCIONALIDADE E ALTAS HABILIDADES/SUPERDOTAÇÃO: entre pesquisas e práticas,,ARCO EDITORES,,K. P. MACHADO; L. L. SOUZA,"Esta obra é de acesso aberto. É permitida a reprodução parcial ou total desta obra, desde que citada a fonte e a autoria e respeitando a Licença Creative Commons indicada.",,,100,113,Psychology,,,,,http://dx.doi.org/10.48209/978-65-5417-208-6 http://doi.org/10.48209/978-65-5417-208-6,http://dx.doi.org/10.48209/978-65-5417-208-6,,10.48209/978-65-5417-208-6,,,0,,0,true,,gold
154-650-877-962-513,"Revista de Psicología Volumen 12, Número 1, Enero - Junio 2022",2022-12-01,2022,journal article,Revista de Psicología,23117397; 23060565,Universidad Catolica San Pablo,,Universidad Católica San Pablo,"<jats:p>En el curso del primer semestre del 2022, recibimos la grata noticia de que la Universidad Católica San Pablo ingresó al ranking QS de las 500 mejores universidades de América Latina en el puesto 301. Este ranking es preparado por la Universidad de Corea tomando en cuenta 418 universidades con un tiempo de vida institucional dentro de los últimos 410 años. Para ello se evaluaron diversos criterios tales como la reputación académica, la empleabilidad de los egresados y antiguos alumnos, el ratio de estudiantes por Facultad, los artículos publicados por Facultad, el factor de impacto en base a la citación de artículos publicados, la cantidad de profesores con doctorado por Facultad, las redes académicas de investigación a nivel internacional y el impacto en la web.&#x0D;; Asimismo, el Sistema ICACIT ha ubicado a la Universidad Católica San Pablo entre las 10 mejores universidades del país según el ranking británico del 2022 Times Higher Education (THE) que evalúa los criterios de enseñanza, investigación, impacto de citas, perspectiva internacional e ingresos en la industria. Entre estas universidades figura la Pontificia Universidad Católica del Perú, la Universidad Nacional Mayor de San Marcos, la Universidad San Ignacio de Loyola, la Universidad Peruana de Ciencias Aplicadas, la Universidad San Martín de Porres y la Universidad César Vallejo.&#x0D;; Estos nuevos logros se suman a los ya conseguidos recientemente, como el licenciamiento de nuestra universidad el 2017 y la reacreditación de la carrera de Psicología el 2019 por seis años. Todo ello, como fruto de una incesante labor académica que se encuentra animada por la integración de la fe y la razón en la búsqueda de la verdad; y que se aplica a la enseñanza del quehacer profesional con bases en evidencia científica y en consideración de la dignidad de la persona humana, como parte de las directrices de la antropología cristiana. Ya que como dijo el santo Juan Pablo II (1998), “la fe y la razón son como las dos alas con las cuales el espíritu humano se eleva hacia la contemplación de la verdad” (párr. 1).&#x0D;; En Psicología, por ejemplo, existe una amplia variedad de autores que han hecho aportes sustanciales a la psicología científica sin que ello implique renunciar a su fe (Misiak, &amp; Standt, 1955; Richards, 2011); pero poco se sabe de ello, y se difunde más bien una visión en la que la ciencia y la religión se encuentran divorciadas, cuando&#x0D;; Editorial&#x0D;; en realidad, las dos colaboran juntas y se acompañan en el camino de la búsqueda de la verdad. Por supuesto, que el binomio fe-razón tiene sus matices y sus complejidades, propios de los dinamismos de la realidad que estudian. No es una tarea fácil congeniar ambos aspectos, pero no debe verse tampoco, como algo imposible.&#x0D;; En la Universidad Católica San Pablo, la Psicología se ha venido trabajando en clave de integración del saber, y ello ha permitido tener una mirada más profunda del ser humano, orientando el despliegue de sus potencialidades, en los diversos escenarios&#x0D;; de la vida cotidiana. Para ello, nuestra comunidad académica se encuentra fortalecida espiritualmente, y asume con sumo cuidado la responsabilidad de formar a las jóvenes generaciones, a través de un proyecto educativo sólido, que se mantiene a la vanguardia de los últimos avances científicos y tecnológicos, a la vez que tiene como anclaje el credo de la fe católica.&#x0D;; Los logros que se cosechan son motivo de orgullo y nos motivan a trabajar con mayor dedicación en la formación de los futuros profesionales que nuestro país necesita. Asimismo, comprometidos con la empresa académica que representa la Revista de Psicología de la UCSP, presentamos en segundo número del 2021, que tiene una diversidad temática ya característica; con artículos sobre ciberpsicología, psicología organizacional, psicología educativa, neuropsicología, psicología evolutiva, historia de la psicología y psicología del excepcional. Trabajos que han sido enviados desde Chile, Colombia, España, y de diferentes regiones de Perú, incluyendo Arequipa, Juliaca y Trujillo.&#x0D;; Esperamos que este nuevo número de la revista, sea del agrado de los lectores y contribuya con la formación de los estudiantes de psicología y la actualización de los psicólogos profesionales en sus diferentes campos de acción; con las investigaciones y los trabajos de revisión teórica que presentamos.</jats:p>",12,1,,,Humanities; Political science; Art,Validación; adicciones; selfie; adolescentes peruanos Validation; addictions; selfie; Peruvian adolescents Inseguridad laboral; engagement laboral; salud; crisis sanitaria Depth visual; visual cliff; proprioception; visual motor development; depth perception Psicología experimental; laboratorio; historia de la psicología Experimental psychology; laboratory; history of Psychology,,,,https://revistas.ucsp.edu.pe/index.php/psicologia/article/download/1470/1481 https://doi.org/10.36901/psicologia.v12i1.1470,http://dx.doi.org/10.36901/psicologia.v12i1.1470,,10.36901/psicologia.v12i1.1470,,,0,,0,true,cc-by-nc-nd,gold
155-261-692-065-848,"Inclusión socioeducativa, perspectivas y desafíos: Universidad Politécnica Salesiana del Ecuador y Universidad de Sevilla-España",2015-12-30,2015,journal article,Alteridad,13908642; 1390325x,Salesian Polytechnic University of Ecuador,,Victoria Jara Cobos,"Nevertheless, despite the advance which has been produced in the last decades, the challenges that Europe and Latin America should handle to talk about inclusive university are numerous. A reflection and a description about perspectives and challenges of social and educative inclusion in the field of higher education, is made in this paper, according to legislative framework and different actions that two institutions have been making to foster educative inclusion and equality of opportunities: Universidad Politecnica Salesiana from Ecuador and Universidad de Sevilla from Spain.",10,2,154,179,Higher education; Sociology; Inclusion (education); Humanities; Latin Americans; Cartography,Education; community; university; social inclusion; equality,,,,https://dialnet.unirioja.es/descarga/articulo/5981060.pdf https://dspace.ups.edu.ec/handle/123456789/13758 https://dialnet.unirioja.es/servlet/articulo?codigo=5981060 https://alteridad.ups.edu.ec/index.php/alteridad/article/view/2.2015.03 https://revistas.ups.edu.ec/index.php/alteridad/article/download/2.2015.03/636 https://www.redalyc.org/comocitar.oa?id=467746222003 https://dspace.ups.edu.ec/bitstream/123456789/13758/1/Alt_v10n2_Jara_Melero_Guichot.pdf https://revistas.ups.edu.ec/index.php/alteridad/article/view/2.2015.03 https://alteridad.ups.edu.ec/index.php/alteridad/article/view/2.2015.03/636 https://www.redalyc.org/articulo.oa?id=467746222003 https://idus.us.es/handle/11441/66996 https://idus.us.es/xmlui/handle/11441/66996,http://dx.doi.org/10.17163/alt.v10n2.2015.03,,10.17163/alt.v10n2.2015.03,2402688983,,0,,4,true,cc-by-nc-sa,gold
155-955-073-353-089,ANIMAÇÃO: UMA LINGUAGEM COM VOCAÇÃO INCLUSIVA,2015-06-24,2015,dissertation,,,Faculdades Catolicas,,MARIA CLAUDIA BOLSHAW GOMES,"This thesis presents the progressive process and results of a research on language of Animation and its expressive potential for educational and professional accomplishment of people with cognition syndromes. We have analyzed the aspects involving the production of Animationsuch as concentration, space and time notionand its relations towards the individuals with syndromes, classified as 'persons with special needs'. The process that ratifies this experiment as a legitimate one was the thorough study of narrative and its 'praxis' during the 'Animation workshops', which took place at the Helena Antipoff Institute (IHA) and at the Humait Development Center (CDH). Our expectation with the present research is to provoke and to expand the discussion concerning the inclusion of individuals with syndromes in the universe of Animation, considering both the educational as well as the expressive and emotional point of view, through the films produced during the 'Special Animation Workshops'.",,,,,Animation; Narrative; Psychology; Inclusion (mineral); Linguistics; Social psychology; Visual arts; Philosophy; Art,Animação; Educação Especial; Tecnologia; Síndromes e Oficinas PUC-Rio -Certificação Digital Nº 1113336/CA Animation; Special Education; Tecnology; Syndromes and Workshops PUC-Rio -Certificação Digital Nº 1113336/CA,,,,https://www.maxwell.vrac.puc-rio.br/29584/29584.PDF https://doi.org/10.17771/pucrio.acad.29584,http://dx.doi.org/10.17771/pucrio.acad.29584,,10.17771/pucrio.acad.29584,,,0,,0,true,,gold
157-870-025-904-667,Intertextualidad y género policíaco en España (1990-2010). Evolución del ámbito literario al metatelevisivo y recurrencia de la víctima femenina como motivo,2020-09-30,2020,journal article,Communication & Society,23867876,Universidad de Navarra,,Anna Tous-Rovirosa,"<jats:p>Analysis of intertextuality in Spanish police dramas between 1990-2010 shows that one of the repeated leitmotifs, both on television and on new audio-visual platforms, is the female victim, which recurs both thematically and mythically. This study also confirms the rise of complex narrative (Mittell, 2015) through the development of references to metatextuality and self-referentiality, with a substantial difference between the first and second decades analysed. There are references not only to police dramas but also to the values of the production process, whether ideological or generic, in line with the pleasure of recognition and the construction of the model viewer (Eco, 1986).</jats:p>",33,4,89,106,Art,,,,,https://revistas.unav.edu/index.php/communication-and-society/article/download/37364/34491 https://www.scilit.net/article/47b2b08165be56b5cac1b5fc4baa5981,http://dx.doi.org/10.15581/003.33.4.89-106,,10.15581/003.33.4.89-106,3121027800,,0,021-842-632-613-968; 034-398-869-990-108; 043-606-513-498-278; 044-375-285-212-397; 093-897-130-067-856; 103-758-213-245-508; 112-030-209-553-30X; 113-955-362-527-221; 124-402-500-739-871; 127-407-847-646-879; 134-562-434-374-186; 137-326-186-716-62X; 155-507-967-171-592; 160-352-828-296-886; 163-770-044-538-470; 168-437-343-039-13X; 194-919-391-583-177,1,true,cc-by-nc-nd,gold
158-251-795-896-337,¿Hiperlexia qué síndrome es esta? Reflejos y reflexiones de las producciones literarias,2021-07-01,2021,journal article,Revista Ibero-Americana de Estudos em Educação,19825587; 24468606,Revista Ibero-Americana de Estudos em Educacao,,Ana Paula Santos de Oliveira; Rosemeire de Araújo Rangni,"<jats:p>La Hiperlexia es un síndrome caracterizado por la lectura precoz, presenta otros síntomas y características diferentes, al cual perjudican el diagnóstico que comúnmente se confunde con el Trastorno del Espectro Autista (TEA). El presente artículo en forma de revisión sistemática busca conocer producciones académicas en bancos de datos entre los años de 1999 a 2019 que puedan desenmarañar el tema de la hiperlexia, así como verificar si existe una conexión de la precocidad en lectura de este síndrome con la precocidad en lectura en las altas capacidades. Las palabras clave utilizadas fueron: hyperlexia y high ability, en las búsquedas las palabras se utilizaron separadamente y combinadas utilizando el operador booleano and, (hyperlexia and high ability). Las bases de datos consultadas fueron: Education Resources Information Center (ERIC) y ScienceDirect de la editora Elsevier. Como resultados se obtuvo diez (10) producciones sobre la hiperlexia, una (01) en ERIC e nueve (09) en ScienceDirect, que atendía a los criterios de inclusión establecidas de búsqueda, cabe destacar que es un número bajo teniendo en cuenta el período de veinte (20) años, y ningún estudio fue encontrado que trataba de hiperlexia y las altas capacidades conjuntamente en este período.</jats:p>",,,1914,1928,Humanities; Philosophy; Art,,,,,https://periodicos.fclar.unesp.br/iberoamericana/article/download/13372/11369 https://doi.org/10.21723/riaee.v16i3.13372 https://periodicos.uff.br/geographia/article/download/13372/8572 https://periodicos.uff.br/geographia/article/view/13372,http://dx.doi.org/10.21723/riaee.v16i3.13372,,10.21723/riaee.v16i3.13372,,,0,,0,true,cc-by-nc-sa,gold
158-462-395-227-564,La educación inclusiva: compromiso de una sociedad,2018-05-15,2018,journal article,Educación,18133363,Universidad Femenina Del Sagrado Corazon,,Miryam Vera Pagaza,"If we mention the inclusive education, it is necessary to remark a topic of interest in the work of quality to the children with SNE: teachers’ attitude. Attitude defined as the stance adopted when one deal with this new challenge full of mixedfeelings in favour or against, emotions, beliefs, perceptions, but mainly a projected vision to the achievement of the expected learnings. This paper approach the dimensions that help to develop an effective inclusion from regular classroom. The elements that influence in the teacher’s attitude could limit their labor or contribute to improving their practices; namely: teaching experience, initial and continuous training, typical characteristics of students with SNE, support resources.There is an urgent need to generate a culture open to the diversity in the context of an educational policy that assure the equity and quality to respond the heterogeneity.",24,1,15,23,Inclusion (education); Psychology; Pedagogy; Perception; Continuous training; Regular classroom; Equity (economics),Attitude; teacher; inclusion; special needs education,,,,http://revistas.unife.edu.pe/index.php/educacion/article/download/1311/1271,http://dx.doi.org/10.33539/educacion.2018.v24n1.1311,,10.33539/educacion.2018.v24n1.1311,2950961503,,0,,0,true,,gold
158-982-414-396-558,Las TIC como herramientas cognitivas de inclusión en clases de física para estudiantes de enseñanza secundaria,2018-07-06,2018,journal article,"Góndola, enseñanza y aprendizaje de las ciencias",23464712,Universidad Distrital Francisco Jose de Caldas,,Samuel Sanhueza Haro; Alicia Bravo Escobar; Claudio Faúndez Araya; Eduardo Utreras Cofré,"Se busco conocer el impacto que tienen las tecnologias de la informacion y la comunicacion (TIC) en estudiantes de fisica de educacion media, con y sin necesidades educativas especiales. Se entienden las TIC como herramienta pedagogica para el aprendizaje, tanto significativo como de inclusion, de conceptos basicos de optica, trabajo, energia y fluidos. Los contenidos que abarco este estudio fueron en base al curriculum que tiene el Ministerio de Educacion de Chile para primer y tercer ano de ensenanza media en modulo comun. Se realizaron cuatro actividades en el laboratorio de computacion, durante un mes, en el segundo semestre de 2015, en un colegio local. La tecnica de recoleccion de informacion consistio en un pre- y post- de afinidad, aprendizaje significativo y de conocimientos de la disciplina. Se aplicaron recursos disponibles en red, como simulaciones interactivas, animaciones y videos. Para evaluar el rol que tienen las TIC, tanto en la vida academica como cotidiana de los estudiantes considerados en este estudio, se adelantaron dos encuestas; la primera al comenzar este estudio, que consistio en una tipo Likert de 5 niveles, y la final, de respuestas cortas si o no , que abarcaba la opinion de los estudiantes desde las experiencias realizadas hasta la funcion que ellos atribuyeron al docente en el aula. Los resultados indican una ganancia conceptual media en aprendizaje, con un indice normalizado de ganancia de aprendizaje de Hake de 0,41 para algunos cursos; tambien muestran cambios en el trabajo colectivo, visualizados mediante el analisis de redes de afinidad y de colaboracion para el aprendizaje. Todo esto revelo que los recursos tecnologicos facilitaron el proceso de ensenanza/aprendizaje para los estudiantes que presentan algun tipo de necesidad educativa especial; y a los que no tienen, se les facilito la tarea.",13,2,306,324,,,,,,https://doaj.org/article/8bb5cb58e7d145f49c2bbe5ec5d8bc52 https://dialnet.unirioja.es/servlet/articulo?codigo=6750772 https://dialnet.unirioja.es/descarga/articulo/6750772.pdf,http://dx.doi.org/10.14483/23464712.12585,,10.14483/23464712.12585,2888862465,,0,,2,true,cc-by-nc-sa,gold
159-388-318-455-874,Arquitectura de supercomputación en la nube para la resolución de problemas de optimización combinatoria,2015-01-01,2015,dissertation,,,Universidad Politecnica de Madrid - University Library,,Francisco Javier Diego Martín,"La tesis está focalizada en la resolución de problemas de optimización combinatoria, haciendo uso de las opciones tecnológicas actuales que ofrecen las tecnologías de la información y las comunicaciones, y la investigación operativa. Los problemas de optimización combinatoria se resuelven en general mediante programación lineal y metaheurísticas. La aplicación de las técnicas de resolución de los problemas de optimización combinatoria requiere de una elevada carga computacional, y los algoritmos deben diseñarse, por un lado pensando en la efectividad para encontrar buenas soluciones del problema, y por otro lado, pensando en un uso adecuado de los recursos informáticos disponibles. La programación lineal y las metaheurísticas son técnicas de resolución genéricas, que se pueden aplicar a diferentes problemas, partiendo de una base común que se particulariza para cada problema concreto. En el campo del desarrollo de software, los frameworks cumplen esa función de comenzar un proyecto con el trabajo general ya disponible, con la opción de cambiar o extender ese comportamiento base o genérico, para construir el sistema concreto, lo que permite reducir el tiempo de desarrollo, y amplía las posibilidades de éxito del proyecto. En esta tesis se han desarrollado dos frameworks de desarrollo. El framework ILP permite modelar y resolver problemas de programación lineal, de forma independiente al software de resolución de programación lineal que se utilice. El framework LME permite resolver problemas de optimización combinatoria mediante metaheurísticas. Tradicionalmente, las aplicaciones de resolución de problemas de optimización combinatoria son aplicaciones de escritorio que permiten gestionar toda la información de entrada del problema y resuelven el problema en local, con los recursos hardware disponibles. Recientemente ha aparecido un nuevo paradigma de despliegue y uso de aplicaciones que permite compartir recursos informáticos especializados por Internet. Esta nueva forma de uso de recursos informáticos es la computación en la nube, que presenta el modelo de software como servicio (SaaS). En esta tesis se ha construido una plataforma SaaS, para la resolución de problemas de optimización combinatoria, que se despliega sobre arquitecturas compuestas por procesadores multi-núcleo y tarjetas gráficas, y dispone de algoritmos de resolución basados en frameworks de programación lineal y metaheurísticas. Toda la infraestructura es independiente del problema de optimización combinatoria a resolver, y se han desarrollado tres problemas que están totalmente integrados en la plataforma SaaS. Estos problemas se han seleccionado por su importancia práctica. Uno de los problemas tratados en la tesis, es el problema de rutas de vehículos (VRP), que consiste en calcular las rutas de menor coste de una flota de vehículos, que reparte mercancías a todos los clientes. Se ha partido de la versión más clásica del problema y se han hecho estudios en dos direcciones. Por un lado se ha cuantificado el aumento en la velocidad de ejecución de la resolución del problema en tarjetas gráficas. Por otro lado, se ha estudiado el impacto en la velocidad de ejecución y en la calidad de soluciones, en la resolución por la metaheurística de colonias de hormigas (ACO), cuando se introduce la programación lineal para optimizar las rutas individuales de cada vehículo. Este problema se ha desarrollado con los frameworks ILP y LME, y está disponible en la plataforma SaaS. Otro de los problemas tratados en la tesis, es el problema de asignación de flotas (FAP), que consiste en crear las rutas de menor coste para la flota de vehículos de una empresa de transporte de viajeros. Se ha definido un nuevo modelo de problema, que engloba características de problemas presentados en la literatura, y añade nuevas características, lo que permite modelar los requerimientos de las empresas de transporte de viajeros actuales. Este nuevo modelo resuelve de forma integrada el problema de definir los horarios de los trayectos, el problema de asignación del tipo de vehículo, y el problema de crear las rotaciones de los vehículos. Se ha creado un modelo de programación lineal para el problema, y se ha resuelto por programación lineal y por colonias de hormigas (ACO). Este problema se ha desarrollado con los frameworks ILP y LME, y está disponible en la plataforma SaaS. El último problema tratado en la tesis es el problema de planificación táctica de personal (TWFP), que consiste en definir la configuración de una plantilla de trabajadores de menor coste, para cubrir una demanda de carga de trabajo variable. Se ha definido un modelo de problema muy flexible en la definición de contratos, que permite el uso del modelo en diversos sectores productivos. Se ha definido un modelo matemático de programación lineal para representar el problema. Se han definido una serie de casos de uso, que muestran la versatilidad del modelo de problema, y permiten simular el proceso de toma de decisiones de la configuración de una plantilla de trabajadores, cuantificando económicamente cada decisión que se toma. Este problema se ha desarrollado con el framework ILP, y está disponible en la plataforma SaaS. ABSTRACT The thesis is focused on solving combinatorial optimization problems, using current technology options offered by information technology and communications, and operations research. Combinatorial optimization problems are solved in general by linear programming and metaheuristics. The application of these techniques for solving combinatorial optimization problems requires a high computational load, and algorithms are designed, on the one hand thinking to find good solutions to the problem, and on the other hand, thinking about proper use of the available computing resources. Linear programming and metaheuristic are generic resolution techniques, which can be applied to different problems, beginning with a common base that is particularized for each specific problem. In the field of software development, frameworks fulfill this function that allows you to start a project with the overall work already available, with the option to change or extend the behavior or generic basis, to build the concrete system, thus reducing the time development, and expanding the possibilities of success of the project. In this thesis, two development frameworks have been designed and developed. The ILP framework allows to modeling and solving linear programming problems, regardless of the linear programming solver used. The LME framework is designed for solving combinatorial optimization problems using metaheuristics. Traditionally, applications for solving combinatorial optimization problems are desktop applications that allow the user to manage all the information input of the problem and solve the problem locally, using the available hardware resources. Recently, a new deployment paradigm has appeared, that lets to share hardware and software resources by the Internet. This new use of computer resources is cloud computing, which presents the model of software as a service (SaaS). In this thesis, a SaaS platform has been built for solving combinatorial optimization problems, which is deployed on architectures, composed of multi-core processors and graphics cards, and has algorithms based on metaheuristics and linear programming frameworks. The SaaS infrastructure is independent of the combinatorial optimization problem to solve, and three problems are fully integrated into the SaaS platform. These problems have been selected for their practical importance. One of the problems discussed in the thesis, is the vehicle routing problem (VRP), which goal is to calculate the least cost of a fleet of vehicles, which distributes goods to all customers. The VRP has been studied in two directions. On one hand, it has been quantified the increase in execution speed when the problem is solved on graphics cards. On the other hand, it has been studied the impact on execution speed and quality of solutions, when the problem is solved by ant colony optimization (ACO) metaheuristic, and linear programming is introduced to optimize the individual routes of each vehicle. This problem has been developed with the ILP and LME frameworks, and is available in the SaaS platform. Another problem addressed in the thesis, is the fleet assignment problem (FAP), which goal is to create lower cost routes for a fleet of a passenger transport company. It has been defined a new model of problem, which includes features of problems presented in the literature, and adds new features, allowing modeling the business requirements of today's transport companies. This new integrated model solves the problem of defining the flights timetable, the problem of assigning the type of vehicle, and the problem of creating aircraft rotations. The problem has been solved by linear programming and ACO. This problem has been developed with the ILP and LME frameworks, and is available in the SaaS platform. The last problem discussed in the thesis is the tactical planning staff problem (TWFP), which is to define the staff of lower cost, to cover a given work load. It has been defined a very rich problem model in the definition of contracts, allowing the use of the model in various productive sectors. It has been defined a linear programming mathematical model to represent the problem. Some use cases has been defined, to show the versatility of the model problem, and to simulate the decision making process of setting up a staff, economically quantifying every decision that is made. This problem has been developed with the ILP framework, and is available in the SaaS platform.",,,,,Humanities; Philosophy,,,,,https://oa.upm.es/39367/1/FRANCISCO_JAVIER_DIEGO_MARTIN.pdf https://doi.org/10.20868/upm.thesis.39367,http://dx.doi.org/10.20868/upm.thesis.39367,,10.20868/upm.thesis.39367,,,0,,0,true,cc-by-nc-nd,gold
160-683-626-368-593,"O ENSINO E A APRENDIZAGEM ATRAVÉS DO LÚDICO: UM ESTUDO DE CASO NA TURMA DE 1º ANO DA ESCOLA ESTADUAL MYRTHES MARQUES TRIGUEIRO, MANAUS-AM",2022-02-14,2022,conference proceedings article,"Anais do I Congresso Brasileiro On-line de Ensino, Pesquisa e Extensão",,Revista Multidisciplinar de Educação e Meio Ambiente,,Maria de Fatima Freitas de Souza,"<jats:p>Introdução:  A  agitação  e  falta  de  concentração  nos  alunos  do  1º  Ano  do  Ensino  Fundamental 1 é uma preocupação que analisa as possibilidades de uma aprendizagem criativa e significativa através do lúdico. A pesquisa trata-se de um estudo de caso que, numa abordagem qualitativa buscou responder a seguinte questão: O professor do 1º Ano do  Ensino  Fundamental  1  pode  utilizar  o  lúdico  como  estratégia  facilitadora  de  aprendizagem? Objetivo:  Mediante  esta  questão,  a  pesquisa  apresenta  como  objetivo  principal: Compreender a aplicação do lúdico enquanto estratégia pedagógica voltada ao ensino aprendizagem de crianças do 1º Ano do Ensino Fundamental 1 na Escola Estadual Myrthes  Marques  Trigueiro  no  município  de  Manaus-AM. Material  e  métodos: Participaram da investigação duas professoras da turma e 28 alunos com idades entre 6 e 7  anos.  As  técnicas  utilizadas  foram  as  observações  e  as  entrevistas,  que  permitiram  identificar  as  práticas  pedagógicas  utilizadas  pelas  professoras  acerca  do  lúdico  no  processo de ensino e aprendizagem no ambiente escolar. O processo de análise de dados coletados  e  considerações  evidenciaram  as  concepções  das  professoras  sobre  o  lúdico  através  de  suas  práticas  educativas  no  ambiente  escolar.  Resultados:  Este  trabalho  elucida   que   as   professoras   acreditam   na   importância   de   uma   prática   educativa   diferenciada,   e   reconhecem   a   importância   do   lúdico   no   processo   de   ensino   e   aprendizagem das crianças do 1º ano. As estratégias lúdicas são planejadas de acordo com os  conteúdos  de  ensino  para  as  aulas  do  1º  ano,  com  objetivos  claros  e  com  fins  educativos, proporcionando ao educando tornar-se um indivíduo mais criativo, autônomo e feliz, facilitando sua inserção no mundo social. Conclusão: Os resultados encontrados sinalizam  a  eficácia  da  prática  pedagógica  pautada  no  lúdico  para  a  aprendizagem  de  crianças do 1º Ano. A pesquisa nos permite reconhecer como o lúdico é evidenciado, e que,  através  de  jogos  e  brincadeiras  o  processo  de  ensino  e  aprendizagem  se  torna  prazeroso e a criança aprende brincando.</jats:p>",,,,,Humanities; Philosophy; Psychology,,,,,,http://dx.doi.org/10.51189/ensipex/25,,10.51189/ensipex/25,,,0,,0,true,,bronze
160-833-498-791-178,"Volumen 17, número 1",2013-12-12,2013,journal article,Educación XX1,21745374; 1139613x,UNED - Universidad Nacional de Educacion a Distancia,Spain,- -,"nas propuestas que creemos pueden ayudar a generar, favorecer y mejorar los procesos de acceso y de transicin de los estudiantes a la etapa universitaria.",17,1,,,Biology,Universidad; acceso; competencias; estudiantes; educación secundaria Higher Education; access; skills; college students; secondary education Department of Employment; Education; Training and Youth Affairs; Evaluations and Investigations program; Higher education Division Género; Universidad; Carrera académica; Investigación Gender; Higher Education; Academic career; Research,,,,https://revistas.uned.es/index.php/educacionXX1/article/download/11580/11296 https://doi.org/10.5944/educxx1.17.1.11580,http://dx.doi.org/10.5944/educxx1.17.1.11580,,10.5944/educxx1.17.1.11580,,,0,,0,true,cc-by-nc,gold
160-974-468-020-937,Autocuidado e gestão de si: hábitos saudáveis na mídia impressa semanal,,,dissertation,,,"Universidade de Sao Paulo, Agencia USP de Gestao da Informacao Academica (AGUIA)",,Maria Regina Cariello Moraes,"RESUMO Nas últimas décadas, assistimos ao aumento da preocupação com a saúde e à consolidação da concepção de que ser saudável depende tão somente da sistematização dos hábitos cotidianos e de comportamentos considerados corretos para manter a longevidade. A adoção de um estilo de vida saudável padronizado por critérios científicos vem se tornando, aparentemente, uma obrigação que independe da escolha voluntária, tamanha é a pressão social que demanda do indivíduo autocuidado. A propalada concepção de saúde enquanto amplo bem-estar inclui a adoção de hábitos preventivos que mantenham a saúde física e mental pelo máximo número de anos, de preferência conservando a beleza, o bom humor e a disposição produtiva da juventude. Ao mesmo tempo evidencia-se uma nova moralidade pautada nos riscos de saúde, na qual a responsabilidade sobre o próprio adoecimento condena os não saudáveis à condição de irresponsáveis e desviantes. O objetivo desta tese é problematizar a retórica acerca da vida saudável, a partir do noticiário semanal veiculado em revistas brasileiras de variedades, procurando identificar o que poderia ter contribuído para a sobrevalorização da saúde como norteadora dos comportamentos. Do ponto de vista da discussão efetuada, o atual ideário de saúde e bemestar é resultado de um processo abrangente, de âmbito mundial, que envolve tanto aspectos macroeconômicos como modificações nos valores culturais que confluíram para a legitimação da responsabilidade individual por todas as condições de existência, inclusive por aquelas advindas das circunstâncias sociais. O autocuidado em matéria de saúde seria parte de uma conduta racional de gestão de si, como se o indivíduo fosse uma empresa, legitimada como ideal de bem-viver, que pressupõe a autodisciplina corporal e emocional para maximização da vitalidade ou do capital humano. O indivíduo passa a ser, ele próprio, objeto de trabalho para alcançar uma vida melhor e mais longa, que, de acordo com o noticiário, estaria apenas nas mãos de cada um.",,,,,,PALAVRAS-CHAVE Autocuidado; Gestão de si; Estilo de vida saudável; Sociologia da saúde; bem-estar,,,,https://www.teses.usp.br/teses/disponiveis/8/8132/tde-23012015-182017/pt-br.php https://www.teses.usp.br/teses/disponiveis/8/8132/tde-23012015-182017/publico/2014_MariaReginaCarielloMoraes_VOrig.pdf,http://dx.doi.org/10.11606/t.8.2014.tde-23012015-182017,,10.11606/t.8.2014.tde-23012015-182017,2468152015,,0,,1,true,cc-by-nc-sa,gold
161-778-861-002-928,Perspectivas y retos de la educación Lasaliana para el siglo XXI,,2018,book,,,Universidad de La Salle. Ediciones Unisalle,,Carmen Amalia Camacho Sanabria; Irma Lucía Bórquez; Itziar Muniozguren Colindres,"<jats:p>Si bien la formación lasallista actual se fundamenta en la tradición de las Escuelas Cristianas impulsadas por San Juan Bautista de La Salle, son múltiples los modelos y los territorios en los que esta se desarrolla (993 escuelas repartidas en 77 países en los cinco continentes). De ahí la necesidad de explorar qué hay de común, qué de diferente, dónde se encuentra la impronta lasallista, cómo esta se ha resignificado, desaparecido o, por el contrario, revitalizado con la historia y los sueños de los hombres y mujeres que se nutren de su tradición y la hacen vida en sus obras. Para ello, se configuró una estrategia de trabajo en red que permitiera la articulación entre los diferentes actores involucrados (RELAN [América del Norte: Estados Unidos], RELAF [región africana Malgache: Guinea Ecuatorial], PARC [Asia Pacífico: Filipinas], RELEM [Europa-Mediterráneo: España] y RELAL [América Latina: México y Colombia]). A partir de lo encontrado, en el presente libro se recogen las conclusiones y retos de la pedagogía lasaliana en el siglo XXI en las regiones RELEM y RELAL</jats:p>",,,,,,,,,,https://ciencia.lasalle.edu.co/libros/28/ https://ciencia.lasalle.edu.co/cgi/viewcontent.cgi?article=1027&context=libros,http://dx.doi.org/10.19052/978-958-5400-89-4,,10.19052/978-958-5400-89-4,2806251633,,0,,1,true,cc-by-nc-nd,hybrid
161-893-756-024-969,Funciones ejecutivas y trastorno del espectro autista en la infancia: Una revisión sistemática,2025-07-15,2025,journal article,KIRIA: Revista Científica Multidisciplinaria,31031129,"International Foundation for Education, Science and Technology (FIECYT)",,José Clemente Mora-Rosales; Verónica Mishel Díaz-Alulema; Joselyn Pamela Echeverría-Almeida; Marjori Lorena Cerda-Andi,"<jats:p>Se aborda la relevancia de las funciones ejecutivas (FE) en el desarrollo cognitivo, emocional y social de niños diagnosticados con Trastorno del Espectro Autista (TEA). Estas funciones, como la planificación, la memoria de trabajo, la flexibilidad cognitiva y el control inhibitorio, se ven afectadas en esta población, condicionando su adaptación escolar, autonomía y relaciones sociales. El objetivo principal fue analizar sistemáticamente la literatura científica nacional e internacional sobre las funciones ejecutivas en niños con TEA, a fin de identificar hallazgos clave y brechas investigativas que contribuyan a mejorar la intervención educativa y clínica. La metodología consistió en una revisión sistemática cualitativa basada en el protocolo PRISMA. Se realizó una búsqueda en bases como Scopus, SciELO, Redalyc, Dialnet y Google Scholar, obteniéndose 48 artículos, de los cuales se seleccionaron 15 estudios que cumplían con los criterios de inclusión establecidos. Estos fueron clasificados por tipo de FE, población objetivo y contexto geográfico. Los resultados evidencian déficits comunes en memoria de trabajo, planificación y control inhibitorio en niños con TEA. Además, se destaca la eficacia de programas como el ABA, PECS, y las intervenciones socioemocionales. También se identificaron diferencias de género y casos de doble excepcionalidad. En conclusión, las funciones ejecutivas juegan un papel determinante en la vida de los niños con TEA. El estudio permitió identificar patrones consistentes y subrayó la necesidad de abordajes educativos más inclusivos, ajustados a las características individuales y contextuales.</jats:p>",1,1,174,190,Psychology,,,,,https://revistasfiecyt.com/index.php/kiria/article/download/119/302 https://doi.org/10.53877/6ewjhw60,http://dx.doi.org/10.53877/6ewjhw60,,10.53877/6ewjhw60,,,0,,0,true,cc-by-nc-sa,hybrid
163-161-100-771-784,Aspectos del Trastorno Espectro Autista Relevantes para la Psicopedagogía: Una Revisión Sistemática,2024-01-10,2024,journal article,Ciencia Latina Revista Científica Multidisciplinar,27072215; 27072207,Asociacion Latinoamericana para el Avance de la Ciencia,,Franklin Cerrud Álvarez; Judith Eneida Valdés Agrazal; César Antonio Pérez Castillo; Carmen Marín,"<jats:p>El trastorno del espectro autista es un conjunto de características que modifican el comportamiento de una persona a nivel social y comunicativo, con patrones atípicos de funcionamiento y comportamiento. Se desarrolla una revisión sistemática enfocada en destacar los aspectos relevantes a conocer en psicopedagogía, responde a un rango de temporalidad para las publicaciones de los últimos cinco años. Para la recolección de información se utilizó la base de datos SCOPUS, a través de Science Direct, en donde luego de una depuración de resultados se proyectan doce resultados para el análisis, los cuales, abordan tres aspectos claves; las características clínicas, repercusión del contexto, avances y modelos de intervención en el aprendizaje. Se concluye que el trastorno espectro autista tiene repercusiones en el desarrollo de formación y aprendizaje, sin embargo, la detección oportuna, terapias de rehabilitación, incorporación de modelos de trabajo en los distintos niveles académicos y el apoyo de los avances tecnológicos facilitan su inserción en los distintos contextos sociales.</jats:p>",7,6,5821,5834,Humanities; Psychology; Philosophy,autism; neurodevelopment; psychopedagogy,,,,https://ciencialatina.org/index.php/cienciala/article/download/9120/13604 http://dx.doi.org/10.37811/cl_rcm.v7i6.9120,http://dx.doi.org/10.37811/cl_rcm.v7i6.9120,,10.37811/cl_rcm.v7i6.9120,,,0,,1,true,cc-by,gold
164-002-898-962-122,Screendance festivals,2018-06-15,2018,book,,,Editorial Universitat Politècnica de València,,Blas Pairy; Rafael Vicente Arnal Rodrigo,"<jats:p>A través de esta colección se pretende comunicar los últimos análisis desarrollados en el estudio de la videodanza, incluyendo todas las manifestaciones de film de danza. En cada número de la colección se presenta un estudio sobre un tema concreto que podrá estar basado en aproximaciones históricas a la videodanza, análisis de géneros, subgéneros y tendencias, aplicación de análisis fílmico y los procesos e intenciones de creación, recepción y producción de la videodanza. Junto a este análisis reflexivo, se incluyen estudios de casos y de experiencias concretas que proporcionan una visión más completa al lector. A su vez, es de destacar el catálogo de obras sobre creadores concretos junto a una breve reseña que acompaña cada monográfico</jats:p>",,,,,Humanities; Art,,,,,https://monografias.editorial.upv.es/index.php/vs/article/download/151/72 https://doi.org/10.4995/vs.2018.638301,http://dx.doi.org/10.4995/vs.2018.638301,,10.4995/vs.2018.638301,,,0,,0,true,cc-by-nc-nd,hybrid
165-226-719-532-91X,O efeito da sinalização de qualidade no contexto de serviços,,2014,journal article,Revista de Administração Contemporânea,14156555,FapUNIFESP (SciELO),,Gabriela Solalinde; Cristiane Pizzutti,"Signaling theory states that signals are firms' actions that communicate information about the quality of a product. The main purpose of this research is to investigate the effect of signal quality in a service context, through the investigation of the signaling effects of price and responsiveness in a service context. Perceived behavior control, regarded as an individual's perception of the ability to perform a behavior, was proposed as a moderator between signaling variables and perceived quality. Two experimental studies with factorial and inter-subject designs were conducted in order to test the hypotheses formulated from the literature review. Results from both experiments show that signaling quality through price and responsiveness can affect perceived quality. The second experiment supports the hypothesis of perceived behavior control moderation between price as a signaling variable and perceived quality, but not between responsiveness and perceived quality. These results and their implications are discussed in the final section of the paper.",18,3,261,284,Product (category theory); Psychology; Perception; Quality (business); Context (language use); Service (business); Affect (psychology); Signalling; Social psychology; Moderation,sinalização de qualidade; preço; responsividade; controle comportamental percebido signaling quality; price; responsiveness; perceived behavior control,,,,https://www.scielo.br/j/rac/a/hcwb39bLhyxvmjNZS3nyn3s/ http://www.scielo.br/scielo.php?script=sci_arttext&pid=S1415-65552014000300003 https://www.scielo.br/scielo.php?pid=S1415-65552014000300003&script=sci_arttext https://www.scielo.br/pdf/rac/v18n3/v18n3a03.pdf https://www.lume.ufrgs.br/handle/10183/99413 https://core.ac.uk/display/27234685 http://www.anpad.org.br/periodicos/arq_pdf/a_1467.pdf,http://dx.doi.org/10.1590/1982-7849rac20141353,,10.1590/1982-7849rac20141353,1984668218,,0,002-975-624-225-877; 005-481-910-515-33X; 008-924-621-166-785; 009-299-623-546-736; 010-104-568-274-995; 010-478-768-384-415; 019-294-947-721-14X; 020-380-994-016-968; 021-149-046-962-879; 024-690-667-955-991; 026-123-599-185-754; 027-374-221-541-553; 028-399-085-691-975; 031-884-994-066-058; 033-361-564-422-171; 033-547-684-264-097; 034-442-658-758-523; 037-019-550-150-269; 038-468-854-345-647; 041-322-321-883-449; 041-729-710-615-979; 042-955-477-909-189; 043-715-310-796-956; 044-498-856-051-145; 044-858-821-050-675; 045-661-669-469-080; 046-105-335-302-626; 048-131-555-840-401; 048-551-386-551-924; 049-104-082-206-568; 049-466-768-340-647; 050-676-024-846-486; 058-168-629-297-803; 064-241-346-060-641; 064-473-563-429-25X; 066-402-737-584-829; 069-905-388-850-079; 075-914-024-178-543; 075-926-100-411-350; 078-860-563-952-102; 079-598-754-717-717; 079-697-613-452-333; 080-295-803-419-140; 081-349-388-488-145; 085-271-296-062-145; 087-664-051-963-498; 091-298-682-403-62X; 093-177-118-945-956; 105-359-900-095-032; 107-670-435-752-07X; 108-915-135-791-842; 109-770-078-547-545; 113-565-849-458-391; 117-208-296-303-735; 122-370-312-663-586; 124-890-253-043-927; 127-155-391-392-568; 139-308-225-347-403; 149-627-503-236-537; 156-637-601-772-037; 167-489-797-219-731; 168-616-112-558-622; 171-214-493-809-857; 182-767-610-153-834; 184-441-468-599-888; 188-661-328-091-740; 197-767-762-292-459,4,true,cc-by,gold
166-022-948-532-034,Enseñar a pensar en el aula universitaria: una experiencia en las aulas de maestro de la Universidad de La Rioja,2013-05-15,2013,journal article,Contextos Educativos. Revista de Educación,16955714; 1575023x,Universidad de la Rioja,,Alicia Pérez de Albéniz Iturriaga; María Teresa Pascual Sufrate,"The teacher’s work means not only a sound knowledge about the students’ possible especial needs but also a critical thought and a creative mind for the direct treatment with these students. In the context of the subject “Psychological Foundation for Especial Education” in the degree of Education in the University of La Rioja an innovative experiment was carried out in order to develop the students’ competences. In fact, its main objective was to activate the students’ critical thought about their previous ideas on the especial educative needs and the knowledge one acquires in the classroom context. Moreover, another objective was to develop their creative mind about the possible activities that a teacher can use with his students, depending on their needs. Two topics were mainly dealt with this methodology: high capacities and disturbance of the autistic spectrum. Several activities were carried out and the results proved very positive effects about the students’ motivation and learning.",13,13,141,154,Psychology; Pedagogy; Subject (philosophy); Context (language use); Direct Treatment; Critical thought; Autistic spectrum,,,,,https://dialnet.unirioja.es/descarga/articulo/3395430.pdf https://dialnet.unirioja.es/servlet/articulo?codigo=3395430 https://investigacion.unirioja.es/documentos/5c13b26dc8914b6ed377d9e1 https://publicaciones.unirioja.es/ojs/index.php/contextos/article/view/631 https://publicaciones.unirioja.es/ojs/index.php/contextos/article/download/631/594 https://redined.mecd.gob.es/xmlui/handle/11162/48147,http://dx.doi.org/10.18172/con.631,,10.18172/con.631,156966491,,0,,1,true,cc-by,gold
166-506-769-535-441,Creencias sobre trastornos del espectro del autismo en maestras de educación inicial y básica primaria de instituciones educativas de la ciudad de Bogotá,2022-07-06,2022,dissertation,,,Editorial Pontificia Universidad Javeriana,,Nicol Valentina Ovalle Pinzon,"<jats:p xml:lang=""spa"">En Colombia la educación inclusiva ha sido un tema de debate en los últimos años, sin embargo, aún quedan grandes barreras por derribar para consolidar prácticas de reconocimiento de los niños y niñas con Trastornos del Espectro del Autismo (TEA) al interior de las aulas regulares. De esta manera, la presente investigación busca caracterizar las creencias de los docentes frente a la inclusión de niños y niñas con TEA en la escuela. Para alcanzar el objetivo propuesto, se entrevistó a veinte docentes de preescolar y primaria acerca de sus creencias al respecto. Las entrevistas se enmarcaron en cinco categorías centrales derivadas de la exploración de antecedentes y de referentes teóricos: creencias docentes sobre la conceptualización acerca de los TEA, creencias docentes sobre las características de los niños y niñas con TEA, creencias sobre el rol docente en aulas regulares con niños y niñas con TEA, creencias docentes sobre el contexto institucional y creencias docentes sobre el contexto familiar. Entre los hallazgos se puede destacar que, en términos generales, una mayor parte de las maestras tiene creencias pertinentes frente a los TEA y la inclusión de niños y niñas con este trastorno; sin embargo, aún quedan maestras con creencias distantes que no reconocen su rol como docentes frente a los niños con TEA o que consideran que las instituciones especializadas deben ser las responsables de su educación. Lo anterior, está relacionado principalmente con dos factores: las experiencias pedagógicas docentes y su formación profesional en relación con la educación inclusiva.</jats:p>",,,,,Humanities; Psychology; Sociology; Philosophy,,,,,,http://dx.doi.org/10.11144/javeriana.10554.60583,,10.11144/javeriana.10554.60583,,,0,,1,true,cc-by-nc-nd,gold
168-531-918-029-794,Análise molecular das estruturas e diversidade de comunidades microbianas em solo de manguezal preservado da Ilha do Cardoso-SP,,,dissertation,,,"Universidade de Sao Paulo, Agencia USP de Gestao da Informacao Academica (AGUIA)",,Lucas William Mendes,"MENDES, L. W. Molecular analysis of the structures and diversity of microbial communities in soil of preserved mangroves of Ilha do Cardoso-SP. 2009. 141 f. Dissertação (Mestrado) -",,,,,Humanities; Biology,Microbial ecology; Mangrove; T-RFLP; ARISA; rRNA,,,,https://www.teses.usp.br/teses/disponiveis/64/64133/tde-27042010-112316/pt-br.php,http://dx.doi.org/10.11606/d.64.2009.tde-27042010-112316,,10.11606/d.64.2009.tde-27042010-112316,1558920716,,0,,3,true,cc-by-nc-sa,gold
168-808-478-778-992,Ciência e Tecnologia de Alimentos: pesquisa e práticas contemporâneas,,2021,book,,,Editora Científica Digital,,Lorena Daher Carneiro Oliva; Paula Barbosa dos Santos; Naiara Maria Araújo Rios Ribeiro; Alane Alves da Silva; Junival Vieira Lima; Sheyla Priscila Oliveira Nascimento; Mariele Nascimento de Souza; Gabriel Silvério Filbido; Jackeline Nerone Leite; Beatriz Oliveira de Amorim; Caroline Alves Batista; Adriana Paiva de Oliveira; Mauricio Souza dos Santos; Carlos Alberto Martins Cordeiro; Evaldo Martins da Silva; Bruna Almeida d Silva,"Esta obra intitulada “Ciência e Tecnologia de Alimentos: Pesquisa e Prática” nos brinda com capítulos diversificados, constituindo-se de artigos científicos que englobam temas como a análise de alimentos, elaboração de produtos e análise sensorial, avaliação de atividades de compostos bioativos presentes em alimentos in natura e processados, elaboração e avaliação de produtos fermentados, qualidade microbiológica de alimentos, caracterização da estabilidade de alimentos, aplicação de enzimas na elaboração de produtos alimentícios, metodologias de extração de compostos bioativos e avaliação de processos de encapsulação, aspectos da goumertização de produtos alimentícios, entre outros. Com o espírito de impulsionar a divulgação técnico-científica, esta obra constituiu-se a partir de um processo colaborativo entre professores, estudantes e pesquisadores que se destacaram e qualificaram as discussões neste espaço formativo. Resulta, também, de movimentos interinstitucionais e de ações de incentivo à pesquisa que congregam pesquisadores das mais diversas áreas do conhecimento e de diferentes Instituições de Educação Superior públicas e privadas, de abrangência nacional e internacional. Tem como objetivo integrar ações interinstitucionais nacionais e internacionais com redes de pesquisa que tenham a finalidade de fomentar a formação de pesquisadores na área de Ciência e Tecnologia de Alimentos e de áreas afins, por meio da produção e socialização de seus conhecimentos. Agradecemos aos autores pelo empenho, disponibilidade e dedicação para o desenvolvimento e conclusão dessa obra. Esperamos também que esta obra sirva de instrumento didático-pedagógico para estudantes, professores dos diversos níveis de ensino em seus trabalhos e demais interessados pela temática.",,,,,Humanities; Art,Cafés Especiais; Cafeterias; Gourmet,,,,https://downloads.editoracientifica.com.br/books/978-65-89826-52-1.pdf https://doi.org/10.37885/978-65-89826-52-1,http://dx.doi.org/10.37885/978-65-89826-52-1,,10.37885/978-65-89826-52-1,,,0,,0,true,cc-by-nc-nd,hybrid
169-574-395-297-066,MOVIMENTO ANTIVACINA: A PANDEMIA DA DÉCADA,2023-04-20,2023,conference proceedings article,Anais do I Congresso Nacional de Saúde da Família On-line,,Revista Multidisciplinar em Saúde,,Kimberly Vanessa Menezes Melendez; MARIA EDUARDA DE OLIVEIRA MATTOS; FERNANDA QUEIROZ XAVIER; MARCOS VINÍCIUS MEIRA VAZ; CIBELLE TAVARES DE OLIVEIRA FREITAS,,,,,,Computer science,,,,,https://doi.org/10.51161/conasf/13827 http://doi.org/10.51161/conasf/13827,http://dx.doi.org/10.51161/conasf/13827,,10.51161/conasf/13827,,,0,,0,true,,gold
169-971-555-398-333,Análisis comparativo de la normativa relativa a la atención a la diversidad en educación infantil,2022-11-30,2022,journal article,Conhecimento & Diversidade,22378049; 19833695,Centro Universitario La Salle - UNILASALLE,,María Ángeles Fernández Vilar; María del Mar Bernabé Villodre,"INTRODUCCIÓN. La cambiante realidad educativa termina por reflejarse en la Educación Infantil, momento básico para el establecimiento de unas bases formativas determinantes para el posterior desarrollo psicoeducativo del alumnado. Pueden ser muchas las problemáticas que pueden darse en la Educación Primaria porque no han sabido asentarse rutinas adecuadas en el proceso de enseñanza/aprendizaje en Infantil. Atender a la diversidad de aprendizajes del alumnado debe partir siempre desde la legislación vigente. METODOLOGÍA. Atendiendo a esto, resulta lícita la realización de una investigación bibliográfica, en este caso legislativa, centrada en analizar cómo es atendida la diversidad en la etapa de Infantil, de forma que se posibilite la comprensión de las distintas realidades de aprendizaje y sus formas de resolución por parte del profesorado ya desde esta etapa inicial. RESULTADOS. Ha podido constatarse que no todas las comunidades autónomas presentan normativa específica independiente de la general. Las referencias a la atención a la diversidad resultan nimias, comparadas con la ingente cantidad de problemáticas que pueden encontrarse. DISCUSIÓN. La investigación relacionada no ha dado muestras de interés por parte del profesorado que, si bien presenta propuestas de atención a esta diversidad desde Infantil, no parece quedar amparado por la legislación correspondiente.",14,34,235,235,Humanities; Political science; Philosophy,Early Childhood Education; Attention to Diversity; Inclusion; Measures; Regulations,,,,https://revistas.unilasalle.edu.br/index.php/conhecimento_diversidade/article/download/10176/pdf https://doi.org/10.18316/rcd.v14i34.10176,http://dx.doi.org/10.18316/rcd.v14i34.10176,,10.18316/rcd.v14i34.10176,,,0,,0,true,,gold
170-019-598-078-237,Aulas de educación especial en España: análisis comparado,2019-08-01,2019,journal article,Siglo Cero Revista Española sobre Discapacidad Intelectual,25300350; 02101696,Ediciones Universidad de Salamanca,Spain,Rogelio Martínez Abellán; Mónica Porto Currás; Carlos F. Garrido Gil,"This article presents a comparative analysis of the philosophy and organization with which special classrooms are developed for students with special educational needs within ordinary schools in the different Spanish autonomous communities. To do this, a tour is made through the legislation that regulates them in each autonomous community, comparing their nomenclature, characteristics and ratio of the students they attend, professionals involved, requirements for its implementation, as well as the purpose with which they are created. The main results indicate that the different autonomous communities offer alternatives that differ in important aspects such as the consideration of these classrooms as units that replace the special education centers, but they fulfill the same functions, or as spaces within the ordinary centers in the which seeks a progressive inclusion of students who attend. Although they are classrooms created to seek the greater inclusion of students with severe educational needs, the regulations of the different autonomous communities do not always fit this purpose.",50,3,89,120,Sociology; Inclusion (education); Pedagogy; Legislation; Special education; Special educational needs,special classrooms; open classrooms; students with special educational needs; multiple disabilities; inclusion; autonomous communities; modalities of schooling,,,,http://riberdis.cedd.net/handle/11181/5974 https://gredos.usal.es/handle/10366/142200 https://gredos.usal.es/bitstream/10366/142200/1/Aulas_de_educacion_especial_en_Espana_an.pdf https://rca.usal.es/index.php/0210-1696/article/view/scero201950389120 https://rca.usal.es/index.php/0210-1696/article/download/scero201950389120/21195 https://dx.doi.org/10.14201/scero201950389120 https://revistas.usal.es/index.php/0210-1696/article/download/scero201950389120/21195 https://www.scilit.net/article/e33e0c1809a84e113ffe2686bd124ffc https://revistas.usal.es/index.php/0210-1696/article/view/scero201950389120 http://dx.doi.org/10.14201/scero201950389120 https://dialnet.unirioja.es/servlet/articulo?codigo=7075548,http://dx.doi.org/10.14201/scero201950389120,,10.14201/scero201950389120,2976012283,,0,049-452-355-649-104; 095-033-803-614-805; 134-160-044-794-837,4,true,cc-by-nc-sa,gold
170-104-903-018-801,Sinalização purinérgica: implicações fisiopatológicas,,2021,book,,,Editora UFFS,,Andréia Machado Cardoso; Leandro Henrique Manfredi; Sara Franco Vieira de Oliveira Maciel,"<jats:p>Embora existam diversos grupos brasileiros de pesquisa da sinalização purinérgica, o conhecimento sobre o tema tem sido amplamente difundido em língua inglesa em periódicos internacionais. Em língua portuguesa, os estudos, de um modo geral, constituem dissertações e teses. Todos os colaboradores do livro são pesquisadores brasileiros que estudam alguma situação fisiológica ou patológica envolvendo o sistema purinérgico. O livro trata do funcionamento da sinalização purinérgica em condições fisiológicas gerais e sobre a história das enzimas e dos receptores purinérgicos. Aborda situações fisiológicas, como a modulação do sistema purinérgico pelo exercício físico e por moléculas nutracêuticas. E dedica alguns capítulos para a relação da sinalização purinérgica em condições patológicas: diversos tipos de câncer; doenças endócrinas, como diabetes e disfunções da glândula tireoide; doença renal; hipertensão arterial sistêmica; doenças degenerativas, como doença de Alzheimer e doença macular relacionada à idade; doenças parasitárias e virais, dentre outras.</jats:p>",,,,,Medicine; Philosophy,,,,,,http://dx.doi.org/10.7476/9786586545494,,10.7476/9786586545494,,,0,,3,true,cc-by-nc-sa,hybrid
170-778-566-481-432,"Atualidades na saúde e bem-estar animal, volume 5",,2022,book,,,Editora In Vivo,,Victor Hugo Vieira Rodrigues; Glenda Roberta Freire Lima; Thaís Maria Araújo Batista; Lorena Santos Bezerra,"corpo, podendo ser transitórios permanentes, externos ou internos (BAUERMEISTER;",,,,,Volume (thermodynamics); Physics; Thermodynamics,,,,,https://doi.org/10.47242/978-65-87959-05-4 http://doi.org/10.47242/978-65-87959-05-4,http://dx.doi.org/10.47242/978-65-87959-05-4,,10.47242/978-65-87959-05-4,,,0,,0,true,,bronze
171-091-280-266-476,"Talento académico en la enseñanza general: contexto cubano, una revisión bibliográfica",2022-03-30,2022,journal article,Zenodo (CERN European Organization for Nuclear Research),,,,Magalys Reyes Rodríguez; Annia Vizcaino Escobar,Revista PSIDIAL: Psicología y Diálogo de Saberes Vol. 1 Núm. 1 Enero - junio de 2022,,,,,Philosophy; Art,Cuba; general education; systematic review  academic talent,,,,https://zenodo.org/record/6395369,http://dx.doi.org/10.5281/zenodo.6395369,,10.5281/zenodo.6395369,,,0,,0,true,cc-by,green
171-639-315-309-570,SERVIÇO SOCIAL E DIREITOS HUMANOS: UM ESTUDO TEÓRICO SOBRE O SERVIÇO SOCIAL NO CONTEXTO DO SISTEMA PENITENCIÁRIO,,2020,book chapter,AMPLAMENTE: SOCIEDADE E CONHECIMENTO,,Amplamente Cursos e Formação Continuada,,Ana Rita de Andrade Rodrigues Santos; Viviane Siqueira Silva; Claudia Maria Ramos Santos; Jacqueline Nascimento Xavier,"Este obra está licenciado com uma Licença Creative Commons Atribuição-NãoComercial-SemDerivações 4.0 Internacional. Este e-book possui textos nacionais e internacionais. Alguns direitos reservados. Partes desta obra podem ser utilizadas ou reproduzidas desde que sejam devidamente citadas e referenciadas. Cada autor é inteiramente responsável por seu(s) respectivo(s) texto(s), isentando a Amplamente Cursos e Formação Continuada de qualquer problema ou erro.",,,398,416,,,,,,,http://dx.doi.org/10.47538/ac-2020.08-34,,10.47538/ac-2020.08-34,,,0,,0,true,,bronze
172-570-545-926-818,Função Mitodocondrial e Fatores de risco cardiovasculares em mulheres com obesidade submetidas a treinamento físico,,,dissertation,,,"Universidade de Sao Paulo, Agencia USP de Gestao da Informacao Academica (AGUIA)",,Camila Fernanda Costa e Cunha Moraes Brandão,,,,,,,Obesity. Physical exercise. Energy metabolism. Adipose tissue. Mitochondria. TMAO. Ceramide. Sphingomyelin Human energy metabolism; white adipose tissue; physical training; mitochondria; obesity; UCP1; citrate synthase obesity; cardiovascular risk; physical training; nutrition; body composition; TMAO. Clinical trial registration: clinicaltrails.gov (NCT03119350) and ensaiosclinicos.gov.br (RBR-7dkf7k),,,,https://www.teses.usp.br/teses/disponiveis/17/17138/tde-10042019-092726/publico/CAMILAFERNANDACOSTAECUNHA.pdf,http://dx.doi.org/10.11606/t.17.2019.tde-10042019-092726,,10.11606/t.17.2019.tde-10042019-092726,2954340125,,0,,0,true,cc-by-nc-sa,gold
172-823-121-966-691,La Realidad Aumentada en Educación Primaria desde la visión de los estudiantes,2019-12-20,2019,journal article,Alteridad,13908642; 1390325x,Salesian Polytechnic University of Ecuador,,Verónica Marín-Díaz; Begoña E. Sampedro-Requena,"Working today with digital resources in the classroom is a reality without the possibility of questioning. In this sense, the incorporation of tools such as Augmented Reality (from now on AR) are reflecting a new way of seeing and understanding the teaching and learning process. Its use for curriculum development is very diverse as well as the different ways of incorporating them, depending on the perspective that teachers have of it. In this sense, this article presents the vision that a group of pre service teachers have of AR in Primary Education. Thus, by using an ex post facto design, by the collection the dates a questionnaire with 30 items has been created, distributed in 6 dimensions, using a Likert type response scale of 5 options. The sample has been composed of N=520 students from the University of Cordoba. The main objective of the research has been: to evaluate the possibilities and potentials offered by different software used for the creation of technological environments under the AR architecture to be used in university formative contexts. The main result achieved reflects the non-existence of differences around the perception that teachers have of the RA in the field of primary education that this is a difficult-to-use tool with students with specific educational support needs and that once dominated would be easy to be incorporated into your teaching action.",15,1,61,73,Primary education; Likert scale; Architecture; Augmented reality; Psychology; Pedagogy; Perspective (graphical); Perception; Curriculum development; Formative assessment,Augmented reality; primary education; pre-service teaches; learning; classroom methodology; curricular development,,,,http://scielo.senescyt.gob.ec/scielo.php?script=sci_arttext&pid=S1390-86422020000100061 http://scielo.senescyt.gob.ec/pdf/alteridad/v15n1/1390-325X-alteridad-15-01-00061.pdf https://revistas.ups.edu.ec/index.php/alteridad/article/view/1.2020.05 https://alteridad.ups.edu.ec/index.php/alteridad/article/view/1.2020.05 https://dspace.ups.edu.ec/bitstream/123456789/18202/1/Alt_v15n1_Mar%c3%adn_Sampedro-Requena.pdf https://dialnet.unirioja.es/descarga/articulo/7390921.pdf https://alteridad.ups.edu.ec/index.php/alteridad/article/download/1.2020.05/3570 https://dspace.ups.edu.ec/handle/123456789/18202 https://www.redalyc.org/journal/4677/467761669005/html/ https://dialnet.unirioja.es/servlet/articulo?codigo=7390921,http://dx.doi.org/10.17163/alt.v15n1.2020.05,,10.17163/alt.v15n1.2020.05,2998528632,,0,009-872-941-980-924; 013-049-198-201-341; 016-855-977-208-257; 017-513-970-854-180; 019-117-370-400-351; 019-372-292-796-458; 031-363-854-132-566; 042-353-225-165-904; 044-323-134-365-228; 047-019-689-251-761; 049-708-789-991-827; 055-375-885-344-800; 063-235-589-163-066; 063-295-013-995-278; 068-377-591-418-30X; 070-451-527-219-394; 073-761-110-798-143; 073-846-613-202-754; 075-611-034-530-645; 081-661-155-187-938; 091-091-692-457-754; 095-698-398-880-320; 107-853-712-790-747; 108-249-944-751-70X; 112-227-888-343-185; 113-662-819-397-369; 123-690-898-169-41X; 123-785-889-081-362; 133-598-893-261-226; 143-557-291-163-102; 170-610-345-852-560; 171-257-316-303-513; 178-518-377-711-649; 179-584-936-089-895; 186-083-689-148-402,17,true,cc-by-nc-sa,gold
173-561-209-133-466,Necesidades de Capacitación de los Docentes de Educación Inicial sobre las Altas Capacidades Intelectuales,2018-11-05,2018,journal article,Revista Scientific,25422987,"INDTEC, C.A.",,Adriana Josefina Ovalles Villegas,"The subjects with Special Educational Needs are those children, youth and adults that due to their intellectual, sensory and physical characteristics present interferences in the learning; In that sense, in Venezuela, the special education modality to guarantee a certain homogeneity has created seven areas of attention: Visual Impairments, Auditory Deficiencies, Mental Retardation, Autism, Physical Impairments, Learning Difficulties and Superior Talent. Regarding the latter, children and young people with superior talent or high intellectual abilities require specialized plans and programs to provide educational attention according to their conditions. The problematic context is the existing vacuum in the educational attention of this type of infants, so it is important to inquire about the knowledge that teachers have of the initial education level about this condition. The relevant factor is that children with high intellectual capacities or with talent do not present homogeneous characteristics or needs, but instead, they are as different from each other as the rest of their classmates; their educational requirements are different. Hence, the purpose of this article is to determine the training needs of the initial education teacher on the high intellectual capacities. Regarding the research modality, it is descriptive, with a non-experimental field design, using a questionnaire in odd alternative scales, validated through expert judgment and reliability with the Cronbach's Alpha coefficient. Among the findings, 55.56% state that they do not handle the information on the subject, as well as 61.11% reveal that they do not know the method to diagnose and in terms of teaching strategies for educational attention 83.33% of respondents report that they do not know them. It is recommended to establish educational conditions favorable to stimulation, creating elements of intervention and not just identification.",3,10,20,39,Cronbach's alpha; Psychology; Autism; Special education; Special educational needs; Training needs; Homogeneous; Applied psychology,teacher qualifications; talent; special education; early childhood education,,,,http://www.indteca.com/ojs/index.php/Revista_Scientific/article/view/262 https://dialnet.unirioja.es/descarga/articulo/7011969.pdf https://dialnet.unirioja.es/servlet/articulo?codigo=7011969 https://doaj.org/article/b2e099fc21074de1ba798fb460743235 http://www.indteca.com/ojs/index.php/Revista_Scientific/article/download/262/369 https://core.ac.uk/download/276545766.pdf,http://dx.doi.org/10.29394/scientific.issn.2542-2987.2018.3.10.1.20-39,,10.29394/scientific.issn.2542-2987.2018.3.10.1.20-39,2899518043,,0,036-003-604-699-060,2,true,cc-by-nc-sa,gold
174-418-299-078-791,La percepción de los alumnos como indicador de inclusión educativa,2022-01-03,2022,journal article,Educación XX1,21745374; 1139613x,UNED - Universidad Nacional de Educacion a Distancia,Spain,Margarita Rodríguez Gudiño; Cristina Jenaro Río; Raimundo Castaño Calle,"<jats:p>El principal objetivo de este estudio ha sido analizar la relación entre la percepción de los alumnos de sus centros educativos, en cuanto a centros inclusivos, y el estatus sociométrico de los mismos. Para ello se contó con una muestra de 881 alumnos pertenecientes a 43 aulas de primaria (de 6 a 12 años) de diferentes niveles educativos, entre los cuales se encontraban 98 alumnos con necesidades específicas de apoyo educativo (11,12%), todos ellos escolarizados en centros educativos ordinarios de la región de Extremadura (España). Para analizar el estatus sociométrico se utilizó un cuestionario basado en el método de nominación de iguales y la asociación de atributos. Para valorar la percepción de los alumnos de sus centros educativos se utilizó el Cuestionario sobre el Punto de Vista de los Niños extraído del Index for Inclusion (Booth, Ainscow y Kingston, 2006). El estudio mostró que la percepción que tienen los alumnos de sus centros educativos, tanto si éstos tienen necesidades específicas de apoyo educativo como si no, está significativamente asociada a su estatus sociométrico, y más concretamente, al rechazo que reciben en sus clases por parte de sus iguales. También indicó que los estudiantes con necesidades específicas de apoyo educativo se ven más apoyados por los profesores que por sus compañeros. Todo ello nos lleva a reflexionar sobre si las medidas organizativas que adoptan las escuelas para dar respuesta a las necesidades educativas puedan afectar a su inclusión. De ahí, la necesidad de evaluar periódicamente las estrategias de agrupamiento y la percepción de los alumnos de sus centros educativos.</jats:p>",25,1,357,379,Humanities; Art,,,,,https://revistas.uned.es/index.php/educacionXX1/article/download/30198/24595 https://doi.org/10.5944/eduxx1.30198,http://dx.doi.org/10.5944/eduxx1.30198,,10.5944/eduxx1.30198,,,0,,1,true,cc-by-nc,gold
174-559-054-610-670,"Educação Contemporânea – Volume 07 – Sociedade e Educação, Educação Inclusiva - Neurofibromatose tipo 1: Ensaio para abertura de novos possíveis.",,2020,book chapter,"Educação Contemporânea – Volume 07 – Sociedade e Educação, Educação Inclusiva",,Editora Poisson,,Amália Neide Covic; Thomas Pontes Chequetto,"O conteúdo dos artigos e seus dados em sua forma, correção e confiabilidade são de responsabilidade exclusiva dos seus respectivos autores www.poisson.com.br",,,,,,,,,,http://dx.doi.org/10.36229/978-65-5866-028-6.cap.20,http://dx.doi.org/10.36229/978-65-5866-028-6.cap.20,,10.36229/978-65-5866-028-6.cap.20,3115575074,,0,,0,true,,bronze
174-597-238-438-016,Creación de un blog educativo como herramienta TIC e instrumento TAC en el ámbito universitario,2011-12-14,2011,journal article,Education in the Knowledge Society (EKS),24448729,Ediciones Universidad de Salamanca,,Mónica Ruíz Franco; Víctor Abella García,"0 0 1 134 741 Instituto Universitario de Ciencias de la Educacion 6 1 874 14.0 Normal 0 21 false false false ES JA X-NONE /* Style Definitions */; table.MsoNormalTable; 	{mso-style-name:""Tabla normal"";; 	mso-tstyle-rowband-size:0;; 	mso-tstyle-colband-size:0;; 	mso-style-noshow:yes;; 	mso-style-priority:99;; 	mso-style-parent:"""";; 	mso-padding-alt:0cm 5.4pt 0cm 5.4pt;; 	mso-para-margin-top:0cm;; 	mso-para-margin-right:0cm;; 	mso-para-margin-bottom:10.0pt;; 	mso-para-margin-left:0cm;; 	line-height:115%;; 	mso-pagination:widow-orphan;; 	font-size:11.0pt;; 	font-family:Calibri;; 	mso-ascii-font-family:Calibri;; 	mso-ascii-theme-font:minor-latin;; 	mso-hansi-font-family:Calibri;; 	mso-hansi-theme-font:minor-latin;; 	mso-ansi-language:ES;; 	mso-fareast-language:EN-US;};  The European Higher Education Area has made possible the incorporation of Information and Communication Technologies (ICT) in University`s classes. However, nowadays it is being hotly debated whether ICT can be considered as a technology and educative tool that allows learning about knowledge. The creation of an educative blog in the subject of “ICT applied to Education”, from the degree in Pre-primary Education of the University of Burgos (2010/2011) is the focus of this research. The conclusion that can be drawn from this experience is that the use of the blog has not only made possible a co-constructivist learning of knowledge of ICT through ICT, but also has contributed to collaborative and cognitive work being a learning tool itself. Besides, within occult curriculum, it has sought to raise awareness on attention to diversity as its guideline and key topic.",12,4,53,70,Higher education; Psychology; Pedagogy; Subject (documents); Curriculum; Information and Communications Technology,Information literacy; learning processes; Cognition and Educational technology,,,,https://doaj.org/article/b713e8a1cd3e4afb8c9f15c8435e3346 https://dialnet.unirioja.es/servlet/articulo?codigo=3798523 https://revistas.usal.es/index.php/eks/article/download/8526/8612 https://revistas.usal.es/index.php/eks/article/view/8526/8612 https://www.redalyc.org/pdf/2010/201022649005.pdf,http://dx.doi.org/10.14201/eks.8526,,10.14201/eks.8526,2159858466,,0,043-400-228-141-532; 064-169-504-157-614; 131-941-554-506-367,14,true,cc-by-nc-nd,gold
177-235-409-160-161,"Anais 38 JAO - 38ª Jornada Acadêmica de Odontologia, FAODO - Faculdade de Odontologia da Universidade Federal de Mato Grosso do Sul (UFMS)",2021-12-03,2021,journal article,ARCHIVES OF HEALTH INVESTIGATION,23173009,Archives of Health Investigation,,Jefferson José de Carvalho Marion; Andrea Freire,"<jats:p>Caro(a) Leitor(a),; A Jornada Acadêmica de Odontologia (JAO) da Faculdade de Odontologia da Universidade Federal de Mato Grosso do Sul (Faodo/UFMS) é um evento que acontece anualmente visando a atualização e divulgação do conhecimento técnico-científico, a fim de estimular a proatividade e a capacidade de liderança, a JAO é promovida e organizada por acadêmicos do quinto semestre do curso de Odontologia, sob orientação de um servidor docente da instituição. Considerada como uma das jornadas acadêmicas pioneiras do país, a 38a edição da JAO foi realizada no período de 19/08/2020 à 22/08/2020 e coordenada pelos professores Jefferson José de Carvalho Marion e Andrea Freire de Vasconcelos Eckelberg e pelas discentes Natália de Paula Souza e Bruna Caroline de Sousa Coura.; As edições anteriores da JAO aconteceram de forma presencial, contudo, devido ao estado de emergência de saúde pública, de importância nacional e internacional, por conta da Covid-19, a 38a JAO foi a primeira edição realizada no formato virtual (on-line), a fim do acatamento das normas do Plano de Biossegurança da UFMS e da Faculdade de Odontologia.; A 38a JAO teve sua programação científica composta por palestras, cursos, debates, “hands on” proferidos por importantes nomes das especialidades da odontologia nacional, e ainda contou com apresentações de trabalhos científicos nas formas de apresentação oral. Desta forma, os trabalhos que compõem estes anais resultam dos trabalhos apresentados.; Comissão Organizadora/ 38ª JAO - Turma (T22) do Curso de Odontologia da Faodo/UFMS – Universidade Federal de Mato Grosso do Sul, 2020</jats:p>",10,,1,603,Humanities; Political science; Geography; Art,Descritores :Epidemiologia; Anodontia; Anormalidades Congênitas; Anatomia Regional Epidemiologia; Fenda Labial; Fissura Palatina Arcada Edêntula; Trauma; Cirurgia Maxilofacial Parestesia; Acupuntura; Medicina Tradicional Chinesa Comunicação Multidisciplinar; Fenda Labial; Anormalidades Craniofaciais Psicologia Infantil; Ferimentos e Traumatismos; Acidentes de Trânsito Cateterismo; Glândula Parótida; Cirurgia Bucal Patologia bucal; Diagnóstico; Cirurgia bucomaxilofacial Papiloma; Língua; Cavidade bucal Implante; Prótese; Cirurgia Abscesso; Fraturas ósseas; Aeromonas; Escherichia Fasciite necrosante; Tratamento; Infecção; Odontologia Cirurgia bucal; Dor; Laser; Terceiros molares Edentulismo; Trauma facial; Mandíbula Ferimento; Sutura; Face Traumatologia; Órbita; Zigoma Mucocele; Seio frontal  Exoftalmia; Ferimentos; Lesões Ferimentos e Traumatismo; Antibiótico; Acidentes de Trânsito Descritores: L-PRF; Cirurgia Maxilomandibular; Osteorradionecrose; Remodelação Óssea Diode laser; Freio labial; Cirurgia bucal Osteomielite; Bactérias; Mandíbula; Diagnóstico Gengiva; Sorriso; Tratamento Retalho miocutâneo; Ferimentos; Traumatismos Implante dentário; Enxerto; Crista ilíaca Fraturas ósseas; Traumatismos faciais; Nariz; Anestesia Geral Exostose; Mandíbula; Cirurgia bucal; Prótese dentária Segurança do paciente; Comunicação; Bucomaxilofacial Queimaduras; Diagnóstico; Revisão da literatura Hiperplasia; Seio maxilar; Tratamento; Patologia bucal Cirurgia bucal; Fixação de fratura; Fraturas ósseas; Mandíbula Seio frontal; Osso frontal; Traumatismos faciais; Face Arco zigomático; Órbita; Paralisia facial Cirurgia; Mandíbula; Traumatismos faciais Fraturas ósseas; Mandíbula; Sinais e sintomas; Radiografia; Tomografia Cicatrização; Fibrinas; Odontologia Pseudoartrose; Impressão tridimensional; Atrofia; Mandíbula Granuloma Piogênico; Terapia a Laser; Tratamento Transplante ósseo; Intrabucal; Reabilitação bucal Clorexidina; Dentina; Adesão Onlays; Cerâmica; Metal; Revisão Pontas diamantadas; Eficiência de desgaste; Esterilização Ozônio; Herpes labial; Revisão Granuloma; Células gigantes; Doenças maxilares; Tratamento Anamnese; Diagnóstico; Queilite Sinusite; Sinusite maxilar; Odontologia Doenças bucais; Trauma; Hiperplasia; Diagnóstico bucal; Cirurgia bucal Agenesia dentária; Genes; Câncer; Neoplasia Língua pilosa; Radioterapia; Carcinoma Espinocelular; Laringe Lipotimia; Síncope; Odontologia Candidíase; Radioterapia; Quimioterapia; Carcinoma espinocelular; Orofaringe Dente canino; Odontoma; Tumor odontogênico; Odontopediatria; Controle comportamental Odontologia; Gravidez; Pré-natal; Saúde bucal Cirurgia bucal; Anquiloglossia; Recém-nascido Odontoma; Cirurgia; Odontopediatria; Radiologia Odontopediatria; Flúor; Pediatria Freio lingual; Laser; Odontopediatria Queratocisto; Maxila; Prevalência; Diagnóstico Mídias sociais; Internet; Odontologia Promoção de saúde; Educação em saúde; Recursos educativos; Covid-19 Cuidados paliativos; Morte; Doente terminal; Formação profissional; Cirurgiões-Dentistas Traumatismos maxilofaciais; Fraturas mandibulares; Fraturas ósseas,,,,,http://dx.doi.org/10.21270/archi.v10i.5664,,10.21270/archi.v10i.5664,,,0,,0,true,,gold
177-777-795-593-075,VII Seminário Internacional Hispano-Luso-Brasileiro sobre Direitos Fundamentais e Políticas Públicas,,2022,book,,,Universidade do Minho. Escola de Direito,,,"<jats:p>Os textos publicados neste e-book correspondem às comunicações apresentadas no VII Seminário Internacional Hispano-Luso-Brasileiro sobre Direitos Fundamentais e Políticas Públicas – cujos trabalhos decorreram entre os dias 2 e 6 de maio de 2022 nas instalações da Universidade da Coruña (Espanha) e Universidade do Minho (Portugal), segundo a parceria que as une há vários anos por empenho da Universidade de Santa Cruz do Sul (UNISC, Brasil). Os textos foram ordenados tendo em conta a sequência dos debates nos distintos painéis temáticos realizados naquelas duas universidades. Na Galiza a interação dos oradores foi orientada para a proteção dos direitos fundamentais nas relações públicas e privadas, mas também para a efetividade dos controlos exercidos sobre as administrações públicas, e ainda para a tutela da intimidade e da privacidade em ambientes de risco (...).</jats:p>",,,,,Political science; Humanities; Art,,,,,,http://dx.doi.org/10.21814/1822.80930,,10.21814/1822.80930,,,0,,0,true,cc-by-nc,gold
179-770-604-983-267,Servicios de apoyo para la inclusión educativa Percepción de agentes educativos peruanos,2023-01-21,2023,journal article,Revista de Ciencias Sociales,16884981; 07975538,Revista de Ciencias Sociales,,Flor Fanny Santa Cruz Terán,"El objetivo del presente artículo es analizar la percepción de los agentes educativos peruanos sobre la asesoría del equipo de los servicios de apoyo educativo para la inclusión de los estudiantes en situación de discapacidad en las instituciones educativas regulares durante el tiempo de pandemia por la COVID-19. El estudio se realizó desde el enfoque mixto; las técnicas de recolección de datos utilizada fueron el análisis documental, la entrevista y la encuesta; participaron docentes, padres y madres de familia y profesionales pertenecientes al equipo de apoyo y asesoramiento. Los principales resultados indican que el equipo de apoyo y asesoramiento para la inclusión gestiona y asesora por diversos medios de comunicación a docentes, directores y padres de familia. Por lo tanto, se promueve que todos los estudiantes en situación de discapacidad, independientemente de su clasificación, sean atendidos para evitar la exclusión educativa y conseguir su desarrollo social, afectivo, emocional y cognitivo.",36,52,,,Inclusion (mineral); Psychology; Perception; Special educational needs; Medical education; Special education; Pedagogy; Social psychology; Medicine; Neuroscience,COVID-19; comunidad educativa; discapacidad; educación inclusiva; necesidades educativas especiales COVID-19; educational community; disability; inclusive education; special educational needs,,,,https://rcs.cienciassociales.edu.uy/index.php/rcs/article/download/202/129 http://dx.doi.org/10.26489/rvs.v36i52.9 https://www.colibri.udelar.edu.uy/jspui/bitstream/20.500.12008/35642/5/RCS_SantaCruz_2023n52.pdf https://hdl.handle.net/20.500.12008/35642,http://dx.doi.org/10.26489/rvs.v36i52.9,,10.26489/rvs.v36i52.9,,,0,,4,true,cc-by-sa,gold
180-299-366-904-597,"La inclusión educativa en números Zona 6: Azuay, Cañar y Morona Santiago",2019-10-01,2019,book,,,Casa Editora Universidad del Azuay,,Adriana León-Pesántez; Rosana Granda-Verdugo; Diana Fiallo-Flor; Valeria MercháValdivieso; Martha Puin-Gutama,"<jats:p>El desarrollo del proyecto, en gran medida, se posibilitó gracias al convenio de cooperación establecido entre la Universidad del Azuay y la Secretaría Técnica de Discapacidades del Ecuador, SETEDIS, organismo que, entre otras acciones facilitó la colaboración del Ministerio de Educación, y posibilitó el desarrollo de las actividades planificadas tanto a nivel local como nacional.  La investigación fue realizada en el marco de la primera Maestría de Educación Básica Inclusiva, e involucró a los 26 maestrantes a través del desarrollo de sus respectivas tesis de grado, así como a 11 profesores del programa. Este selecto grupo laboró con gran entusiasmo y compromiso social por el lapso aproximado de 9 meses y se desplazó, en estricto cumplimiento de los objetivos trazados, a diferentes zonas de la geografía patria. 148 páginas ISBN: 978-9942-822-06-2 e-ISBN: 978-9942-822-15-4</jats:p>",,,,,Humanities; Philosophy; Art,,,,,https://publicaciones.uazuay.edu.ec/index.php/ceuazuay/catalog/download/61/58/1182 http://dx.doi.org/10.33324/ceuazuay.61,http://dx.doi.org/10.33324/ceuazuay.61,,10.33324/ceuazuay.61,,,0,,0,true,cc-by-nc,gold
180-481-732-838-667,Transtorno do Espectro do Autismo,2021-12-08,2021,book,,,Memnon Edições Científicas,,ANDRÉA APARECIDA FRANCISCO VITAL; ALINE HELEN CORRÊA GARCIA; ANA PAULA DOS SANTOS; ANDRESSA GOUVEIA DE FARIA SAAD; CAMILA GONÇALVES DA FONSECA DIAS; CAMILA MICCAS; CATHERINE OLIVEIRA DE ARAÚJO; CYNTHIA MAZZONI MAGALHÃES; DAIANE PATRÍCIA LISBOA LOURENÇO; FABRICIA SIGNORELLI GALETI; FERNANDA TEBEXRENI ORSATI; ISABELLA DE SOUSA NÓBREGA; JOÃO VITOR CARDOSO GUEDES; JOSÉ MUNIZ JUNIOR; JUCINEIDE SILVA XAVIER; JULIANA GIOIA NEGRÃO; JULIANA PINEDA FUNGARO; KEILA CRISTINA LEME DOS SANTOS COELHO; LETICIA PURCINO PAPA; LOURENÇO KEFALÁS BARBOSA; LUCIANA OLIVEIRA DE ANGELIS; LUIZA SERRI ZAFFARANI; MARIÂNGELA CASTILHO UCHOA DE OLIVEIRA; MARIA RACHEL COMPATANGELO FERNANDES DE SÁ; MAYARA MIYAHARA MORAES SILVA; MARIA CLAUDIA ARVIGO; RAFAEL ANGULO CONDORETTI BARROS NOVAES; RAFAEL MALVAR RIBAS; RENATA FLORES TIBYRIÇÁ; RENATA FERNANDES MARANSALDI DE LIMA; RENATO CRESCÊNCIO; SEBASTIÃO GONÇALVES DE BARROS NETO; SYLVIA REGINA OGUCHI DE ALMEIDA; TALITA DE FREITAS CICUTI; TATIANA PONTRELLI MECCA; TALLY LICHTENSZTEJN TAFLA; TELMA CRISTINA DOS SANTOS TRINDADE; VIVIAN RENNE GERBER LEDERMAN; José Salomão Schwartzman; Décio Brunoni; Maria Eloísa Famá D'Antino,"Organizao de eventos ou circunstncias que precedem atividade ou demanda, a fim de aumentar a ocorrncia de comportamentos ou levar a reduo de dos comportamentos desafiadores/ inadequados.",,,,,Psychology,,,,,https://doi.org/10.29327/558796,http://dx.doi.org/10.29327/558796,,10.29327/558796,,,0,,0,true,,gold
180-510-991-411-959,"El lugar de la Geografía, la Geografía de lugar",2023-12-22,2023,book,Colección Jornadas y Congresos,2697049x,Ediciones de la Universidad de Castilla-La Mancha,,Juan Antonio García González,"<jats:p>La permanente encrucijada que vive la geografía en el seno de su disciplina es motivo constante de debate en la inmensa mayoría de sus reuniones científicas. Su pérdida de relevancia en todos los niveles del sistema educativo, sumada a la falta de comprensión por parte de la sociedad de su función y utilidad, son algunas de las consecuencias más palpables. La educación pasa por ser una de las vías que todos los expertos recomiendan para afrontar los desafíos en la vida del ser humano. La educación geográfica es una herramienta fundamental para posicionar y revalorizar la inteligencia geográfica entendida está, como la capacidad de una persona para comprender, interpretar y utilizar información geográfica de manera efectiva. El libro “el lugar de la Geografía, la Geografía del Lugar” presenta toda una serie de reflexiones sobre temas de candente actualidad en el devenir de la enseñanza de la disciplina. El lugar tangible como base de la experiencia geográfica: la salida de campo; las geotecnologías y la ubicuidad del lugar geográfico; la educación geográfica en el mundo rural y finalmente, la interdisciplinariedad de la Geografía ante los desafíos actuales, son los ejes vertebradores de las temáticas abordadas. Su principal objetivo es conseguir una enseñanza de la disciplina para lograr una Geografía explicativa cercana, individualizada, vivida, activa y útil.</jats:p>",,,,,Humanities; Philosophy; Art,aprendizaje cooperativo; enseñanza secundaria; mapas del tiempo; competencia espacial; espacio subjetivo cooperative learning; secondary education; weather maps; spatial competence; subjective space Elaboración propia a partir del cuestionario realizado TIG; itinerarios didácticos; competencia digital; recurso didáctico GITs; didactic itineraries; digital competence; didactic resource Geografía escolar; trabajo de campo; experiencia significativa Outdoor Education; Sustainability; Pre-Service Teacher; Primary Education. Sustainable Development Goals Biogeography; dichotomous keys; field trip; collaboration; Basque country nombres de lugar; geografía; didáctica; salidas de campo place names; geography; didactics; field trips Field work; urban vulnerability; urban segregation; Degree in Geography; geographic literacy Early Childhood Education; Learning Communities; Social Sciences Education; Teachers in Initial Training; Heritage Turismo; Gastronomía; Desarrollo Local; Territorio; Salidas de campo Tourism; Gastronomy; Local Development; Territory; field work practical service-learning; Alcalá de Henares; heritage; sustainability; citizenship didactics of Geography; methodology; cartography; linguistic competence interpretation; university students; geography; didactic experience; Canary Islands Infant and Primary Education; area of knowledge of the environment; Didactics of Geography; globalization; family-school collaboration teacher training; didactic experience; aerospace research; Geography; Early Childhood and Primary Education Modern History; Geography; transcripts; maps; game Teaching migration phenomena; War in Ukraine; Ukrainian refugees in neighboring East European countries Enseñanza de la Geografía; metodología activa; objetivos de desarrollo sostenible (ODS); problemas sociales relevantes teaching Geography; active methodology; sustainable development objectives (SDGs); relevant social problems Didactics of Social Sciences; Primary Education; Geography; Sustainable Development Goals; water Mapas Mentales; Enseñanza Flexible; Confinamientos Soil; SGD's; Territorial processes; Interdisciplinarity; Active education methodologies Service-Learning; Students; Biosphere Reserve; Human-Nature Interactions Ciudades inteligentes; educación geográfica; ciudad media; ranking ciudades; sostenibilidad smart cities; geographic education; average city; ranking cities; sustainability Teaching-learning of Geography; active methodology; uses of agricultural land; productive land vs. speculative land didactics of geography; field work; discovery learning; rururban landscapes; SIGWeb Geotechnologies; field trip; sustainable development; citizen education; geographic didactics Learning situation; WebMap; StoryMaps; AppBuilder and Dashboard Atlas; Geography; teaching; Open Educational Resource; IGN geospatial competence; Learning and Knowledge Technologies (LKT); teacher training; Technological Pedagogical Content Knowledge (TPACK); geotechnologies GIT; Agenda 2030; Hydrographic network; Geography of Spain; Curriculum educational videos; geographic localisation; Nile River; cartography; place-based education,,,,https://ruidera.uclm.es/bitstreams/bfc8109e-6808-489c-9421-e4aa07ee4c15/download https://doi.org/10.18239/jornadas_2023.48.00 https://eciencia.urjc.es/bitstream/10115/29158/1/Gonz%c3%a1lez-Besteiro%20et%20al%202023.pdf https://hdl.handle.net/10115/29158,http://dx.doi.org/10.18239/jornadas_2023.48.00,,10.18239/jornadas_2023.48.00,,,0,,1,true,cc-by-nc-nd,hybrid
180-553-947-199-129,"Escenas de reconocimiento-formación de personas con altas capacidades en Rionegro, Colombia",2025-04-13,2025,journal article,"Revista Latinoamericana de Ciencias Sociales, Niñez y Juventud",20277679; 1692715x,Fundacion Cinde,,Simón Montoya-Rodas; Héctor Fabio Ospina,"(analytical)Giftedness is understood from a pedagogical perspective and understanding of this concept is achieved through hermeneutical work with three young people. This study identifies the voices of the young people who carry this adjective in our country and have not been heard, understood and represented. The authors construct theatrical scenes in which the psychometric examination is presented as a recognition ritual, along with other technologies to produce differences in the school contexts that make up the weird 􃲗 normal relationship as binomial. The study identifies that giftedness is an unviable identity in the context through conducting cryptic processes. Finally, the authors find a struggle for recognition based on identifying talent through mutual recognition. This would make the existence of people with giftedness viable without being diluted.; Keywords:  Recognition, gifted, hermeneutics, identity.",19,3,1,25,Epistemology; Sociology; Construct (philosophy); Perspective (graphical); Adjective; Identity (social science); Context (language use); Mutual recognition; Hermeneutics,Reconocimiento; superdotado; hermenéutica; identidad Recognition; gifted; hermeneutics; identity Reconhecimento; dotado; hermenêutica; identidade,,,,http://ridum.umanizales.edu.co/handle/20.500.12746/4385 https://dialnet.unirioja.es/descarga/articulo/8120511.pdf http://revistaumanizales.cinde.org.co/rlcsnj/index.php/Revista-Latinoamericana/article/view/4770 https://dialnet.unirioja.es/servlet/articulo?codigo=8120511,http://dx.doi.org/10.11600/rlcsnj.19.3.4770,,10.11600/rlcsnj.19.3.4770,3194711458,,0,000-168-127-414-243; 003-750-617-163-320; 003-932-977-809-903; 006-858-118-841-848; 009-018-746-152-936; 012-915-035-521-406; 013-691-045-097-190; 018-603-527-033-201; 020-599-236-091-244; 022-628-684-663-720; 024-018-741-453-012; 024-178-435-621-471; 024-681-222-405-036; 026-771-586-148-028; 035-093-742-089-872; 044-512-297-363-027; 052-422-752-508-55X; 056-792-203-256-656; 058-660-829-008-636; 066-574-641-496-673; 073-483-751-320-96X; 081-053-249-947-441; 083-452-721-233-41X; 087-573-893-277-183; 099-542-464-984-000; 099-881-683-969-448; 101-081-579-975-260; 105-816-658-043-250; 120-666-258-403-491; 127-607-893-579-626; 128-447-353-933-15X; 133-094-285-255-747; 141-704-574-734-088,1,true,cc-by-nc-nd,gold
182-365-908-287-120,Antigas e novas formas de precarização do trabalho : o avanço da flexibilização entre profissionais de alta escolaridade,,2008,journal article,Sociedade e Estado,01026992; 19805462,FapUNIFESP (SciELO),Brazil,Tânia Ludmila Dias Tosta,"realizadas pelos musicos no palco possibilitam a identificacao com posicoes normativas excluidas e, neste sentido, sao homologas as dos atores coletivos no espaco publico. Em Goiânia, isso pode ser verificado pela presenca significativa de homossexuais nas mais diversas praticas existentes na cena independente, desde produtores e musicos ate o publico, segundo relatos de alguns entrevistados. Em uma cidade cuja cultura e identificada, local e nacionalmente, com o estilo",23,3,786,788,,Transformation of work; flexibility; precarious work; informality; labour insecurity,,,,https://repositorio.unb.br/handle/10482/6332 http://www.scielo.br/j/se/a/FWfkPQywwmf9nwrnvJS7TJg/ https://www.scielo.br/scielo.php?script=sci_arttext&pid=S0102-69922008000300013&lng=pt&tlng=pt https://www.scielo.br/j/se/a/FWfkPQywwmf9nwrnvJS7TJg/ http://www.scielo.br/pdf/se/v23n3/a13v23n3.pdf https://repositorio.unb.br/bitstream/10482/6332/1/2008_TaniaLudmilaDTosta.pdf,http://dx.doi.org/10.1590/s0102-69922008000300013,,10.1590/s0102-69922008000300013,2028870633,,0,,2,true,cc-by,gold
183-325-224-132-769,Prólogo,2017-11-10,2017,journal article,Electronic Journal of Research in Education Psychology,16962095; 16995880,Editorial Universidad de Almeria,Spain,Pablo Fernández-Berrocal,<jats:p>Prólogo</jats:p>,6,15,,,Logo (programming language); Computer science; Programming language,,,,,http://ojs.ual.es/ojs/index.php/EJREP/article/download/1293/1371 https://doi.org/10.25115/ejrep.v6i15.1293,http://dx.doi.org/10.25115/ejrep.v6i15.1293,,10.25115/ejrep.v6i15.1293,,,0,,0,true,cc-by-nc-nd,gold
184-311-507-744-350,Anais 14 ° Congresso Internacional da Rede Unida - parte 50,2022-08-28,2022,journal article,Saúde em Redes,24464813,Associacao Brasileira da Rede Unida,,Saúde em Redes Editores,,6,3Sup,50,50,Geology,,,,,http://revista.redeunida.org.br/ojs/index.php/rede-unida/article/download/3919/894 https://doi.org/10.18310/2446-4813.2020v6n3supp50,http://dx.doi.org/10.18310/2446-4813.2020v6n3supp50,,10.18310/2446-4813.2020v6n3supp50,,,0,,0,true,,gold
187-791-748-947-153,"Talento académico en la enseñanza general: contexto cubano, una revisión bibliográfica",2022-03-30,2022,journal article,Zenodo (CERN European Organization for Nuclear Research),,,,Magalys Reyes Rodríguez; Annia Vizcaino Escobar,Revista PSIDIAL: Psicología y Diálogo de Saberes Vol. 1 Núm. 1 Enero - junio de 2022,,,,,Art; Humanities; Psychology,Cuba; general education; systematic review  academic talent,,,,https://zenodo.org/record/6395493,http://dx.doi.org/10.5281/zenodo.6395493,,10.5281/zenodo.6395493,,,0,,0,true,cc-by,green
190-181-262-287-618,Proyecto de gamificación basado en el escape room aplicado a un aula bilingüe de educación primaria con enfoque AICLE,2020-05-05,2020,journal article,"Revista Tecnología, Ciencia y Educación",24442887; 2444250x,CEF. Centro de Estudios Financieros,,Susana Sempere,"En las aulas bilingues que llevan a cabo el aprendizaje integrado de contenidos y lenguas extranjeras (AICLE), es necesario contar con entornos gamificados, ya que el alumnado tendra que estar altamente motivado para aprender contenidos vehiculados en lengua extranjera (ingles). Por tanto, a lo largo de este trabajo se elaborara un proyecto de gamificacion basado en el escape room para un aula AICLE. El escape room contribuira positivamente al AICLE, pues ofrecera una metodologia constructivista y ludica, y permitira atender al marco de las «4 C» de forma efectiva. La razon de esto es que esta tecnica de gamificacion y de AICLE son compatibles, pues presentan muchas similitudes. El termino mas adecuado para referirse a escape room en educacion es « breakout box », que se basa en la resolucion de distintos enigmas en un tiempo limite para obtener los codigos que abriran los diversos candados de una caja de escape. Por consiguiente, el proyecto disenado, dirigido a 4.o de educacion primaria y con caracter anual, consistira en la puesta en practica de un breakout box al final de cada uno de los temas de Ciencias de la Naturaleza, lo que servira para afianzar conocimientos, promover capacidades y evaluar en una atmosfera motivadora. Para garantizar la comprension de la planificacion de un escape room en el aula AICLE, se desarrollara un breakout box del curso escolar. Este trabajo ha obtenido un Accesit del Premio Estudios Financieros 2019 en la modalidad de Educacion y Nuevas Tecnologias.",,16,5,40,,content and language integrated learning (CLIL); escape room; gamification; bilingual education; breakout box,,,,https://udimundus.udima.es/handle/20.500.12226/332 https://www.tecnologia-ciencia-educacion.com/index.php/TCE/article/download/437/285 https://www.revistasocitec.org/index.php/TCE/article/download/437/285 https://dialnet.unirioja.es/descarga/articulo/7492332.pdf https://www.tecnologia-ciencia-educacion.com/index.php/TCE/article/view/437 https://dialnet.unirioja.es/servlet/articulo?codigo=7492332 https://www.revistasocitec.org/judima/index.php/TCE/article/download/437/285,http://dx.doi.org/10.51302/tce.2020.437,,10.51302/tce.2020.437,3021163397,,0,003-682-478-437-720; 005-182-046-382-473; 021-769-405-924-370; 047-613-938-192-822; 053-162-660-015-14X; 054-689-236-562-643; 065-310-089-190-818; 074-565-526-228-089; 105-829-013-257-385; 138-905-786-009-518; 174-499-119-889-034; 174-571-326-315-328; 176-074-319-795-912,4,true,cc-by-nc-nd,gold
190-711-680-031-143,"Acción tutorial 2.0. Familia, escuela y nuevas tecnologías",2014-12-15,2014,journal article,Padres y Maestros. Publicación de la Facultad de Ciencias Humanas y Sociales,22551042; 02104679,Universidad Pontificia Comillas,,Roberto Ranz Torrejón,nmc-horizon-report-k12-EN.pdf 2 Dejamos para otra ocasión la cuestión del seguimiento personalizado y la orientación del tutor con cada alumno y su grupo clase mediante las nuevas tecnologías.,0,260,28,,,,,,,,http://dx.doi.org/10.14422/pym.i360.y2014.006,,10.14422/pym.i360.y2014.006,,,0,,0,true,cc-by-nc-nd,hybrid
193-845-192-172-177,V Congresso Brasileiro de Prevenção e Tratamento de    Feridas,2019-04-01,2019,journal article,Revista Enfermagem Atual In Derme,24472034,Revista Enfermagem Atual,,Revista Nº 75,<jats:p> V Congresso Brasileiro de Prevenção e Tratamento de Feridas</jats:p>,75,13,,,Medicine,Escalpelamento; Amazônia; Feridas Feridas; Atenção Básica; Cobertura tecnológica Úlcera por Pressão; Protocolo; Prevenção e Tratamento Calêndula; Ferida; Cicatrização Queimadura; Fitoterápicos; Reepitelização Úlceras de Pressão; Formação; Pediatria Pimenta; Terapêutica; Sinergismo Farmacológico Pé diabético; ferida; enfermagem Amputação; Tratamento de Feridas; Enfermagem Morador de Rua; Curativos; Enfermagem ortopédico; paciente; lesão; debridamento; traumática Estomas Cirúrgicos; Teorias de Enfermagem; Enfermagem domiciliar Atenção Primária; Enfermagem; Queimadura Cuidados de Enfermagem; Ferimentos e Lesões; Educação Continuada Equipe multidisciplinar; Hanseníase; Úlcera plantar úlcera; Hanseníase; prata nanocristalina Enfermagem; Queimadura; Processo Assistencial Úlceras Crônicas; Enfermagem; Cuidado Úlcera Venosa; Cuidados de Enfemagem; Cicatrização VAC; Pressão Negativa; Feridas Enfermagem; Ferida; Avaliação Diabetes mellitus; Pé diabético; Qualidade de vida curativo; vácuo; feridas Ferida; Picada; Enfermagem Úlcera por Pressão; Curativo; Enfermagem radiodermatite; enfermagem; terapia tópica enfermagem; curativo; ferida enfermagem; curativo; ferida Produtividade; Ambulatório; Comissão de Curativos Enfermagem; Úlceras de membros inferiores; Cuidado Fournier; Lesão; Curativo Especial Dor; Úlcera Venosa; Curativos Debridamento; Síndrome Lyell; Curativos Stryphnodendron adstringens; cicatrização de feridas; fitoscar® Cicatrização; Ácido Hialurônico; Mucosa Gástrica Úlceras por Pressão; Cuidados de Enfermagem; Assistência ao Paciente Assistência Domiciliar; Feridas; Ácido Hialurônico Feridas; Processos de Enfermagem; Enfermagem em Dermatologia Segurança do Paciente; Úlcera por Pressão; Enfermagem Hanseníase; Úlceras; Tratamento de Ferida Cuidado; Humanizado; Enfermagem Cuidado; Enfermagem; Úlcera por Pressão Ferida Crônica; Barbatimão; Enfermagem Enfermagem; Feridas; Cuidado Linfangite; Feridas; Cicatrização Curativos; Necrose; Enfermagem Curativos; Ética; Enfermagem Enfermagem; Protocolo; Feridas Protocolo; Úlcera por Pressão; Prevenção e Tratamento Cuidados; Curativo; Staphylococcus aureus Cicatrização; Úlcera por pressão; Vácuo Mediastinite; Curativo por pressão negativa; Enfermagem Gangrena de Fournier; Terapêutica; Enfermagem Pé diabético; Ferida; Ácido Hialurônico Úlcera por Pressão; Hidrogel; Tratamento Polihexametileno Biguanida; Erisipela; Feridas Traumas de Extremidades; Complicações; Lesões Vasculares Assistência domiciliar; feridas; ácido hialurônico Conflito; Família; Enfermagem Ferimentos e lesões; autoimagem; isolamento social Pioderma Gangrenoso; Assistência de enfermagem; Estomoterapia Educação Superior; Segurança do Paciente; Protocolos Feridas; comissão; enfermagem Assistência domiciliar; feridas; ácido hialurônico Úlcera por Pressão; Procedimentos Curativos; Prata Queimadura; Procedimentos Curativos; Prata Feridas; Tratamento; Úlcera Fournier; Síndrome; Assistência de Enfermagem Hidrofibra com Prata; Amputação; Reabilitação Úlcera Varicosa; Enfermagem; Pesquisa Qualitativa Feridas; Enfermagem; Integralidade Poli Hexa Metileno Biguanida; Trauma tissular; Cicatrização Feridas; Úlcera Venosa; Tratamento Úlcera venosa; PUSH; NOC Feridas; Diabetes Melittus; Tratamento Enfermagem; Feridas; Tratamento Cicatrização de Feridas; Enfermagem; Biomateriais Vínculo; Humanização; Enfermagem Feridas; Úlceras; Tratamento Lesão Tumoral; Metronidazol; Câncer de Cabeça e Pescoço,,,,,http://dx.doi.org/10.31011/reaid-2015-v.75-n.13-art.584,,10.31011/reaid-2015-v.75-n.13-art.584,,,0,,0,true,cc-by,hybrid
197-392-287-902-829,Efectos estigmatizantes del diagnóstico psicológico en niños,2017-03-28,2017,journal article,"European Journal of Investigation in Health, Psychology and Education",21748144; 22549625,MDPI AG,,Mª del Mar Montoya-Rodríguez; Francisco Javier Molina Cobos,"<jats:p>A pesar de las ventajas conocidas de la clasificación de trastornos psicológicos, utilizar diagnósticos formales entraña el riesgo de reducir una historia de vida y modo de comportarse a una mera etiqueta diagnóstica, volviéndose una explicación tautológica que obvia la verdadera explicación del problema y añade funciones iatrogénicas y estigmatizantes. Se realiza un estudio para valorar la influencia de las etiquetas diagnósticas en la actuación de Psicólogos que evalúan la inteligencia de un grupo de niños mediante el Test de Goodenough. Diferentes dibujos de una figura humana, realizados por niños con desarrollo normalizado, fueron etiquetados como si hubieran sido dibujados por niños con retraso mental, altas capacidades y autismo. Los resultados muestran que los evaluadores, desconocedores de la falsedad diagnóstica, puntúan los dibujos diferencialmente según la etiqueta utilizada. Esto es, los resultados apoyan la influencia negativa de las etiquetas diagnósticas en las expectativas y trato hacia la persona diagnosticada.</jats:p>",7,1,47,47,Humanities; Philosophy; Medicine,Psychological diagnosis; diagnostic label; iatrogenic; stigmatization,,,,,http://dx.doi.org/10.30552/ejihpe.v7i1.194,,10.30552/ejihpe.v7i1.194,,,0,,1,true,cc-by-nc-nd,gold
198-302-132-578-184,APRENDIZAJE-SERVICIO EN LA UNIVERSIDAD: AYUDANDO A LA ESCUELA A ATENDER A LA DIVERSIDAD A TRAVÉS DE LAS TIC.,2017-05-08,2017,journal article,Bordón. Revista de Pedagogía,23406577; 02105934,Sociedad Espanola de Pedagogia,Spain,África María Cámara Estrella; Elena María Díaz Pareja; Juana María Ortega Tudela,"INTRODUCCIÓN. La universidad en los últimos años comienza a hacer frente al compromiso social que posee respondiendo a su entorno en distintas acciones que posibilitan el enriquecimiento social. MÉTODO. El aprendizaje-servicio ofrece dentro del ámbito universitario la metodología que facilita esta acción social desde las aulas. En este trabajo se presenta el proyecto realizado con alumnado de los grados de educación infantil y educación primaria, en el cual los estudiantes universitarios dentro de las prácticas formativas de dos asignaturas han realizado materiales TIC para la atención a la diversidad, que atendían a las necesidades demandadas por colegios de la provincia para ser utilizados en sus aulas. RESULTADOS. Durante los cursos académicos 2013-2016 se han desarrollado más de 200 microproyectos de creación de materiales TIC para la atención a la diversidad, que van desde la creación de materiales multimedia para el trabajo de contenidos matemáticos, aprendizaje de lectura, habilidades sociales, entre otros, para el trabajo en pizarras digitales interactivas, hasta la creación de vídeos educativos o materiales subtitulados o signados para personas sordas, etc. Todos los materiales se han elaborado dentro de las clases prácticas de dos asignaturas de los grados de maestro para su utilización en aulas de educación primaria de dos colegios de la zona. DISCUSIÓN. Las posibilidades que ofrece el aprendizaje-servicio hacen que el alumnado universitario consiga, por un lado, la adquisición de las competencias propuestas dentro de las diferentes asignaturas y, por otro, y no menos importante, desarrolle una conciencia social y cívica indispensable para un futuro maestro.",68,2,,,,,,,,,http://dx.doi.org/10.13042/bordon.2017.51320,,10.13042/bordon.2017.51320,,,0,,10,true,,green
198-621-090-551-570,Artes mediales para la neurodivergencia: proyecto Bubble Rooms Lab,2025-11-24,2025,journal article,JÓVENES EN LA CIENCIA,23959797,University of Guanajuato,,Cynthia Patricia Villagómez Oviedo; Karla Ivonne Tizcareño Cortés; Juan Ignacio Gómez Escalante,"<jats:p>""Las artes mediales constituyen una rama del arte contemporáneo, en la que la ciencia y la tecnología han adquirido una relevancia especial dentro de las manifestaciones artísticas actuales. Aquí se presenta un preámbulo sobre las artes mediales, con el objetivo de contribuir a su comprensión, así como de explorar algunas de sus subramas como el arte digital y el net.art. La intención de vincular estas vertientes artísticas con la neurodivergencia, específicamente con el Trastorno del Espectro Autista (TEA) de grado I, el cual puede pasar desapercibido debido a los mecanismos de adaptación social desarrollados por la propia persona. Además, se trata de una discapacidad invisible que, con frecuencia se asocia a altas capacidades,-es decir, a un coeficiente intelectual elevado-, aunque esto no exime a la persona de estar expuesta a altos niveles de estrés, ansiedad y, en ocasiones, depresión, lo que genera cuadros clínicos complejos que pueden afectar gravemente su calidad de vida. Lo anterior se plantea considerando que los estudios sobre los vínculos entre ambos campos del conocimiento son prácticamente inexistentes. A partir de este cruce disciplinario, se han explorado las bases para la creación de un proyecto de arte digital, esbozado aquí bajo el título Bubble Rooms Lab, que busca contribuir a generar nuevas vías de solución al grave problema de la""</jats:p>",37,,1,5,Humanities; Art; Persona; Sociology; Context (archaeology); Philosophy; Power (physics); Cartography; Reflection (computer programming); Politics,,,,,https://www.jovenesenlaciencia.ugto.mx/index.php/jovenesenlaciencia/article/download/4776/4256 https://doi.org/10.15174/jc.2025.4776,http://dx.doi.org/10.15174/jc.2025.4776,,10.15174/jc.2025.4776,,,0,,0,true,cc-by-nc-nd,gold
