Lens ID,Title,Date Published,Publication Year,Publication Type,Source Title,ISSNs,Publisher,Source Country,Author/s,Abstract,Volume,Issue Number,Start Page,End Page,Fields of Study,Keywords,MeSH Terms,Chemicals,Funding,Source URLs,External URL,PMID,DOI,Microsoft Academic ID,PMCID,Citing Patents Count,References,Citing Works Count,Is Open Access,Open Access License,Open Access Colour
000-757-717-775-01X,Healthy Minds in the Twentieth Century,,2020,book,Mental Health in Historical Perspective,26346036; 26346044,Springer International Publishing,,Steven J. Taylor; Alice Brumby,This open access book contributes a new dimension to the study of mental health and psychiatry in the twentieth century. It takes the present literature beyond the ‘asylum and after’ paradigm to explore the multitude of spaces that have been permeated by concerns about mental well-being.,,,,,Multitude; Mental health; Dimension (graph theory); Psychology; Psychoanalysis; History; Sociology; Psychiatry; Epistemology; Philosophy; Mathematics; Pure mathematics,,,,,https://link.springer.com/content/pdf/10.1007/978-3-030-27275-3.pdf?pdf=button https://doi.org/10.1007/978-3-030-27275-3,http://dx.doi.org/10.1007/978-3-030-27275-3,,10.1007/978-3-030-27275-3,,,0,,1,true,cc-by,hybrid
000-787-099-558-508,"Neurodiversity, Giftedness, and Aesthetic Perceptual Judgment of Music in Children with Autism.",2017-09-22,2017,journal article,Frontiers in psychology,16641078,Frontiers Media SA,Switzerland,Nobuo Masataka,"The author investigated the capability of aesthetic perceptual judgment of music in male children diagnosed with autism spectrum disorder (ASD) when compared to age-matched typically developing (TD) male children. Nineteen boys between 4 and 7 years of age with ASD were compared to 28 TD boys while listening to musical stimuli of different aesthetic levels. The results from two musical experiments using the above participants, are described here. In the first study, responses to a Mozart minuet and a dissonant altered version of the same Mozart minuet were compared. In this first study, the results indicated that both ASD and TD males preferred listening to the original consonant version of the minuet over the altered dissonant version. With the same participants, the second experiment included musical stimuli from four renowned composers: Mozart and Bach’s musical works, both considered consonant in their harmonic structure, were compared with music from Schoenberg and Albinoni, two composers who wrote musical works considered exceedingly harmonically dissonant. In the second study, when the stimuli included consonant or dissonant musical stimuli from different composers, the children with ASD showed greater preference for the aesthetic quality of the highly dissonant music compared to the TD children. While children in both of the groups listened to the consonant stimuli of Mozart and Bach music for the same amount of time, the children with ASD listened to the dissonant music of Schoenberg and Albinoni longer than the TD children. As preferring dissonant music is more aesthetically demanding perceptually, these results suggest that ASD male children demonstrate an enhanced capability of aesthetic judgment of music. Subsidiary data collected after the completion of the experiment revealed that absolute pitch ability was prevalent only in the children with ASD, some of whom also possessed extraordinary musical memory. The implications of these results are discussed with reference to the broader notion of neurodiversity, a term coined to capture potentially gifted qualities in individuals diagnosed with ASD.",8,8,1595,1595,Developmental psychology; Psychology; Active listening; Cognitive psychology; Autism; Consonant; Neurodiversity; Absolute pitch; Musical; MOZART; Consonance and dissonance,Spielmann (wandering minstrel); aesthetic judgment; autism spectrum disorder; consonance; music; neurodiversity,,,Japan Society for the Promotion of Science London,https://core.ac.uk/display/160454861 https://www.frontiersin.org/articles/10.3389/fpsyg.2017.01595/pdf https://ci.nii.ac.jp/naid/120006348290 https://www.frontiersin.org/articles/10.3389/fpsyg.2017.01595/full https://repository.kulib.kyoto-u.ac.jp/dspace/bitstream/2433/227230/1/fpsyg.2017.01595.pdf http://journal.frontiersin.org/article/10.3389/fpsyg.2017.01595/full https://europepmc.org/abstract/MED/29018372 https://www.ncbi.nlm.nih.gov/pmc/articles/PMC5615233 https://doaj.org/article/1994c8e9bcee44ed8f8fd43a3339a417 https://repository.kulib.kyoto-u.ac.jp/dspace/handle/2433/227230 https://pubmed.ncbi.nlm.nih.gov/29018372/,http://dx.doi.org/10.3389/fpsyg.2017.01595,29018372,10.3389/fpsyg.2017.01595,2751570363,PMC5615233,0,001-239-244-713-877; 004-387-533-589-220; 010-383-240-418-689; 015-764-244-026-43X; 019-125-483-463-21X; 021-122-423-620-058; 023-965-640-638-033; 024-630-145-835-525; 026-800-374-789-261; 032-776-322-350-556; 039-173-464-042-622; 040-359-280-697-449; 040-504-418-788-30X; 043-484-097-403-133; 052-761-910-230-925; 054-830-772-291-955; 060-371-596-919-084; 076-408-711-183-031; 080-324-278-683-540; 087-263-018-704-614; 102-145-788-629-221; 125-663-843-213-101; 145-397-469-970-634; 153-010-257-230-790; 167-726-937-104-538,28,true,cc-by,gold
001-446-205-636-719,"Promoting a Collective Voice from Parents, Educators and Allied Health Professionals on the Educational Needs of Students on the Autism Spectrum",2019-06-08,2019,journal article,Journal of autism and developmental disorders,15733432; 01623257,Springer Science and Business Media LLC,United States,Beth Saggers; Megan J. Tones; Jacqueline Dunne; David Trembath; Susan Bruck; Amanda A. Webster; David Klug; Shanshan Wang,"Providing support for the educational needs of students on the autism spectrum continues to be challenging. Findings from this survey of parents, teachers and specialist staff highlight the need for collaboration between stakeholders who support the education of these students. The main themes to emerge were for school staff to be equipped with the knowledge and expertise to support each student in their learning, and for support with social/emotional needs. Findings highlighted the need for a transparent process for building school capacity to translate research and knowledge into practice by all stakeholders. This collective voice is important to ensure the needs of these students are identified and that appropriate support is implemented to maximise the educational success of these students.",49,9,3845,3865,Public health; Psychology; Empowerment; Autism; Knowledge level; Autism spectrum disorder; Health professionals; Process (engineering); Medical education,Autism spectrum disorder; Educational needs; Educators; Parents; Specialists; Stakeholder voice,"Academic Success; Allied Health Personnel/psychology; Autistic Disorder/rehabilitation; Child; Education, Special/organization & administration; Humans; Needs Assessment; Parents/psychology; Students/psychology",,Cooperative Research Centre for Living with Autism (AU) (Project 2.009RC),https://pubmed.ncbi.nlm.nih.gov/31177368/ https://europepmc.org/abstract/MED/31177368 https://research-repository.griffith.edu.au/handle/10072/389325 https://ro.uow.edu.au/sspapers/4444/ https://www.ncbi.nlm.nih.gov/pubmed/31177368 https://link.springer.com/article/10.1007/s10803-019-04097-8 https://eric.ed.gov/?id=EJ1223549 https://eprints.qut.edu.au/199461/,http://dx.doi.org/10.1007/s10803-019-04097-8,31177368,10.1007/s10803-019-04097-8,2956151800,,0,001-737-995-929-101; 004-749-806-953-565; 004-960-485-391-832; 004-987-620-910-026; 006-585-446-443-936; 010-123-238-150-002; 011-769-713-389-418; 012-404-225-826-396; 019-008-132-364-604; 019-112-555-361-341; 024-299-635-210-467; 026-508-572-995-738; 027-610-501-516-151; 028-541-305-562-361; 030-627-591-156-725; 031-133-736-856-359; 033-619-810-492-235; 038-423-080-159-55X; 040-434-627-304-630; 040-743-139-860-370; 042-186-569-600-88X; 043-752-535-946-145; 045-763-785-285-083; 047-087-285-101-104; 047-341-565-880-449; 049-544-291-672-96X; 050-475-680-232-326; 055-647-492-362-190; 058-915-805-211-754; 063-399-603-642-989; 064-282-388-835-952; 067-018-114-228-22X; 067-362-193-816-064; 068-644-683-349-149; 068-865-428-808-888; 069-157-754-446-287; 075-074-777-918-770; 076-160-808-658-551; 076-824-852-164-929; 079-110-533-466-051; 081-216-768-831-284; 082-202-299-133-57X; 087-266-107-322-507; 088-297-640-031-714; 096-062-533-843-710; 102-556-834-295-880; 103-132-571-949-172; 103-141-802-303-219; 110-686-017-303-313; 113-798-414-990-247; 121-256-035-284-493; 130-027-600-819-17X; 131-423-542-523-282; 139-268-431-963-035; 145-937-455-418-691; 161-978-067-008-173; 169-426-026-494-705; 171-011-750-641-320; 192-058-346-390-160; 197-400-273-464-773,42,true,cc-by-nc,green
005-060-697-659-143,Designing a Summer Transition Program for Incoming and Current College Students on the Autism Spectrum: A Participatory Approach.,2018-02-13,2018,journal article,Frontiers in psychology,16641078,Frontiers Media SA,Switzerland,Emily Hotez; Christina Shane-Simpson; Rita Obeid; Danielle DeNigris; Michael Siller; Corinna Costikas; Jonathan Pickens; Anthony Massa; Michael Giannola; Joanne D’Onofrio; Kristen Gillespie-Lynch,"Students with Autism Spectrum Disorder (ASD) face unique challenges transitioning from high school to college and receive insufficient support to help them navigate this transition. Through a participatory collaboration with incoming and current autistic college students, we developed, implemented, and evaluated two intensive week-long summer programs to help autistic students transition into and succeed in college. This process included: (1) developing an initial summer transition program curriculum guided by recommendations from autistic college students in our ongoing mentorship program, (2) conducting an initial feasibility assessment of the curriculum [Summer Transition Program 1 (STP1)], (3) revising our initial curriculum, guided by feedback from autistic students, to develop a curriculum manual, and (4) pilot-testing the manualized curriculum through a quasi-experimental pre-test/post-test assessment of a second summer program [Summer Transition Program 2 (STP2)]. In STP2, two autistic college students assumed a leadership role and acted as ""mentors"" and ten incoming and current autistic college students participated in the program as ""mentees."" Results from the STP2 pilot-test suggested benefits of participatory transition programming for fostering self-advocacy and social skills among mentees. Autistic and non-autistic mentors (but not mentees) described practicing advanced forms of self-advocacy, specifically leadership, through their mentorship roles. Autistic and non-autistic mentors also described shared (e.g., empathy) and unique (an intuitive understanding of autism vs. an intuitive understanding of social interaction) skills that they contributed to the program. This research provides preliminary support for the feasibility and utility of a participatory approach in which autistic college students are integral to the development and implementation of programming to help less experienced autistic students develop the self-advocacy skills they will need to succeed in college.",9,,46,46,Participatory action research; Psychology; Autism; Mentorship; Autism spectrum disorder; Empathy; Self-advocacy; Curriculum; Medical education; Social skills,autism spectrum disorder; disability; higher education; participatory research; self-advocacy,,,,https://www.ncbi.nlm.nih.gov/pmc/articles/PMC5816926 http://www.frontiersin.org/articles/10.3389/fpsyg.2018.00046/full https://www.frontiersin.org/articles/10.3389/fpsyg.2018.00046/full https://academicworks.cuny.edu/cgi/viewcontent.cgi?article=1422&context=hc_pubs https://www.frontiersin.org/articles/10.3389/fpsyg.2018.00046/pdf https://open.library.emory.edu/publications/emory:tp2z8/ https://philpapers.org/rec/HOTDAS https://doaj.org/article/31053c65bd57426fb46b56091c33ab9f https://core.ac.uk/display/153728995 http://journal.frontiersin.org/article/10.3389/fpsyg.2018.00046/full https://europepmc.org/articles/PMC5816926/ https://academicworks.cuny.edu/hc_pubs/393/ https://pubmed.ncbi.nlm.nih.gov/29487547/,http://dx.doi.org/10.3389/fpsyg.2018.00046,29487547,10.3389/fpsyg.2018.00046,2790883928,PMC5816926,0,000-215-856-275-30X; 003-078-143-901-682; 004-221-929-489-592; 007-121-233-503-289; 007-995-618-020-461; 012-230-692-812-041; 012-795-843-355-641; 015-686-800-251-486; 019-112-646-701-882; 019-323-341-181-150; 020-824-681-455-796; 024-464-587-523-966; 025-302-707-145-061; 026-867-960-022-270; 030-591-434-566-243; 031-425-673-031-337; 033-076-573-867-153; 036-259-839-732-848; 042-039-154-144-907; 042-282-356-842-05X; 043-133-342-744-288; 044-151-249-023-289; 044-308-863-842-930; 044-945-950-213-464; 050-014-232-232-603; 050-320-033-905-882; 059-434-268-051-01X; 059-496-167-076-713; 061-615-141-065-785; 061-833-019-073-533; 062-199-275-095-361; 062-373-059-637-913; 063-079-453-018-108; 065-469-543-521-07X; 068-297-137-123-253; 076-100-768-845-234; 084-442-122-570-93X; 092-735-512-912-439; 096-062-533-843-710; 104-232-579-911-317; 107-180-000-777-540; 130-378-585-581-275; 140-734-372-812-974; 143-342-157-456-264; 167-556-776-587-639,104,true,cc-by,gold
006-777-218-990-969,"Making ""chicken nuggets"" and discussing ""fried baloney""",2022-01-01,2022,dissertation,,,Northeastern University Library,,Adrienne Lee Liechty,"The purpose of this research study was to find tangible group work practices that secondary and higher education educators could employ to increase racial equity and cultivate inclusive environments in their academic institutions. The study originated from a long-lasting pervasive inattention paid to Students of Color in classrooms across America. Collaborative learning has become normalized as a ""good"" educational practice where students are allowed to engage in self-direction, collective goal setting, and peer motivation. Those productive elements are not always present in every group for every student, especially Students of Color who are often excluded from educational processes. The study includes the words of eight participants, each detailing their own experiences surrounding group work in their current or most recent higher education organizations. Some findings include comparisons of their professional and/or secondary environments. Using Bronfenbrenner's Bioecological Systems Theory, findings were organized based on changes educators could make to each environmental layer, starting with their immediate classroom environment to the larger macro culture. Findings centered on 1) addressing student anxiety associated with group work, 2) recognizing the need for critical, growth-inducing dialogue, 3) looking at the existing power structures that include school leadership, instructors, and students, and 4) addressing the lack of education that many stakeholders have in employing effective, collective, and productive collaborative learning or teaming. Recommendations include focusing on social-emotional learning, having conversations that validate identities and experiences of Student of Color, redefining instructor and group member roles within a collaborative dynamic, considering backgrounds, teaching from a lens of social justice, and rebranding competitive environments to supportive communities.--Author's abstract",,,,,Equity (law); Pedagogy; Psychology; Collaborative learning; Group work; Mathematics education; Sociology; Political science; Law,racial equity; group work; collaboration; secondary education; higher education; bioecological systems theory; critical race theory; interpretative phenomenological analysis; conversation; teaming,,,,https://repository.library.northeastern.edu/files/neu:4f171f93z/fulltext.pdf https://doi.org/10.17760/d20439298,http://dx.doi.org/10.17760/d20439298,,10.17760/d20439298,,,0,,0,true,,gold
009-096-659-826-895,Disabilityqueer: Federal Disability Rights Protection for Transgender People,,2012,journal article,SSRN Electronic Journal,15565068,Elsevier BV,,Kevin M. Barry,"The Americans with Disabilities Act does not protect everyone. It notably excludes people with Gender Identity Disorder (GID), an impairment involving the misalignment between one’s anatomy and gender identity. Many would say this is as it should be — gender nonconforming people are not impaired and so they should not be covered by disability law. But this argument misapprehends the reason that GID was excluded from the ADA in the first place. GID was excluded from the ADA because, in 1989, a small handful of senators believed that gender nonconformity — like pedophilia, pyromania, and kleptomania — was morally harmful to the community. In the eleventh hour of a marathon floor debate, and in the absence of an organized transgender lobby, the ADA’s sponsors and disability rights advocates reluctantly agreed to sacrifice GID and nine other mental impairments in exchange for passage in the Senate. The fact that Congress went out of its way to exclude GID, along with nine mental impairments that involve some harm to oneself or others, sends a strong symbolic message: people with GID have no civil rights worthy of respect. The ADA is a moral code, and people with GID are its moral castaways. In 2008, when Congress decided to expand the ADA’s definition of “disability” to protect more people, things should have been different for people with GID. Sadly, they were not. Instead of removing the GID exclusion once and for all, Congress enshrined its moral opposition to people with GID by preserving the exclusion intact. The ADA’s message to people with GID, and to the transgender community more broadly, is now clearer than ever: nearly twenty years after the passage of the ADA, people with GID are still despicable and even dangerous, and therefore undeserving of legal protection. The ADA’s moral code remains. In order to achieve true equality, transgender advocacy must rebut the moral case against transgender people. The ADA should play a prominent role in this project because the ADA’s GID exclusion “is” the moral case against transgender people. The ADA should be righted once more through passage of a modest bill, the “ADA Inclusion Act,” which removes GID from the ADA’s list of excluded impairments.",,,,,Psychology; Law; Harm; Gender dysphoria; Pyromania; Pedophilia; Transgender; Eleventh; Nonconformity; Inclusion (disability rights),,,,,https://www.ssrn.com/abstract=2084351 https://papers.ssrn.com/sol3/papers.cfm?abstract_id=2084351 https://papers.ssrn.com/sol3/Delivery.cfm/SSRN_ID2526347_code1158116.pdf?abstractid=2084351&mirid=1,http://dx.doi.org/10.2139/ssrn.2084351,,10.2139/ssrn.2084351,1535634096,,0,000-378-270-062-75X; 008-295-652-534-369; 024-380-269-513-828; 031-885-336-939-210; 038-636-260-140-003; 071-727-420-457-895; 112-710-389-857-472; 145-523-890-332-438,4,true,,green
011-589-709-537-82X,In Search of Autism's Roots.,2016-09-30,2016,journal article,PLoS biology,15457885; 15449173,Public Library of Science (PLoS),United States,Liza Gross,"Until Dustin Hoffman’s uncanny performance as an autistic savant in Rain Man, few outside medical circles knew much about autism. Hoffman’s humane portrayal of a socially inept man prone to nervous tics and obsessive ruminations, punctuated by stunning feats of math and memory, challenged us to accommodate people with special needs and reconsider our notions of normalcy. (For the record, only about one in ten people with autism are savants.)",14,9,e2000958,,Psychoanalysis; Autism; Special needs; Tics; Autism spectrum disorder; Uncanny; Obsessive ruminations; Brain development; Animal cognition; Biology,,,,,https://journals.plos.org/plosbiology/article?id=10.1371/journal.pbio.2000958 https://core.ac.uk/display/127570930 https://www.ncbi.nlm.nih.gov/pubmed/27690292 http://europepmc.org/articles/PMC5045192,http://dx.doi.org/10.1371/journal.pbio.2000958,27690292,10.1371/journal.pbio.2000958,2523928243,PMC5045192,0,013-615-218-187-086; 021-517-113-977-410; 031-360-044-438-658; 049-089-025-452-399; 070-395-190-722-213; 071-517-727-286-01X; 079-373-940-722-029; 117-619-948-943-620; 150-749-872-695-617; 152-310-531-131-313,0,true,cc-by,gold
011-690-318-353-392,Atypical development spectra considering the hunter-breeder culture transition,2021-07-29,2021,preprint,,,Center for Open Science,,Eva Gyarmathy; Jennifer Plosz,"<p>The different types of atypical development manifest themselves in deviations in the development and operation of neurological functions involved in the process called neurological maturation. We assume that what is called neurological maturation is in effect dependent on the cultural development of homo sapiens. Our culture changes and evolves over time. In the past, the skills and abilities of our hunter-gatherer ancestors with being a mainly oral culture is significantly different from the agricultural, stockbreeder, farmer lifestyle coupled with a mainly written culture. Each of these very distinct cultural styles require different behaviour and cognitive functions. In this article, we discuss how the increased prevalence of learning and control difficulties, along autism, may be a result of the vulnerability of the cerebral functions which from the perspective of human development count as very new. However, this may be only one aspect of a very complex story, as what may present as difficulties in one cultural norm may be strengths in another cultural norm. Many types of the specific learning difficulties, ADHD, autism spectrum disorders are getting more frequent specialties, and their becoming more frequent is the consequence of the effect of the dramatically changing environment on the brain development. While autism and dyslexia spectra seem to be the ends of a continuum, they may be rather a result of a diffused neurological development, where in contrast to the typical development, the culturally new areas are mixed over- or under-functioning.</p>",,,,,Brain development; Norm (philosophy); Psychology; Autism; Developmental psychology; Cognition; Cognitive psychology; Neuroscience; Epistemology; Philosophy,,,,,,http://dx.doi.org/10.31219/osf.io/k2tfx,,10.31219/osf.io/k2tfx,,,0,,0,true,,green
011-740-245-773-419,Factors relevant to work participation from the perspective of adults with developmental dyslexia: a systematic review of qualitative studies.,2022-05-31,2022,journal article,BMC public health,14712458,Springer Science and Business Media LLC,United Kingdom,Joost de Beer; Yvonne Heerkens; Josephine Engels; Jac van der Klink,"<AbstractText Label=""BACKGROUND"">This review is focused on workers with developmental dyslexia (DD). In this review DD is considered an expression of neurodiversity, a consequence of a natural variant of the brain. Evidence was synthesized to explore which factors workers with DD consider relevant for their participation in work and whether these factors reflect shifts in the concepts of health and sustainable employability. The factors were classified according to the International Classification of Functioning, Disability and Health (ICF), adapted for occupational health.</AbstractText>;           <AbstractText Label=""METHODS"">A systematic review of qualitative studies was performed. Two search strings were used to determine the population and the context of work. The factors were classified using a recently proposed rearrangement of the ICF scheme that places participation in a central position and incorporates preliminary lists of work-related environmental factors and personal factors.</AbstractText>;           <AbstractText Label=""RESULTS"">Fifty-one factors were found that appeared in 35% or more of the included studies and that were relevant to work participation according to the workers themselves. These factors were dispersed over all ICF categories. In the category Functions and Structures (11 factors), most of the factors had negative connotations. In the category Activities (9 factors), all the factors cause difficulties, except speaking (which is ambiguous). In the category Participation (4 factors), the formal relationships are important for the degree of participation. Overall, more than half of the factors are environmental (18) or personal (9) and they both hinder and facilitate work participation.</AbstractText>;           <AbstractText Label=""CONCLUSIONS"">The results of this review give an indication for the importance of the biopsychosocial model as a relevant approach for people with a disability in the world of work. This review also adds data for the usefulness of the proposals for the reconsideration of the ICF scheme. The data has not (yet) returned any visible trends revealing that the concept of neurodiversity is common in organizations.</AbstractText>;           <CopyrightInformation>© 2022. The Author(s).</CopyrightInformation>",22,1,1083,1083,International Classification of Functioning  Disability and Health; Biopsychosocial model; Employability; Perspective (graphical); Context (archaeology); Medicine; Dyslexia; Qualitative research; Developmental psychology; Population; Psychology; Applied psychology; Rehabilitation; Gerontology; Environmental health; Reading (process); Social science; Psychiatry; Political science; Computer science; Physical therapy; Paleontology; Biology; Law; Pedagogy; Sociology; Artificial intelligence,Adult; Developmental dyslexia; ICF; Neurodiversity; Work participation,Activities of Daily Living/psychology; Adult; Disability Evaluation; Persons with Disabilities/psychology; Dyslexia; Humans; Qualitative Research,,,https://bmcpublichealth.biomedcentral.com/counter/pdf/10.1186/s12889-022-13436-x https://doi.org/10.1186/s12889-022-13436-x,http://dx.doi.org/10.1186/s12889-022-13436-x,35642026,10.1186/s12889-022-13436-x,,PMC9158268,0,000-984-089-324-751; 001-033-678-814-153; 001-611-408-509-329; 002-759-406-455-643; 004-572-057-868-740; 005-632-195-522-746; 006-090-337-465-824; 011-071-337-623-412; 014-872-801-725-72X; 016-100-358-142-02X; 016-464-454-969-50X; 017-572-017-400-192; 017-669-090-420-019; 028-237-387-824-559; 029-222-047-597-77X; 029-834-596-220-139; 031-056-855-501-837; 031-891-024-817-573; 037-644-650-980-837; 039-622-434-277-480; 040-202-485-458-788; 047-509-782-468-174; 055-911-377-542-372; 061-564-923-981-529; 066-711-890-703-58X; 074-021-875-760-393; 074-133-047-153-383; 078-230-267-147-663; 079-048-350-879-369; 090-705-087-961-714; 092-542-924-830-690; 093-004-158-884-929; 094-244-580-714-924; 112-592-622-010-477; 113-937-831-112-944; 124-987-643-049-76X; 143-619-688-392-879; 189-439-328-293-800; 193-665-893-611-998,13,true,"CC BY, CC BY-NC-ND",gold
012-322-959-226-542,Writing life as a method of discovery,2018-10-31,2018,journal article,TEXT,13279556,Australasian Association of Writing Programs,,Gay Lynch,"<jats:p>The death of an aunt, criminal charges against her daughter, and family management of</jats:p> <jats:p>that crisis drove me into research. The charge together with the press coverage of the case</jats:p> <jats:p>brought collective family shame. I wrote first to understand my cousin’s plight and</jats:p> <jats:p>secondly to avoid conflict with my father. Most writers draw on experiences shared with</jats:p> <jats:p>or contested by others. Some transform source characters in order to analyse ideas in</jats:p> <jats:p>cognitive mode but at arm’s length; others write to bear witness. Life writers frequently</jats:p> <jats:p>write perceivably true accounts. This paper will assert writers right to research</jats:p> <jats:p>experiences that belong to others whilst respecting vulnerable subjects. It relies on Anna</jats:p> <jats:p>Denejkina’s proposed model exo-autoethnography – that is writing trauma vicariously</jats:p> <jats:p>suffered through family or personal connections – for the purpose of representing and</jats:p> <jats:p>clarifying complex problems, short-circuiting authorial paralysis, and expanding</jats:p> <jats:p>empathy.</jats:p>",22,Special 50,,,Aunt; Autoethnography; Witness; Shame; Psychoanalysis; Cousin; Empathy; Psychology; Daughter; Grief; Feeling; Literature; Sociology; Social psychology; History; Gender studies; Art; Law; Political science; Psychotherapist; Art history,,,,,https://textjournal.scholasticahq.com/article/25604.pdf https://doi.org/10.52086/001c.25604,http://dx.doi.org/10.52086/001c.25604,,10.52086/001c.25604,,,0,,0,true,public-domain,hybrid
012-905-563-746-634,Identifying and supporting children with learning disabilities,2022-03-22,2022,book chapter,"Reimagining Education: The International Science and Evidence based Education
            Assessment",,UNESCO MGIEP,,Adriano Linzarini; Stephanie Bugden; Rebecca Merkley; Nadine Gaab; Heather Aldersey; Joanna Anderson; Bilen Mekonnen Araya; Marcia A. Barnes; Christopher Boyle; Betony Clasby; Brianna Doherty; Dave L. Edyburn; Sarah Fishstrom; Ar. Navjit Gaurav; Sonia Guerriero; Alida Hudson; Teresa Iuculano; Julia Jansen-van Vuuren; Marc Joanisse; R. Malatesha Joshi; Layne Kalbfleisch; Hope Kent; Anna H. Miller; Bowen Paulle; Angela Page; Nicole Patton Terry; Yacov Petscher; Lien Peters; Steve Sider; Jacqueline Specht; Paul K. Steinle; James Tonks; Sharon Vaughn; Elsje van Bergen; W. Huw Williams,"T his chapter assesses ways to identify and support children with learning disabilities. Learning disabilities affect many students and are seldom attributable to a single cause. They arise through complex interactions between biological and environmental factors within individual developmental trajectories. Early identification of children at risk for learning disabilities as well as adequate identification of children with learning disabilities are important for ensuring that children have access to the supports they need in order to reach their full potential. Here, we discuss identifying children's learning needs and providing educational support. Although many school systems recognize the need to provide inclusive education to support all learners, more work is needed to raise awareness and enable adequate evidence based early identification of children with learning disabilities and support their learning trajectories and instructional needs inside and outside of the classroom. It is also fundamental to acknowledge the importance of research on diverse populations that could inform identification and support in various countries and socio-cultural contexts.",,,,,Identification (biology); Learning disability; Psychology; Special education; Developmental psychology; Mathematics education; Biology; Botany,,,,,https://doi.org/10.56383/rfdb2422,http://dx.doi.org/10.56383/rfdb2422,,10.56383/rfdb2422,,,0,,4,true,,bronze
014-313-742-298-105,This condition impacts every aspect of my life: A survey to understand the experience of living with developmental prosopagnosia.,2025-04-30,2025,journal article,PloS one,19326203,Public Library of Science (PLoS),United States,Judith Lowes; Lesley M McGregor; Peter J B Hancock; Bradley Duchaine; Anna K Bobak,"This mixed methods study examined the real-world experiences of living with developmental prosopagnosia (face blindness), a lifelong neurodevelopmental condition that severely affects the ability to recognise faces despite otherwise normal vision, IQ and memory. Twenty-nine UK based adults with confirmed face recognition difficulties completed an online survey describing and quantifying their experiences of living with poor face recognition. Although the majority (62%) of participants reported being able to recognise their immediate family, e.g., parent, partner, or child, strikingly 35% reported being unable to reliably recognise their immediate family members out of context. Even fewer (45%), reported always being able to recognise their three closest friends when encountering them unexpectedly, highlighting that DP commonly affects the recognition of highly familiar faces with whom individuals have close emotional relationships. Furthermore, participants who reported being able or unable to recognise their immediate family showed no significant difference in objective face memory ability. More than two thirds of participants (65.5%) reported being able to recognise fewer than 10 familiar faces (with the most common response being none), far below typical abilities. Thematic framework analysis highlighted how low public, professional, and employer awareness of developmental prosopagnosia presented challenges across multiple domains including seeking diagnosis, social and family relationships and workplaces. Driven largely by concerns about negative evaluation by others, most participants employed a range of highly effortful, though error prone, strategies to disguise and compensate for their face recognition difficulties. Some of the strategies described may help explain why many individuals can perform within typical norms on laboratory face processing tests despite their clear difficulties in everyday life and highlight the need for ecologically valid tests. Participants' highest priorities for future research were improved awareness of developmental prosopagnosia and interventions to improve their face recognition ability.",20,4,e0322469,e0322469,Psychology; Context (archaeology); Thematic analysis; Developmental psychology; Face (sociological concept); Facial recognition system; Cognitive psychology; Qualitative research; Sociology; Biology; Social science; Paleontology; Pattern recognition (psychology),,"Humans; Prosopagnosia/psychology; Male; Female; Adult; Middle Aged; Surveys and Questionnaires; Facial Recognition; Aged; Recognition, Psychology; Young Adult; United Kingdom",,Economic and Social Research Council; British Psychological Society; Leverhulme Trust,,http://dx.doi.org/10.1371/journal.pone.0322469,40305451,10.1371/journal.pone.0322469,,PMC12043184,0,000-981-847-283-984; 003-349-344-165-812; 003-526-534-640-164; 005-106-589-502-019; 008-199-644-962-566; 011-198-431-696-712; 017-631-303-803-424; 019-023-177-820-891; 020-030-339-798-713; 023-672-902-303-534; 024-432-787-515-219; 024-494-771-841-910; 028-567-851-291-322; 033-144-813-652-920; 034-814-545-313-186; 034-920-215-718-577; 036-431-065-446-590; 037-000-541-672-698; 040-343-271-369-56X; 042-653-223-358-811; 042-996-937-555-424; 044-377-601-696-936; 046-171-439-083-398; 046-488-012-774-101; 047-941-161-230-844; 049-401-378-691-102; 050-831-301-711-297; 055-430-687-135-708; 056-893-897-698-493; 056-917-136-643-176; 057-189-904-329-256; 060-657-706-348-15X; 064-789-665-712-700; 065-011-496-250-865; 066-839-055-328-416; 070-212-774-050-698; 074-029-762-050-981; 077-942-328-429-71X; 080-081-207-397-332; 080-876-439-910-448; 084-476-918-674-748; 090-209-081-503-170; 094-940-816-831-043; 094-972-366-578-031; 097-733-274-963-347; 098-835-424-280-28X; 099-160-001-063-404; 100-641-405-257-118; 103-352-692-626-059; 109-676-442-445-211; 112-623-397-106-93X; 119-050-188-300-428; 121-788-254-098-620; 123-837-890-178-85X; 137-987-429-227-109; 150-999-395-824-122; 162-663-092-387-769; 175-229-230-289-500; 184-335-698-064-118; 194-005-207-657-674,4,true,cc-by,gold
014-365-154-478-665,"Understanding Disability: Biopsychology, Biopolitics, and an In-Between-All Politics.",2018-03-25,2018,journal article,Adapted physical activity quarterly : APAQ,15432777; 07365829,Human Kinetics Publishers Inc.,United States,Dan Goodley,"What do disability labels give us and what do they steal from us? How possible is it to live our lives without categories when life is necessarily categorical? In this brief provocation, I want to explore the disability labels through recourse to three perspectives that have much to say about categorization, disability, and the human condition: the biopsychological, the biopolitical, and, what I term, an in-between-all politics. It is my view that disability categories intervene in the world in some complex and often contradictory ways. One way of living with contradictions is to work across disciplinary boundaries, thus situating ourselves across divides and embracing uncertainty and contradiction to enhance all our lives. I will conclude with some interdisciplinary thoughts for the field of adapted physical activity.",35,3,308,319,Epistemology; Sociology; Human condition; Contradiction; Field (Bourdieu); Intellectual disability; Discipline; Biopower; Categorization; Politics,disability identity development; intellectual disability; sociological perspectives,"Persons with Disabilities/psychology; Humans; Intellectual Disability; Models, Theoretical; Politics; Social Identification",,,https://pubmed.ncbi.nlm.nih.gov/29577742/ https://journals.humankinetics.com/doi/abs/10.1123/apaq.2017-0092 https://journals.humankinetics.com/view/journals/apaq/35/3/article-p308.xml http://journals.humankinetics.com/view/journals/apaq/35/3/article-p308.xml https://eprints.whiterose.ac.uk/129048/ https://www.ncbi.nlm.nih.gov/pubmed/29577742 https://core.ac.uk/download/153570642.pdf,http://dx.doi.org/10.1123/apaq.2017-0092,29577742,10.1123/apaq.2017-0092,2791553214,,0,004-574-838-817-814; 011-459-090-192-761; 011-470-657-375-604; 014-263-491-879-809; 018-719-357-563-297; 031-135-753-539-127; 033-932-246-794-814; 049-657-022-230-574; 052-041-756-333-380; 055-276-356-818-595; 055-882-848-475-664; 065-478-603-984-83X; 069-558-647-806-790; 076-175-493-196-306; 078-489-630-246-547; 106-341-449-489-598; 109-256-773-847-601; 121-574-055-962-494; 130-161-183-090-855; 130-378-585-581-275; 135-144-033-563-343; 140-316-070-065-078; 141-204-615-127-719; 171-355-065-408-482; 176-275-992-732-066; 181-125-206-818-573; 187-111-765-881-393; 194-131-866-551-520; 197-081-547-567-433,10,true,,green
015-369-246-265-207,2. The Nature of Psychiatric Diagnoses,2021-07-07,2021,book chapter,Towards an Ethics of Autism,,Open Book Publishers,,Kristien Hens,"<jats:p>This chapter explores a first meaning of autism, that it is a psychiatric disorder defined in a diagnostic manual. We investigate what a psychiatric disorder is. I give an overview of philosophical discussions about the distinction between mind and brain, psychology and biology. I explain how biological explanations for mental disorders have the advantage that they can take away feelings of guilt and open up routes towards healing. At the same time I argue, using Karl Jasper’s distinction between understanding and explanation, that reductionist approaches that merely give a causal biological explanation of mental disorders neglect the importance of understanding the meaning and context in which phenomena occur.</jats:p>",,,13,32,Psychiatry; Psychiatric diagnosis; Medicine,,,,,https://www.scilit.net/article/e581c8da7c4a9ff84a74b9c01ccdf28b https://www.openbookpublishers.com/10.11647/OBP.0261.pdf,http://dx.doi.org/10.11647/obp.0261.02,,10.11647/obp.0261.02,3177460364,,0,001-318-477-246-443; 001-658-063-912-822; 003-047-115-232-416; 003-219-890-639-581; 003-329-566-470-89X; 003-747-638-659-133; 004-109-720-641-426; 004-232-677-921-003; 004-313-993-416-521; 004-944-781-554-78X; 006-539-868-203-53X; 007-154-357-881-637; 007-403-993-791-813; 007-672-098-239-171; 007-898-562-182-001; 008-512-345-162-110; 009-118-348-802-41X; 011-470-657-375-604; 011-602-573-870-220; 011-891-263-482-701; 012-239-632-097-550; 014-870-216-229-558; 014-947-237-443-679; 015-379-587-150-837; 015-549-104-663-865; 015-773-529-387-807; 016-347-265-545-801; 016-391-126-799-48X; 016-907-075-832-829; 018-719-357-563-297; 019-879-823-633-926; 019-959-408-672-485; 021-246-609-561-847; 021-871-703-378-022; 022-209-625-457-20X; 022-456-746-978-624; 022-775-887-064-971; 024-889-025-722-756; 026-962-078-740-414; 027-690-951-827-46X; 027-854-268-106-199; 028-265-916-156-153; 028-602-366-529-860; 029-267-866-350-876; 030-319-240-743-421; 030-387-057-090-527; 030-530-791-135-549; 030-677-067-524-515; 031-519-412-951-757; 032-452-022-529-609; 033-665-377-700-845; 034-001-195-608-508; 034-934-729-323-422; 036-754-911-657-490; 037-569-002-523-462; 037-866-622-988-544; 038-252-202-816-287; 041-385-657-530-725; 041-894-478-711-50X; 042-189-075-869-321; 042-787-663-227-499; 043-041-154-946-933; 043-621-341-581-678; 044-581-523-314-610; 045-151-859-618-059; 046-203-599-922-481; 047-169-264-563-122; 050-660-016-061-359; 051-333-856-176-237; 051-582-474-059-868; 054-086-794-065-649; 054-299-192-691-510; 055-124-898-630-295; 056-996-678-354-043; 057-248-385-431-271; 060-981-104-025-905; 061-314-169-844-538; 062-564-990-730-064; 064-304-435-505-118; 066-570-820-781-084; 069-405-310-915-492; 070-075-714-755-954; 071-863-937-332-119; 072-170-191-583-994; 073-568-440-306-039; 074-329-799-504-400; 076-112-643-675-030; 077-122-104-292-60X; 079-344-769-130-310; 080-324-278-683-540; 081-616-033-410-107; 082-241-440-995-614; 082-278-136-828-984; 085-583-178-665-271; 086-492-380-907-740; 090-844-458-558-87X; 091-185-302-710-222; 092-333-857-389-602; 092-441-128-507-160; 092-647-055-595-924; 097-019-171-854-190; 102-096-719-415-272; 102-962-378-533-26X; 103-441-071-361-611; 104-276-046-537-259; 104-855-182-505-442; 106-888-996-773-263; 113-463-408-445-07X; 115-290-648-536-712; 116-106-561-319-444; 116-224-854-193-256; 118-062-603-935-896; 122-871-977-356-877; 130-828-378-971-137; 131-423-542-523-282; 131-610-548-822-084; 132-082-919-534-234; 139-976-990-866-634; 142-009-455-476-727; 146-304-318-255-060; 146-785-247-480-323; 154-029-195-581-603; 160-310-641-755-856; 162-400-328-964-135; 176-221-391-173-736; 193-906-339-341-550; 196-898-312-277-44X,0,true,cc-by,hybrid
015-915-358-097-725,Thom Roberts Reads Crowns: Musing on Art and Neurodiversity through the Lens of One Artist’s Practice,2021-09-04,2021,journal article,Art/Research International: A Transdisciplinary Journal,23713771,University of Alberta Libraries,,Chloe Watfern,"At Studio A, a supported studio for neurodiverse artists, the prolific painter, performer, photocopier, and installation artist Thom Roberts frequently reaches out to connect with friends and fellow artists by running his hands across the backs of their heads; “reading” their crowns. It’s a blessing I have been lucky enough to receive countless times over the course of my ethnographic engagement with Studio A, and as my relationship with Thom has developed. During my research, I have witnessed Thom read crowns in all kinds of contexts, from pubs to art galleries, in a performance artwork that could also be understood as an experimental artist talk. Here, I trace the narrative of this facet of Thom’s practice. I consider how such embodied encounters have the potential to open avenues of communication and connection between people who might experience the world in very different ways.",6,2,505,521,Art; Visual arts; Performing arts; Installation art; Narrative; Painting; Blessing; Studio; Performance art; Reading (process),neurodiversity; ethnography; intellectual disability; performance art; supported studio,,,,https://www.erudit.org/fr/revues/ari/2021-v6-n2-ari06418/1081995ar/ https://journals.library.ualberta.ca/ari/index.php/ari/article/view/29546,http://dx.doi.org/10.18432/ari29546,,10.18432/ari29546,3199934199,,0,,0,true,cc-by-nc-nd,gold
015-915-733-615-847,Autistic Representation in Television,,,dissertation,,,Portland State University Library,,Sarah E Audley,,,,,,Artificial intelligence; Natural language processing; Representation (systemics); Computer science,,,,,https://pdxscholar.library.pdx.edu/cgi/viewcontent.cgi?article=2069&context=honorstheses,http://dx.doi.org/10.15760/honors.918,,10.15760/honors.918,3035590343,,0,,0,true,,bronze
017-307-895-376-643,"""I'm not feeling alone in my experiences"": How newly diagnosed autistic adults engage with a neurodiversity-affirming ""Welcome Pack"".",2025-04-25,2025,journal article,Autism : the international journal of research and practice,14617005; 13623613,SAGE Publications,United States,Chris Edwards; Abigail Ma Love; Ru Ying Cai; Melanie Heyworth; Alexandra Johnston; Fiona Aldridge; Vicki Gibbs,"Receiving an autism diagnosis in adulthood can be profoundly transformative, yet many newly diagnosed autistic adults experience a lack of accessible, affirming post-diagnostic support. This study explores how a self-guided, neurodiversity-affirming resource-the ""Welcome Pack""-supports newly diagnosed autistic adults in navigating their evolving identity. Using a qualitative approach, we recruited 11 autistic adults without intellectual disability in Australia who had received a diagnosis within the past 6 months. Participants engaged with the ""Welcome Pack"" over a 2-month period before taking part in semi-structured interviews. Reflexive thematic analysis generated four key themes: (1) a sense of belonging through community and representation, as participants found validation in shared narratives; (2) the ""Welcome Pack"" as one of many tools supporting their self-understanding; (3) emotional reflections, including both relief and grief over years of masking; and (4) challenges in self-advocacy and educating others. While participants described the ""Welcome Pack"" as an important and validating resource, they also highlighted the need for additional structured peer support and practical guidance. These findings underscore the value of integrating self-guided resources within broader post-diagnostic ecosystems, ensuring that newly diagnosed autistic adults receive timely, accessible, and neurodiversity-affirming support as they navigate their identity.Lay Abstract.",29,8,2072,2083,Psychology; Autism; Feeling; Developmental psychology; Social psychology,autistic adult; diagnosis; late-diagnosed; neurodiversity-affirming; post-diagnostic; self-guided,Qualitative Research; Autistic Disorder/diagnosis; Interviews as Topic; Humans; Male; Female; Young Adult; Adult; Middle Aged; Delayed Diagnosis/psychology; Self Concept; Social Support/methods; Australia,,Australian Government Department of Social Services to develop the ’Welcome Pack; Woodend Foundation to ARCAP,,http://dx.doi.org/10.1177/13623613251335070,40277162,10.1177/13623613251335070,,PMC12255835,0,001-387-770-069-14X; 004-840-716-770-068; 015-210-293-011-694; 019-368-619-096-671; 020-151-976-271-544; 029-101-729-854-840; 029-172-306-949-723; 034-562-852-988-628; 037-550-015-414-716; 052-603-344-308-500; 052-679-334-409-114; 056-779-268-680-822; 059-387-146-612-22X; 063-715-118-931-308; 080-003-857-954-678; 081-178-270-762-256; 091-852-996-432-592; 095-420-705-800-92X; 100-495-765-735-168; 102-163-574-168-705; 102-228-688-195-116; 111-840-961-462-308; 112-087-472-969-086; 113-806-211-305-112; 121-467-792-000-507; 123-976-657-877-208; 128-626-797-960-224; 131-918-922-686-74X; 132-426-334-633-727; 134-223-334-591-224; 153-427-633-738-285; 164-513-340-210-09X; 175-444-925-602-956; 177-819-047-605-715; 185-979-518-571-228; 193-677-579-853-33X,3,true,cc-by,hybrid
017-707-428-632-751,Shedding light on autistic traits in struggling learners: A blind spot in medical education.,2021-02-20,2021,journal article,Perspectives on medical education,2212277x; 22122761,"Ubiquity Press, Ltd.",Netherlands,Marie Giroux; Luce Pélissier-Simard,"Some highly challenging, seemingly “unsolvable” situations that arise in medical education could be the result of autistic traits (AT) in learners. AT exist in physicians and learners, ranging from profiles compatible with DSM-5’s criteria for autism spectrum disorder (ASD) to more subtle manifestations of ASD’s “broader phenotype.” Often associated with strengths and talents, AT may nonetheless pose significant challenges for learning, teaching, and practising medicine. Since AT remain widely under-recognized and misunderstood by educators, clinicians, and affected individuals alike, they represent a blind spot in medical education. The use of a “neurodiversity lens” to examine challenging situations may help educators consider different pedagogical approaches to address those potentially stemming from AT. This paper aims to raise awareness and understanding of AT-related difficulties in struggling medical learners. To overcome the blind spot challenge and help develop this “neurodiversity lens,” we explore different angles. Beyond any diagnostic consideration, we offer a series of contextual examples, paralleled with explanatory concepts from the field of ASD. We also underline the role of context on functional impact and describe the often ill-defined pattern of challenges encountered, as well as the fertile grounds for interpersonal misunderstandings and disrespect. We propose historical, cultural, and clinical reasons likely contributing to the blind spot. Mindful of the potential risks of prejudice associated with identifying AT-related difficulties, we underline the necessity and feasibility of conciliating diversity and dignity with accountability standards for medical competence.",10,3,180,186,Psychology; Interpersonal communication; Competence (law); Autism spectrum disorder; Dignity; Context (language use); Neurodiversity; Diversity (politics); Prejudice; Medical education,Autistic traits; Competency-based medical education; Medical education; Neurodiversity,"Autism Spectrum Disorder/diagnosis; Autistic Disorder; Education, Medical; Humans; Learning; Prejudice",,,https://link.springer.com/article/10.1007/s40037-021-00654-z https://europepmc.org/article/MED/33611772 https://www.ncbi.nlm.nih.gov/pubmed/33611772 https://link.springer.com/content/pdf/10.1007/s40037-021-00654-z.pdf https://pubmed.ncbi.nlm.nih.gov/33611772/,http://dx.doi.org/10.1007/s40037-021-00654-z,33611772,10.1007/s40037-021-00654-z,3131097239,PMC8187540,0,000-722-089-564-018; 003-849-323-236-125; 006-924-010-110-739; 008-249-754-022-471; 008-386-208-457-137; 008-495-481-407-993; 010-542-541-412-219; 012-230-692-812-041; 015-819-425-003-70X; 020-827-314-164-034; 023-602-776-711-372; 026-450-621-635-255; 027-372-124-161-592; 033-706-493-591-322; 037-387-633-393-150; 039-932-412-176-631; 050-175-348-930-494; 068-865-428-808-888; 081-030-427-213-511; 082-241-440-995-614; 083-066-365-324-095; 085-583-178-665-271; 106-888-996-773-263; 110-577-349-099-387; 112-044-879-142-574; 112-937-416-439-919; 120-141-594-227-640; 124-163-934-358-229; 131-423-542-523-282; 156-496-598-269-580; 167-556-776-587-639; 174-861-718-064-420; 179-163-400-385-279; 183-551-968-365-018,10,true,cc-by,gold
019-838-633-193-308,"Nor weak ties, nor strong ties: Personal support networks and relations between autistic peers.",2025-09-09,2025,journal article,Autism : the international journal of research and practice,14617005; 13623613,SAGE Publications,United States,Isabelle Courcy; Noémie Cusson; Nuria Jeanneret,"The aim of this study is to analyze egocentric social networks of 31 autistic adults in Québec (Canada). We examined the composition of their proximal personal support network and the role of support shared among autistic peers. A mixed method analysis was used. An egocentric network questionnaire that included qualitative prompts was conducted to gather participants' interpretations and reference systems, facilitating an understanding of networks' multidimensional aspect. A reflexive thematic analysis was conducted with a subset of the data from the qualitative prompts. Three main themes were identified: (1) interference in social interactions, (2) mutual acknowledgment, and (3) social engagement in the community. Most participants (<i>n</i> = 21) mentioned autistic peers, but although these peers may have provided support, participants rarely identified them as being part of their proximal personal support network. Results nevertheless highlight the importance of peer support for several participants, which can refer to the concept of ""weak ties,"" but they differ from it by the exchanges of emotional support, which are normally expected from ""strong"" ties.Lay abstractSocial support is recognized as an important predictor of quality of life in autistic and neurodivergent people. However, few studies have explored in detail the composition of support networks in autistic adults. Moreover, research on social networks in the field of autism has mainly focused on the support networks of experts and parents. This article presents the results of a study that analyzed the composition of the support network of 31 autistic adults and examined the role of autistic peer support in their network. Interviews were conducted with the participants. Most of them (<i>n</i> = 21) mentioned autistic peers in their social network. Although these peers provided unique types of support, participants rarely identified them as close friends or relatives. Nevertheless, the results underline the importance of peer support for participants, which often presented itself as empathetic listening, the sharing of advice to deal with everyday life issues and company for recreational activities. This study shows that we should not underestimate the support that can be provided by people who share a common experience, even if they are not considered close friends. It paves the way to thinking about how communities and professionals, such as social workers and educators, can support opportunities and facilitate spaces that foster peer support.",30,1,97,110,Psychology; Autism; Social support; Developmental psychology; Thematic analysis; Social network (sociolinguistics); Qualitative research; Social network analysis; Reflexivity; Peer support; Social relation; Social psychology; Interpersonal relationship; Quality (philosophy); Quality of life (healthcare); Peer group; Friendship; Applied psychology; Emotional support; Cognitive psychology; Autistic spectrum; Field (mathematics),adults; autism spectrum disorders; family functioning and support; qualitative research,Humans; Female; Peer Group; Male; Adult; Social Support; Quebec; Autistic Disorder/psychology; Middle Aged; Young Adult; Social Interaction; Surveys and Questionnaires; Interpersonal Relations; Qualitative Research; Social Networking,,Social Sciences and Humanities Research Council of Canada; Fonds de Recherche du Québec - Santé,https://journals.sagepub.com/doi/pdf/10.1177/13623613251369908 https://doi.org/10.1177/13623613251369908,http://dx.doi.org/10.1177/13623613251369908,40926306,10.1177/13623613251369908,,PMC12717286,0,001-973-006-745-79X; 002-933-392-683-979; 004-729-643-019-998; 005-298-097-305-763; 008-802-532-351-705; 011-774-491-068-104; 011-836-986-912-718; 014-868-109-106-680; 016-381-690-189-333; 019-421-827-445-119; 019-661-793-480-647; 020-151-976-271-544; 022-193-727-344-35X; 022-210-205-054-832; 022-973-101-622-642; 024-535-900-162-016; 026-904-194-636-221; 028-967-327-575-145; 037-535-128-236-017; 040-235-267-738-168; 043-541-637-516-816; 046-458-913-706-504; 046-841-674-135-16X; 048-293-808-162-840; 062-237-394-643-070; 062-404-167-387-025; 064-389-477-412-687; 081-026-247-836-293; 083-526-356-410-092; 085-481-889-812-381; 087-362-210-327-947; 092-441-128-507-160; 092-697-422-874-550; 098-131-611-026-783; 102-228-688-195-116; 106-562-971-006-025; 109-025-293-925-131; 115-753-800-697-093; 117-719-383-533-656; 120-671-822-660-509; 130-756-640-924-29X; 133-788-227-354-030; 148-081-607-015-108; 148-181-354-184-891; 168-714-149-428-070; 173-496-288-430-70X; 181-632-785-664-48X; 182-584-026-755-834; 199-038-598-938-782,2,true,cc-by,hybrid
020-752-427-428-485,Opening Eyes - Enabling full-service and special school teachers working with visually impaired learners,2021-02-04,2021,book chapter,Opening Eyes,27100979,AOSIS,,Maesala Manis,"Peer review declaration The publisher (AOSIS) endorses the South African 'National Scholarly Book Publishers Forum Best Practice for Peer Review of Scholarly Books.' The manuscript was subjected to rigorous two-step peer review prior to publication, with the identities of the reviewers not revealed to the author(s). The reviewers were independent of the publisher and/or authors in question. The reviewers commented positively on the scholarly merits of the manuscript and recommended that the manuscript be published. Where the reviewers recommended revision and/or improvements to the manuscript, the authors responded adequately to such recommendations.",,,147,183,Psychology; Special education; Full service; Visually impaired; Medical education,Teaching; Learning; Assessment; Design; Inclusion Visual impairment pedagogy; Inclusive education; Teacher competencies; Pedagogical tools; Instructional strategies Accessibility; Autonomy; Equality; Justice; Nondiscrimination Human rights; Barriers; Diversity; White Paper; Inclusion Adaptations; Augmentative and alternative communication; Barriers to learning; Expectations; Functional assessment; Functional vision; MIVI teachers; Multiple impairments; Support; Teamwork Implementation; Knowledge; Skills; Teachers; Stakeholders; Training Orientation skills; Vision skills; Daily living skills; Mobility skills; Functional vision assessment Higher-order; Emotion; Identification; Competence; Outcomes Collaboration; Communities; Families; Partnerships; Schools Transitioning; Inclusion; Foster care; Peers; Barriers to learning Transitioning; Inclusion; Comorbid; Peers; Barriers to learning Articulation gap; Social model for disability; Challenges of transition; Barriers to learning; Educational transition,,,,http://dx.doi.org/10.4102/aosis.2020.bk179.06,http://dx.doi.org/10.4102/aosis.2020.bk179.06,,10.4102/aosis.2020.bk179.06,3128189285,,0,,0,true,cc-by-nc-sa,hybrid
023-146-642-991-712,"Understanding how autistic pupils experience secondary school: autism criteria, theory and FAMe™",,,dissertation,,,Sheffield Hallam University,,Julia Leatherland,"Many autistic pupils experience difficulties associated with a mis-match between the explicit features of autism and the physical and psychosocial environment of secondary school, which leave them particularly vulnerable to a range of negative mental health outcomes, and which can create barriers to their academic success (Charman et al., 2011; Morewood, Humphrey and Symes, 2011). This situation is understood to be compounded by a lack of teacher training and understanding of autism in general, and of its specific impact on individual pupil’s learning styles and support needs (Falkmer, Parsons and Granlund, 2012; Reed, Osborne and Waddington, 2012; Hebron and Humphrey, 2014). This project sought to investigate (1) the extent to which existing descriptions of autism were reflected in the general school experiences of a cohort of autistic pupils, and (2) the impact of a new pupil-to-teacher communication system, designed by the author, on the classroom experiences and psychological well-being of these pupils.; Situated within the paradigm of pragmatism, a mixed methods approach to this research project was adopted. Twenty-one autistic pupils shared their experiences of school during semi-structured interviews, whilst their teachers’ experiences of teaching them were elicited via online surveys. Thematic analysis, using a specifically designed coding manual, was used to investigate the capacity of the diagnostic criteria descriptors and definitions of autism, and selected cognitive autism theories, to explain both the general school experiences described by autistic pupils, and the specific areas of difficulty they prioritised for additional support and/or teacher practice change. The efficacy of a new register-based pupil-to-teacher communication system (FAMe™), was evaluated using pre- and post-system implementation interviews and pupil self-report scales. The design of this project positioned participating pupils as experts in their own experiences, whilst the FAMe™ System enabled their voices to influence matters that affected them. The methods used, to facilitate engagement with and collect data from autistic pupils, have the potential to be considered a ‘model example’ for carrying out future research in this field.; Analysis evidenced the limited capacity of the diagnostic criteria and autism theory to inform understanding of the pupils’ collective experiences. Positive impact of the FAMe™ System on pupils’ classroom experiences and psychological well-being was demonstrated. Teachers reported improved confidence post-FAMe™ in their ability to teach autistic pupils, and to meet their pupils' self-reported classroom and/or learning support needs. Improved educational outcomes were also reported.; Findings contribute knowledge to the under-researched area of autistic pupils’ lived experience. The apparent failure of current diagnostic criteria descriptors and definitions of autism to adequately reflect pupils’ experiences led to the development of a new bio-psychosocial definition of autism. This has since been adopted by colleagues teaching students of autism (Beardon, 2017b) and by those engaged in independent autism research. If the demonstrated positive effect of FAMe™ System use, on teacher’s autism-related practice and on pupil educational outcomes, is replicable in other schools, the impact of its continued implementation, for autistic individuals and wider society, could be significant.",,,,,Situated; Mental health; Developmental psychology; Psychosocial; Psychology; Pragmatism; Cognition; Autism; Learning styles; Thematic analysis,,,,,https://shura.shu.ac.uk/23231/ https://ethos.bl.uk/OrderDetails.do?uin=uk.bl.ethos.758408 https://core.ac.uk/download/pdf/161772974.pdf,http://dx.doi.org/10.7190/shu-thesis-00101,,10.7190/shu-thesis-00101,2906368346,,0,,3,true,cc-by-nc-nd,hybrid
024-597-965-341-537,"The multiple meanings of ADHD: between deficit, disruption and hidden potential",,2019,journal article,Saúde e Sociedade,19840470; 01041290,FapUNIFESP (SciELO),Brazil,Aude Béliard; Álvaro Jiménez-Molina; Javiera Díaz-Valdés; Alice Le Goff; Sarra Mougel; Hugo Sir,"Abstract The purpose of this article is to describe the subjective experience of the diagnosis of Attention Deficit and Hyperactivity Disorder (ADHD) and the cultural meanings that shape this experience. Based on interviews and discussion groups with diagnosed people and their families in Chile and France, this article show that ADHD can acquire multiple meanings. From a thematic analysis, we identified three registers or ways of living and thinking about ADHD. In the deficit register, the disorder is experienced primarily as a failure of certain abilities. In the disruption register, the disorder is experienced as disrupting the person’s life, personality and interactions, which must then be normalized. In the register of hidden potential, on which this article focuses, ADHD is simultaneously thought of as a difficult and valuable condition, a source of exceptional capacities that are often hidden in the ordinary functioning of social life. We therefore invite reflection that identifies the factors of mobilization or non-mobilization of the hidden potential register, with particular emphasis not only on relational configurations, socio-economic variables, and the gender variable, but also on the institutional and political context of each country.",28,1,55,74,Developmental psychology; Psychology; Personality; Register (sociolinguistics); Context (language use); Social life; Attention deficit; Thematic analysis; Politics,ADHD; Diagnostic Experience; Hidden Potential; Chile; France TDAH; Experiência Diagnóstica; Potencial Oculto; Chile; França,,,,https://search.bvsalud.org/gim/resource/es/biblio-991681 https://www.scielo.br/j/sausoc/a/wDzz8jhWdKbNnWyHQXms5Qy/ https://www.scielo.br/scielo.php?script=sci_arttext&pid=S0104-12902019000100005&lng=pt http://www.scielo.br/j/sausoc/a/wDzz8jhWdKbNnWyHQXms5Qy/ https://pesquisa.bvsalud.org/portal/resource/pt/biblio-991681 http://repositorio.uchile.cl/handle/2250/171918 https://www.scielosp.org/article/sausoc/2019.v28n1/55-74/ https://www.scielo.br/pdf/sausoc/v28n1/1984-0470-sausoc-28-01-55.pdf https://www.scielosp.org/pdf/sausoc/2019.v28n1/55-74/en https://www.revistas.usp.br/sausoc/article/download/160241/154585 https://www.revistas.usp.br/sausoc/article/view/160241,http://dx.doi.org/10.1590/s0104-12902019181145,,10.1590/s0104-12902019181145,2922021625,,0,000-744-035-248-690; 007-388-926-611-453; 007-529-220-857-343; 011-118-511-264-757; 011-976-351-140-966; 016-619-352-824-792; 016-938-309-466-473; 034-106-903-095-813; 046-272-160-744-200; 048-282-317-089-307; 070-349-012-671-217; 082-037-276-460-475; 088-283-667-538-235; 089-534-734-843-118; 096-688-554-431-170; 098-408-243-067-643; 101-770-462-096-186; 111-925-994-702-059; 112-030-400-830-192; 115-026-424-629-714; 139-666-405-082-588; 170-433-792-245-426; 173-635-897-302-321; 174-320-458-292-037; 184-501-964-005-251; 186-922-170-426-474; 192-235-271-644-000; 197-005-482-202-913,4,true,cc-by,gold
025-401-117-905-394,On an Attempt to Study the Inter-relationships amongst Enablers of Inclusion of Neuro Diverse Individuals at Educational and Professional Workplaces,2020-03-17,2020,journal article,International Journal of Computer Applications,09758887,Foundation of Computer Science,,Ratna Banerjee; Lakshay Aggarwal; Remica Aggarwal,"Diversity is an inherent part of the society. Neuro-diverse individuals are often characterized with challenges with social interaction, verbal and non-verbal communication and repetitive behaviors . They are gifted individuals who are brilliant at performing technology related tasks. However their talent and expertise need to be recognized and sharpen both at the societal, educational as well as at the workplace level so as to utilize their talent and expertise to its fullest. Present article focuses on therefore exploring various success factors behind the successful inclusion of neuro-diverse learners at classrooms as well as at workplaces . thereafter , it tries to study the inter-relationships amongst them using ISM methodology .",177,45,27,33,Inclusion (education); Computer science; Medical education,Neurodiversity   ISM methodology; Neuro-diverse individuals; Autism; Inclusive education; Neuro-diverse classrooms,,,,http://dx.doi.org/10.5120/ijca2020919944,http://dx.doi.org/10.5120/ijca2020919944,,10.5120/ijca2020919944,3011968177,,0,,0,true,,gold
026-758-653-048-275,Toward a Critical and Comparative Anthropology of Disability: Absent Presence and Exemplary Personhood,2021-09-01,2021,journal article,Social Analysis,0155977x; 15585727,Berghahn Books,Australia,Joshua Reno; Kaitlyn Hart; Amy Mendelson; Felicia Molzon,"<jats:p>This article places anthropology in dialogue with critical disability studies (CDS) in order to reassess historical and emerging ethnographic readings of difference. We argue that one unintended consequence of a lack of attention to disability in anthropology, generally, has been an impoverished conception of personhood and power. Building on insights from CDS and the ethnographic literature, we show how non-normative bodies and minds can play a critical role in relationships with non-human others and exemplary persons. Looking beyond hegemonic and secular ideas of disability as a form of misfortune or lack not only offers alternatives for being with disability, in keeping with the aims of CDS, but also shows new directions for comparative discussions of power and difference.</jats:p>",65,3,131,149,Sociology; Anthropology; Disability absent; Personhood,comparison; difference; disability; ethnographic record; personhood; power,,,,https://berghahnjournals.com/view/journals/social-analysis/65/3/sa650307.xml,http://dx.doi.org/10.3167/sa.2021.650307,,10.3167/sa.2021.650307,3211716801,,0,006-216-618-436-30X; 007-495-285-113-000; 008-885-026-374-45X; 014-869-195-736-391; 016-845-717-304-876; 024-915-385-504-804; 034-821-513-101-408; 035-581-325-082-568; 040-472-698-313-590; 043-192-265-175-658; 048-957-931-902-428; 057-547-508-574-257; 063-240-123-039-158; 067-688-151-048-706; 071-138-202-894-733; 085-176-978-045-769; 085-182-831-790-562; 093-549-343-789-51X; 108-202-712-971-975; 111-761-336-975-954; 112-361-752-959-287; 125-607-782-755-591; 132-065-394-316-722; 133-742-509-599-200; 134-354-768-125-554; 138-055-302-467-734; 140-608-650-630-760; 147-093-116-260-522; 151-237-290-288-189; 161-975-657-443-470,5,true,"CC BY, CC BY-ND, CC BY-NC-ND",gold
030-041-299-718-753,Personal Assistance to People with ASD in Czechia: Between Positive Discrimination and Ableism,2019-12-24,2019,journal article,The Journal of Social Policy Studies,17270634,"National Research University, Higher School of Economics (HSE)",Russian Federation,Хелена Вадюрова; Виктория Рудольфовна Шмидт,"Contemporary politics concerning those with Autism Spectrum Disorder (ASD) revolves around a contest between the medical perspective of autism as a pathology in need of a cure and the autism acceptance perspective, which maintains that autism is a normal human variation. Neither of these extremes provides a sustainable solution to the dilemma of empowerment and care for the people with ASD. Even more, each of the extremes runs the risk of reproducing ableism, a cultural status quo that privileges an able-bodied 'norm' and re-establishes hierarchies of ability upon people with ASD. The call for personal assistance, a pillar of independent life for people with disabilities, reframes the policy of the individual approach for people with ASD by ensuring better continuity between assessment and intervention. The current Czech policy concerning people with disabilities remains aligned with the approach introduced in the late 1980s that divides people with disabilities into categories according to the degree of their dependence instead of refining the approach in line with needs assessment and individualizing interventions. How do different actors respond to the obvious lack of personal assistance to people with ASD? This article examines the impact of governmental bodies responsible for disability policy, the regional authorities and civil society actors on reproducing post-socialist path dependence on medicalised assessment, the centralised approach to funding, and the univocity with residential care. We apply the 'Assessing Personal Assistance Schemes', a multi-faceted set of criteria aimed at monitoring the right to independent life, for indicating options concerning sustainable switching to personal assistance.",17,4,629,642,Norm (social); Psychology; Empowerment; Autism; Ableism; Status quo; Dilemma; Autism spectrum disorder; Needs assessment; Social psychology,people with ASD; post-socialist politics of disability; personal assistance; positive discrimination; ableism,,,,https://jsps.hse.ru/article/view/10224 https://jsps.hse.ru/article/download/10224/11070,http://dx.doi.org/10.17323/727-0634-2019-17-4-629-642,,10.17323/727-0634-2019-17-4-629-642,2997251991,,0,,0,true,,bronze
030-169-676-112-865,A Phenomenological Study of the Lived Experiences of Parents of Young Children with Autism Receiving Special Education Services.,2000-01-01,2000,report,,,Portland State University Library,,Donna Marie Barrow,"Over the past two decades reported rates of autism have steadily risen. The current incidence is 1 in 68 children. While autism can be reliably diagnosed at 18 months in most children with the condition, specialized autism treatment rarely begins before a child's third or fourth birthday. As screening and diagnosis procedures improve so does the need for effective early interventions for autism. Researchers and professionals have expressed a growing concern over the need for effective early interventions for infants and toddlers with autism. At the same time, there is a dearth of qualitative research exploring the needs and experiences of parents with a very young child with autism. Employing a phenomenological framework, the purpose of this study was to investigate the lived experiences of parents of a young child with autism receiving early special education services. Unstructured interviews and photo elicitation were used to generate rich, detailed descriptions of the phenomenon. Data analysis from photographic images and narrative dialogues illuminated six essential themes across participants: (a) parents as pioneers: forging the way for future families; (b) making the journey as a family; (c) navigating uncharted service systems; (d) overcoming challenges and obstacles; (e) resilience, ingenuity and hope; and (f) reflecting on the first three years and looking forward. Participants expressed that they felt this study gave them a ""voice"" in the research literature. This study is one of the first to investigate the lived experiences of parents as they seek and secure autism services for their child under five with autism.",,,,,Developmental psychology; Psychology; Autism; Special education; Clinical diagnosis; Family relationship; Lived experience; Screening test; Phenomenology (philosophy),,,,,https://eric.ed.gov/?id=ED581066 https://pdxscholar.library.pdx.edu/open_access_etds/4035/,http://dx.doi.org/10.15760/etd.5919,,10.15760/etd.5919,2778020183,,0,,3,true,,bronze
030-639-211-027-621,Selective patient and public involvement: The promise and perils of pharmaceutical intervention for autism,2017-10-31,2017,journal article,Health expectations : an international journal of public participation in health care and health policy,13697625; 13696513,Wiley-Blackwell,United Kingdom,Ginny Russell; Sandy Starr; Chris Elphick; Raffaele Rodogno; Ilina Singh,"Background; Guidelines suggest the patient community should be consulted from the outset when designing and implementing basic biomedical research, but such patient communities may include conflicting views. We examined how engagement occurred in one such instance.; ; Objective; Our objective was to scrutinize patient and public involvement (PPI) by a pan-European biomedical consortium working to develop drugs to treat autism. We aimed to use this as an example to illustrate how PPI has been utilized in biomedical research.; ; Setting, participants and analysis; Two public events, one in the UK and one in Denmark were conducted as part of the consortium's on-going PPI activities in 2014 and 2015. Sixty-six individuals submitted written comments on the consortium's research after these events. The textual data produced were analysed using a thematic approach. Approximately 71% of respondents reported themselves to be adults on the autism spectrum or parents of children with autism.; ; Results; The themes identified illustrated major differences between some community concerns and the biomedical research agenda. While treating autism per se. was seen as problematic by some, treating specific co-occurring problems was seen as helpful in some circumstances. The biomedical consortium selected PPI with a limited user viewpoint at its outset and more widely once basic research was on-going.; ; Discussion; This case illustrates what we term “selective PPI” where only a sympathetic and/or limited patient viewpoint is included. Findings highlight the perils of using selective PPI to legitimise scientific endeavours, and the possibilities for constructive dialogue.",21,2,466,473,Psychiatry; Psychology; Alternative medicine; Autism; Intervention (counseling); Basic research; Public involvement; Medical education; Biomedicine,PPI; autism; biomedicine; patient and public involvement,"Autistic Disorder/drug therapy; Biomedical Research/methods; Denmark; Health Knowledge, Attitudes, Practice; Health Personnel/psychology; Humans; London; Parents/psychology; Patient Participation; Surveys and Questionnaires; United Kingdom; Video Recording",,Wellcome Trust United Kingdom; Wellcome Trust (108676/Z/15/Z) United Kingdom,https://www.neuroscience.ox.ac.uk/publications/742350 https://ore.exeter.ac.uk/repository/handle/10871/30211 https://www.psych.ox.ac.uk/publications/742350 https://www.ncbi.nlm.nih.gov/pmc/articles/PMC5867326 https://www.onlinelibrary.wiley.com/doi/pdf/10.1111/hex.12637 https://pubmed.ncbi.nlm.nih.gov/29090494/ https://www.weh.ox.ac.uk/publications/742350 https://ore.exeter.ac.uk/repository/bitstream/10871/30211/1/hex.pdf https://europepmc.org/article/MED/29090494 https://onlinelibrary.wiley.com/doi/full/10.1111/hex.12637 https://core.ac.uk/download/161939546.pdf,http://dx.doi.org/10.1111/hex.12637,29090494,10.1111/hex.12637,2767055130,PMC5867326,0,001-181-996-948-012; 002-530-292-227-136; 003-865-320-517-044; 003-939-746-148-222; 006-201-523-571-443; 009-627-096-122-615; 017-871-975-882-404; 018-149-318-770-531; 020-902-360-512-359; 029-369-647-200-197; 030-639-211-027-621; 031-036-379-883-898; 036-990-943-080-993; 037-550-015-414-716; 040-037-636-864-884; 040-047-791-242-11X; 044-106-445-545-890; 046-600-165-124-553; 048-518-042-121-678; 049-459-853-496-835; 052-927-871-591-492; 056-376-796-686-965; 065-339-398-651-779; 067-578-060-684-662; 080-806-740-049-454; 081-916-049-717-036; 091-642-770-017-614; 092-708-372-739-713; 096-158-719-965-819; 101-370-543-680-461; 107-629-637-825-201; 128-538-964-330-394; 145-897-328-482-945; 155-473-219-493-26X; 170-671-741-097-965,22,true,cc-by,gold
032-365-685-400-763,The Multidimensional Factors That Influence the Family Management of Autism Spectrum Disorder: A Mixed Methods Study.,2025-05-12,2025,journal article,Journal of family nursing,1552549x; 10748407,SAGE Publications,United States,Shayleigh Dickson Page; Kylie Trone; Margaret C Souders; Jennifer A Pinto-Martin; Janet A Deatrick,"Children with autism spectrum disorder (ASD) have complex health needs and co-occurring medical and psychiatric diagnoses. Using the Family Management Style Framework, this convergent parallel mixed methods (QUAN + qual) study: (a) examined the intersection of Ability and Effort to define family management patterns and (b) evaluated the influence of child (ASD-related behaviors, feeding difficulties, sleep disturbances, gastrointestinal symptoms, aggression, self-injury), caregiver (anxiety, depression), and family (social support, unmet social needs) factors on family management pattern. Fifty-six primary caregivers of children with ASD completed the quantitative strand of the study. A nested sample of 30 caregivers participated in semi-structured interviews. The four patterns of family management were similar to those previously identified. Data from quantitative measures and interviews converged to identify that specific child characteristics (ASD behaviors, sleep disturbances, aggression, self-injury) and the caregiver's perceived social support influence family management. Descriptions of family management patterns and their correlates are important to guiding family nursing for this population.",31,3,208,227,Autism spectrum disorder; Psychology; Clinical psychology; Medicine; Autism; Developmental psychology,autism spectrum disorder; family management; mixed methods,"Humans; Autism Spectrum Disorder/nursing; Male; Female; Child; Caregivers/psychology; Social Support; Adult; Child, Preschool; Middle Aged; Adolescent; Family Nursing/methods",,NHLBI NIH HHS (T32 HL007713) United States; NHLBI NIH HHS (T32 HL170968) United States,,http://dx.doi.org/10.1177/10748407251333201,40356251,10.1177/10748407251333201,,PMC12379033,0,002-655-925-157-350; 003-742-954-222-125; 004-330-919-335-322; 004-801-587-553-099; 008-354-850-706-368; 008-388-414-177-127; 013-005-226-603-117; 013-245-734-695-823; 015-430-841-351-214; 015-505-689-725-026; 015-591-550-521-559; 015-965-444-356-75X; 016-533-665-032-166; 016-566-990-588-302; 018-392-325-202-807; 018-917-821-176-723; 022-593-603-103-653; 023-133-834-367-364; 024-256-043-966-439; 025-256-656-525-261; 029-610-200-204-018; 033-121-243-084-156; 034-222-270-573-392; 035-776-565-873-940; 036-269-766-004-346; 036-631-355-029-492; 040-310-315-484-877; 042-176-038-142-606; 044-717-016-042-489; 046-203-599-922-481; 051-129-186-854-845; 052-137-538-305-417; 054-811-198-444-844; 056-650-081-369-973; 066-213-073-534-403; 066-418-239-347-632; 067-456-083-582-954; 071-213-566-246-988; 075-402-810-989-272; 075-628-036-658-117; 075-679-327-785-722; 084-079-134-065-355; 088-174-481-556-280; 088-242-626-504-169; 088-941-484-510-602; 089-641-004-723-337; 089-708-607-203-14X; 094-643-681-727-394; 098-838-882-415-595; 103-403-340-497-81X; 103-443-760-464-877; 110-958-535-757-573; 111-554-922-265-240; 113-250-849-421-98X; 114-746-255-113-053; 125-987-240-303-985; 131-423-542-523-282; 136-577-163-313-190; 140-268-482-166-840,1,true,cc-by,hybrid
033-273-208-287-129,"G. E. Sukhareva's place in the history of autism research: Context, reception, translation",2019-01-01,2019,dissertation,,,Victoria University of Wellington Library,,Charlotte Simmonds,"<jats:p>&lt;p&gt;Grunya Efimovna Sukhareva was a Soviet child psychiatrist and neurologist who described an autism-like condition closely resembling Asperger’s syndrome about 20 years before Hans Asperger and Leo Kanner published their descriptions of autistic psychopathy and early infantile autism, first naming it schizoid psychopathy (1925), later renaming it autistic psychopathy (1959). While autistic-like syndromes were repeatedly described independently in many countries in the first half of the 20th century, Sukhareva seems to have been the only person to give a detailed description of the syndrome’s presentation in girls and its sex differences. Considered the founder of child psychiatry in Russia, she is little known elsewhere, despite a significant portion of her work being written in German. Awareness of Sukhareva and her work has been slowly making its way into autistic history, largely as a result of the 1996 publication of Sula Wolff’s translation of the 1926 case studies on schizoid psychopathy in boys, but the large majority of her work remains untranslated from German and/or Russian and inaccessible to many people. Her 1927 paper of case studies on girls, describing sex differences similar to those being described now, are virtually unknown even in German texts.  Including the translation of Sukhareva’s German-language paper on schizoid psychopathy in girls, summaries of her Russian-language texts on the syndrome, and what is hoped is a comprehensive bibliography of her published work, this thesis seeks to place Sukhareva’s work and its reception within the wider context of research into autistic-like syndromes in Anglo-European medical literature, and to understand the impact of domestic and international politics of the 20th century on child psychiatry and the international exchange of scientific knowledge. The thesis also corrects misinformation found in some recent popular histories of autism.&lt;/p&gt;</jats:p>",,,,,German; Autism; Psychopathy; Context (archaeology); Psychology; Psychoanalysis; Developmental psychology; History; Personality; Archaeology,CONTEXT; RECEPTION; TRANSLATION,,,,,http://dx.doi.org/10.26686/wgtn.17136701.v1,,10.26686/wgtn.17136701.v1,,,0,,0,true,cc-by,green
034-383-246-327-690,How I See and Feel About Myself: Domain-Specific Self-Concept and Self-Esteem in Autistic Adults.,2020-05-12,2020,journal article,Frontiers in psychology,16641078,Frontiers Media SA,Switzerland,William Nguyen; Tamara Ownsworth; Chelsea Nicol; David Zimmerman,"Few studies have examined the self-perceptions of autistic adults. This study aimed firstly to investigate domain-specific self-concepts and global self-esteem in autistic adults. The second aim was to examine associations between autism self-appraisals, perceived social support and global self-concept and self-esteem. The third was to determine which domains of self-concept were most closely associated with self-esteem. Participants included 71 autistic adults aged 18-70 years and 65 age, sex and education matched typically developing individuals. Participants completed an online survey of autism characteristics, global self-esteem and domain-specific self-concepts (i.e. likeability, task accomplishment, power, giftedness, invulnerability, and morality), self-appraisals about autism, and perceived social support. Autistic participants reported significantly lower power and global self-esteem than typically developing individuals after controlling for autism characteristics. More positive self-appraisals about autism (i.e. greater perceived benefits and lower helplessness) were significantly related to better global self-concept and self-esteem. Global self-esteem was significantly and positively associated with perceptions of giftedness, emotional resilience and power. These findings suggest that autistic adults may perceive themselves as having a low sense of power in their relationships and have negative global perceptions of their self-worth. However, those able to find positive meaning or benefits associated with autism are likely to have more positive global self-perceptions. This study provides new insights into how autistic adults perceive themselves which may guide the focus of psychosocial interventions that seek to recognize and promote unique talents and emotional resilience.",11,,913,,Psychological resilience; Developmental psychology; Psychosocial; Psychology; Learned helplessness; Autism; Psychological intervention; Self-concept; Social support; Self-esteem,autism; autistic adults; self-appraisals; self-concept; self-esteem; social support,,,,https://pubmed.ncbi.nlm.nih.gov/32477221/ https://research-repository.griffith.edu.au/handle/10072/394517 https://www.frontiersin.org/articles/10.3389/fpsyg.2020.00913/full https://philpapers.org/rec/NGUHIS https://www.frontiersin.org/article/10.3389/fpsyg.2020.00913/full https://www.ncbi.nlm.nih.gov/pmc/articles/PMC7235351,http://dx.doi.org/10.3389/fpsyg.2020.00913,32477221,10.3389/fpsyg.2020.00913,3024675062,PMC7235351,0,000-364-381-996-726; 003-384-280-186-81X; 003-905-192-179-717; 004-716-230-617-268; 006-179-409-143-818; 008-131-187-474-223; 010-000-167-353-899; 010-093-906-986-725; 012-433-269-236-497; 012-897-656-975-56X; 014-215-458-497-896; 015-593-203-910-348; 015-888-203-877-339; 015-927-570-151-897; 016-654-769-663-932; 018-064-851-958-652; 018-702-366-378-48X; 018-749-753-092-658; 019-618-211-107-014; 025-055-057-937-36X; 026-404-943-308-591; 027-033-426-805-625; 027-584-453-063-162; 032-042-158-704-03X; 032-547-991-544-05X; 033-183-940-304-939; 034-260-944-999-443; 036-817-352-056-167; 036-990-943-080-993; 037-615-169-430-502; 037-785-023-334-763; 041-605-081-691-594; 045-672-367-341-720; 048-755-205-197-255; 050-231-938-118-379; 055-235-606-029-388; 055-604-466-618-420; 063-548-528-471-898; 064-370-984-176-260; 064-967-498-333-656; 065-842-425-116-260; 074-329-210-249-612; 081-487-462-584-57X; 083-079-720-145-650; 084-278-309-537-61X; 085-583-178-665-271; 089-349-389-728-682; 091-909-113-288-297; 093-688-199-459-54X; 098-515-132-929-769; 099-016-501-956-667; 104-515-342-268-933; 109-268-564-891-233; 112-713-193-636-92X; 112-795-667-024-397; 113-511-348-004-531; 116-091-722-302-549; 119-233-437-984-739; 119-337-645-680-082; 125-373-638-732-089; 131-575-275-937-028; 131-920-340-137-831; 136-695-190-751-484; 153-961-122-235-141; 157-756-998-731-302; 167-556-776-587-639,55,true,cc-by,gold
036-771-727-397-064,Attitudes of Chinese public towards the autism community: Evidence from a decade of Weibo data.,2024-07-30,2024,journal article,Heliyon,24058440,Elsevier BV,Netherlands,Xiaowen Li; Hao Xu; Jun Zhang,"Autism is a highly stigmatized developmental disorder in Chinese society, with the public harboring many prejudices and misunderstandings towards individuals with autism.Grounded in ABC attitude theory, explores the status, trends, and characteristics of Weibo users' attitudes towards the autism community. Utilizing natural language processing and machine learning techniques, the study analyzes 1,113,014 Weibo posts concerning autism, spanning from January 1, 2013, to December 31, 2022. Findings indicate that Weibo users generally hold a positive and progressively improving attitude towards the autism community, particularly in affective and behavioral dimensions. However, the cognitive dimension of these attitudes remains relatively underdeveloped. Notable variations in attitudes and their components are evident across demographic variables such as gender, age, educational level, and verification status. These insights offer valuable guidance for policy-making by relevant authorities and contribute to enhancing public acceptance of individuals with autism.",10,16,e35113,e35113,Autism; Psychology; Dimension (graph theory); Cognition; Developmental psychology; Social psychology; Psychiatry; Mathematics; Pure mathematics,Attitude; Autism; Big data; Weibol,,,,https://pmc.ncbi.nlm.nih.gov/articles/PMC11369461/pdf/main.pdf https://www.ncbi.nlm.nih.gov/pmc/articles/11369461,http://dx.doi.org/10.1016/j.heliyon.2024.e35113,39229499,10.1016/j.heliyon.2024.e35113,,PMC11369461,0,001-350-871-138-803; 005-234-242-163-464; 008-835-640-749-05X; 009-192-951-292-691; 012-795-843-355-641; 014-879-755-691-806; 015-993-972-412-40X; 017-130-925-530-306; 020-610-908-000-881; 024-156-703-103-340; 025-121-309-199-723; 026-264-411-975-99X; 031-063-639-478-439; 031-831-055-080-506; 032-822-723-745-940; 033-402-225-701-924; 034-108-431-893-612; 034-626-632-638-458; 045-977-173-569-302; 047-194-700-536-708; 049-499-173-201-614; 050-140-539-622-128; 051-680-939-125-837; 061-656-700-820-857; 062-129-459-186-731; 065-356-284-433-938; 068-615-041-891-46X; 069-874-900-002-88X; 074-097-448-219-720; 090-098-901-311-862; 094-197-634-558-543; 097-695-954-591-255; 102-700-553-019-242; 103-357-923-815-264; 138-161-098-690-46X; 179-081-724-584-38X,5,true,"CC BY, CC BY-NC, CC BY-NC-ND",gold
037-350-315-597-837,CSERC - Autism: Implications for Inclusive Education with respect to Software Engineering,2019-11-18,2019,conference proceedings article,Proceedings of the 8th Computer Science Education Research Conference,,ACM,,Sylvia Stuurman; Harrie Passier; Frédérique Geven; Erik Barendsen,"Within Computer science and Software engineering, the prevalence of students with a diagnosis of autism spectrum disorder is relatively high. Ideally, education should be inclusive, with which we mean that education must be given in such a way that additional support is needed as little as possible.In this paper, we present an overview on what is known about the cognitive style of autistic individuals and compare that cognitive thinking style with computational thinking, thinking as an engineer, and with academic thinking. We illustrate the cognitive style of autistic students with anecdotes from our students.From the comparison, we derive a set of guidelines for inclusive education, and we present ideas for future work.",,,15,25,Software engineering; Cognitive style; Set (psychology); Cognition; Autism; Autism spectrum disorder; Computational thinking; Style (sociolinguistics),Autism; Inclusive education; Cognitive thinking style,,,,https://dl.acm.org/doi/10.1145/3375258.3375261 https://research.ou.nl/en/publications/autism-implications-for-inclusive-education-with-respect-to-softw-2 https://research.ou.nl/ws/files/12664810/se_and_autism.pdf https://research.ou.nl/en/publications/autism-implications-for-inclusive-education https://www.narcis.nl/publication/RecordID/oai%3Aresearch.ou.nl%3Apublications%2F8441b64c-603b-4c79-a3ea-9cd3061485b3 https://dblp.uni-trier.de/db/conf/cserc/cserc2019.html#StuurmanPGB19 https://core.ac.uk/download/pdf/289294729.pdf,http://dx.doi.org/10.1145/3375258.3375261,,10.1145/3375258.3375261,3009971325,,0,001-560-391-230-702; 002-945-752-636-112; 003-078-143-901-682; 004-878-914-979-552; 004-923-093-922-996; 005-639-246-093-200; 006-304-403-778-513; 006-585-446-443-936; 007-003-841-424-173; 012-344-979-117-367; 013-652-376-421-766; 013-839-254-975-322; 013-970-187-577-167; 015-764-244-026-43X; 017-802-200-898-161; 019-287-416-093-054; 020-901-815-801-399; 021-355-117-971-244; 021-932-242-548-338; 022-109-533-599-907; 024-068-644-305-646; 025-100-665-272-71X; 025-539-652-220-524; 034-343-171-243-225; 037-579-651-437-969; 038-333-528-442-718; 038-355-345-785-694; 039-131-182-585-092; 039-905-764-958-019; 040-433-201-831-586; 041-119-838-637-001; 042-039-154-144-907; 042-787-663-227-499; 045-574-618-487-46X; 048-531-718-226-995; 050-869-546-723-53X; 051-302-122-618-76X; 056-250-578-348-497; 056-943-681-779-967; 057-925-179-172-446; 058-632-696-198-369; 062-564-990-730-064; 064-780-245-855-915; 066-504-593-383-362; 066-676-624-194-021; 068-525-685-460-711; 075-168-840-155-778; 080-324-278-683-540; 082-916-486-995-559; 083-196-996-322-067; 084-278-309-537-61X; 090-333-871-897-328; 092-633-017-210-15X; 093-902-341-467-116; 096-056-300-004-106; 096-491-851-637-627; 098-212-689-004-765; 098-950-277-295-601; 102-238-917-069-05X; 105-958-513-863-905; 107-218-067-769-802; 108-763-972-551-117; 109-119-275-063-790; 112-911-398-109-995; 116-591-970-742-43X; 132-823-882-726-384; 137-669-442-504-357; 142-135-533-429-166; 143-233-191-757-084; 145-018-769-724-432; 149-314-518-592-06X; 155-789-315-865-490; 167-556-776-587-639; 193-954-277-806-522; 198-980-668-626-060,13,true,,green
037-704-687-231-41X,“I’m Proud to be a Little Bit Different”: The Effects of Autistic Individuals’ Perceptions of Autism and Autism Social Identity on Their Collective Self-esteem,2020-06-30,2020,journal article,Journal of autism and developmental disorders,15733432; 01623257,Springer Science and Business Media LLC,United States,Rosalind Cooper; Kate Cooper; Ailsa Russell; Laura G. E. Smith,"This study aimed to identify the attributes that autistic people perceive as positively and negatively impacting on their identity and wellbeing. In Study 1, we recruited 140 autistic participants for an online survey. Participants completed autism social identification and collective self-esteem measures and listed attributes they associated with autism. In Study 2, we conducted focus groups with 15 autistic people to explore how positively they perceived the attributes of autism. Participants then discussed the autism attributes in relation to their own experiences and identity. We found a positive relationship between the number of positive attributes participants associated with autism, and their collective self-esteem, to the extent that they identified with other autistic people.",51,2,704,714,Developmental psychology; Psychology; Autism; Perception; Well-being; Identity (social science); Self-esteem; Collective self-esteem; Focus group; Social identity theory,Autism community; Autism spectrum disorders; Autism strengths; Self-esteem; Social identity,Adolescent; Adult; Aged; Autistic Disorder/diagnosis; Female; Humans; Male; Middle Aged; Perception/physiology; Self Concept; Social Identification; Surveys and Questionnaires; Young Adult,,Department of Health (ICA-CDRF-2018-04-ST2-047) United Kingdom; Research Trainees Coordinating Centre (ICA-CDRF-2018-04-ST2-047),https://www.ncbi.nlm.nih.gov/pubmed/32607798 https://pubmed.ncbi.nlm.nih.gov/32607798/ https://link.springer.com/article/10.1007/s10803-020-04575-4 https://link.springer.com/content/pdf/10.1007/s10803-020-04575-4.pdf https://www.ncbi.nlm.nih.gov/pmc/articles/PMC7835309 https://europepmc.org/article/PMC/PMC7835309 https://researchportal.bath.ac.uk/en/publications/im-proud-to-be-a-little-bit-different-the-effects-of-autistic-ind https://eric.ed.gov/?id=EJ1283972,http://dx.doi.org/10.1007/s10803-020-04575-4,32607798,10.1007/s10803-020-04575-4,3036418460,PMC7835309,0,001-481-540-975-324; 003-051-059-423-649; 009-506-848-695-547; 009-683-045-370-500; 012-290-987-213-139; 018-392-325-202-807; 020-151-976-271-544; 024-095-234-433-542; 024-815-787-987-361; 031-433-637-850-183; 037-485-736-841-007; 037-550-015-414-716; 040-898-544-614-997; 043-601-146-837-457; 046-406-093-355-678; 049-596-533-266-644; 052-596-448-474-498; 054-134-106-176-809; 055-491-239-957-555; 064-370-984-176-260; 066-696-758-730-625; 069-875-027-423-122; 071-004-338-887-467; 072-877-915-934-294; 072-894-731-741-134; 075-074-777-918-770; 083-079-720-145-650; 084-484-063-441-024; 085-583-178-665-271; 098-596-276-251-712; 120-922-676-458-188; 128-519-086-015-927; 131-423-542-523-282; 158-668-501-090-287; 179-411-648-804-473,99,true,cc-by,hybrid
039-232-337-367-528,"Disability, Literature, Genre : Representation and Affect in Contemporary Fiction",2019-12-06,2019,book,,,Liverpool University Press,,Ria Cheyne,"gave valuable feedback on early versions of the romance chapter, while Ruth Gould and her colleagues at disability arts organisation DaDaFest gave me valuable opportunities to share my ideas with audiences outside academia. As I made my first tentative forays into disability studies I was lucky enough to meet the late Paul Longmore, who encouraged me to continue; his work as both scholar and activist remains an ongoing source of inspiration. Particular thanks are due to the anonymous reviewers whose feedback helped make this a substantially better book; to Alison Welsby and Jenny Howard at Liverpool University Press, and to Representations series editor Stuart Murray (again) and former series editor Robert McRuer. I'd also like to acknowledge the encouragement and input of my PhD supervisor, Adam Roberts, in the early stages of the project. Adam wisely pointed out that writing a book that covered five different genres of fiction might not be the best choice of postdoctoral project, not least because of the sheer volume of reading involved. He was right, but I'm glad I didn't listen. In 2014 Gladstone's Library awarded me a scholarship that was a turning point in revising the book manuscript, and since then it has become a haven where I do some of my best thinking and writing. Key sections of this book were completed at a series of writing retreats sponsored by Liverpool Hope University, and I am appreciative both of the institution's support for those events and the insights of colleagues who participated. I'm also grateful to Carol Devine and the Inter Library Loan team at Liverpool Hope. My family have lived with this book for a long time, and all helped in different ways. I'd like to thank them for their support, and for all the times they refrained from asking how the book was going! Most of all, I'm grateful to my husband, Curt, who helped in a thousand ways, and whose support of my work exceeds my ability to put it into words.",,,,,Literary criticism; Sociology; Affect (linguistics); Representation (systemics); Linguistics,Affective Encounters and Reflexive Representations Affect and the Disability Encounter Disability Studies; Emotion; and Exploitation Disability; Literature; Genre 3 Wondrous Texts: Science Fiction Disability and Wonder Science Fiction and Wonder Peter Watts's Rifters Trilogy Conclusion 4 Fantasy: Affirmation and Enchantment Disability in Fantasy Metanarratives and the Mega-Novel: George R.R. Martin's 'A Song of Ice and Fire' Grimdark and Disability: Joe Abercrombie's 'The First Law' Conclusion 5 Desirable Futures: Romance Undesirable Futures Romance; Cure; and the Curative Imaginary Affective Imaginings and Reflexive Representations: Mary Balogh's 'Simply' Quartet Conclusion: Feeling Disability Conclusion: Reading and Feeling Genre Reading as Affective Practice Valuing Genre(s) Evaluative Approaches and Methodological Imperatives Works Cited,,,,https://library.oapen.org/bitstream/20.500.12657/44109/1/external_content.pdf https://directory.doabooks.org/handle/20.500.12854/28772 https://library.oapen.org/handle/20.500.12657/44109,http://dx.doi.org/10.2307/j.ctvsn3pp7,,10.2307/j.ctvsn3pp7,3006583992,,0,,42,true,cc-by-nc-nd,green
039-426-866-134-856,University students with attention deficit hyperactivity disorder (ADHD): a consensus statement from the UK Adult ADHD Network (UKAAN).,2022-04-22,2022,journal article,BMC psychiatry,1471244x,Springer Science and Business Media LLC,United Kingdom,Jane A Sedgwick-Müller; Ulrich Müller-Sedgwick; Marios Adamou; Marco Catani; Rebecca Champ; Gísli Gudjónsson; Dietmar Hank; Mark Pitts; Susan Young; Philip Asherson,"<AbstractText Label=""BACKGROUND"">Attention deficit hyperactivity disorder (ADHD) is associated with poor educational outcomes that can have long-term negative effects on the mental health, wellbeing, and socio-economic outcomes of university students. Mental health provision for university students with ADHD is often inadequate due to long waiting times for access to diagnosis and treatment in specialist National Health Service (NHS) clinics. ADHD is a hidden and marginalised disability, and within higher education in the UK, the categorisation of ADHD as a specific learning difference (or difficulty) may be contributing to this.</AbstractText>;           <AbstractText Label=""AIMS"">This consensus aims to provide an informed understanding of the impact of ADHD on the educational (or academic) outcomes of university students and highlight an urgent need for timely access to treatment and management.</AbstractText>;           <AbstractText Label=""METHODS"">The UK Adult ADHD Network (UKAAN) convened a meeting of practitioners and experts from England, Wales, and Scotland, to discuss issues that university students with ADHD can experience or present with during their programme of studies and how best to address them. A report on the collective analysis, evaluation, and opinions of the expert panel and published literature about the impact of ADHD on the educational outcomes of university students is presented.</AbstractText>;           <AbstractText Label=""RESULTS"">A consensus was reached that offers expert advice, practical guidance, and recommendations to support the medical, education, and disability practitioners working with university students with ADHD.</AbstractText>;           <AbstractText Label=""CONCLUSIONS"">Practical advice, guidance, and recommendations based on expert consensus can inform the identification of ADHD in university students, personalised interventions, and educational support, as well as contribute to existing research in this topic area. There is a need to move away from prevailing notions within higher education about ADHD being a specific learning difference (or difficulty) and attend to the urgent need for university students with ADHD to have timely access to treatment and support. A multimodal approach can be adapted to support university students with ADHD. This approach would view timely access to treatment, including reasonable adjustments and educational support, as having a positive impact on the academic performance and achievement of university students with ADHD.</AbstractText>;           <CopyrightInformation>© 2022. The Author(s).</CopyrightInformation>",22,1,292,292,Attention deficit hyperactivity disorder; Psychological intervention; Mental health; Psychiatry; Learning disability; Psychology; Medical education; Medicine,ADHD; Academic achievement; Academic performance; Attention-deficit/hyperactivity disorder; College; Educational outcomes; Higher education; University; University students,Adult; Attention Deficit Disorder with Hyperactivity/diagnosis; Humans; State Medicine; Students/psychology; United Kingdom; Universities,,,https://bmcpsychiatry.biomedcentral.com/counter/pdf/10.1186/s12888-022-03898-z https://doi.org/10.1186/s12888-022-03898-z,http://dx.doi.org/10.1186/s12888-022-03898-z,35459116,10.1186/s12888-022-03898-z,,PMC9027028,0,000-062-925-936-534; 000-617-694-362-698; 001-719-761-749-694; 001-929-624-634-191; 002-227-702-381-629; 002-558-662-912-881; 002-576-324-747-413; 002-898-154-975-625; 003-231-254-668-789; 003-340-334-800-80X; 003-706-390-498-055; 004-534-812-650-626; 004-987-385-585-20X; 005-087-034-516-942; 005-139-263-811-189; 005-308-190-872-822; 005-946-047-955-912; 006-322-887-732-966; 006-833-907-937-470; 007-230-698-216-83X; 007-291-691-638-465; 008-487-050-422-753; 009-116-583-463-463; 009-572-228-225-486; 011-793-232-199-031; 012-230-692-812-041; 013-101-576-382-561; 013-305-484-796-825; 014-484-968-484-732; 015-629-178-731-402; 016-075-251-901-012; 016-237-291-535-132; 016-443-219-885-485; 017-380-141-016-714; 018-251-755-542-562; 019-180-422-984-021; 020-557-978-311-466; 021-333-562-245-77X; 021-562-148-689-227; 021-616-945-029-951; 023-664-006-861-925; 024-093-495-349-542; 024-117-752-266-11X; 024-254-122-379-946; 025-714-239-354-508; 025-756-368-788-13X; 025-808-608-236-476; 025-974-255-878-353; 027-179-915-897-542; 027-318-245-343-854; 027-974-832-307-693; 028-197-912-306-335; 029-000-937-715-850; 029-590-343-696-042; 030-080-388-321-899; 030-185-535-680-893; 030-608-335-911-804; 031-127-295-883-43X; 033-153-341-893-367; 033-462-980-329-083; 033-914-826-369-786; 037-003-414-463-15X; 037-263-515-758-054; 037-659-488-125-702; 038-596-717-299-599; 039-056-360-129-413; 039-820-319-534-610; 040-027-188-498-956; 040-111-105-800-606; 040-769-846-384-057; 040-908-542-908-787; 041-759-367-181-946; 041-939-413-600-514; 042-153-903-076-964; 042-291-253-171-040; 042-421-911-374-345; 042-589-389-950-555; 045-675-732-180-237; 046-123-034-255-87X; 046-233-563-012-627; 046-436-940-039-842; 048-946-502-685-441; 049-521-701-804-186; 051-403-363-671-29X; 052-438-693-912-574; 053-184-587-041-25X; 053-246-033-052-628; 054-469-361-290-718; 056-516-686-882-588; 056-589-427-194-606; 056-689-198-834-670; 056-733-884-941-017; 058-325-345-683-303; 060-347-195-632-920; 060-813-220-290-981; 061-035-545-120-612; 062-288-429-744-542; 062-339-968-317-512; 062-469-920-859-545; 063-016-169-475-83X; 064-362-738-899-519; 065-051-623-531-093; 065-080-294-801-410; 065-235-860-647-504; 065-819-549-248-518; 066-068-719-956-368; 066-795-528-508-109; 067-484-537-214-32X; 068-450-925-734-360; 069-116-420-595-708; 069-211-678-904-550; 073-470-500-620-922; 074-267-101-746-854; 074-305-358-367-459; 075-584-859-564-187; 075-586-443-882-885; 076-069-532-916-187; 077-062-692-980-385; 077-205-567-824-784; 077-651-288-815-877; 078-191-521-207-539; 079-378-991-205-390; 079-454-707-881-386; 081-127-663-655-048; 081-691-842-131-327; 082-373-452-861-562; 083-631-718-196-826; 083-735-992-834-815; 084-301-169-382-400; 084-573-058-290-764; 087-843-646-575-180; 090-089-338-798-784; 091-105-831-874-764; 091-225-559-564-551; 092-222-381-109-203; 094-982-464-320-041; 097-670-647-321-73X; 098-016-753-638-626; 100-532-642-176-706; 101-034-145-253-306; 103-000-454-445-608; 105-415-761-670-562; 105-692-734-458-879; 106-996-223-606-023; 107-082-410-598-757; 107-715-235-701-215; 108-491-146-781-23X; 108-976-216-113-081; 112-689-500-804-448; 113-518-211-534-699; 114-453-558-955-427; 114-895-198-147-589; 115-201-646-195-590; 117-945-712-500-069; 118-182-906-242-276; 119-185-126-026-45X; 120-126-003-149-762; 122-061-097-015-973; 122-784-878-571-357; 124-164-875-640-455; 125-746-944-700-80X; 126-726-325-184-648; 127-245-670-262-773; 130-397-144-357-511; 131-423-542-523-282; 132-192-674-814-138; 132-773-073-970-886; 135-718-013-299-645; 137-077-694-164-02X; 145-337-695-216-387; 148-510-507-647-485; 156-382-634-804-929; 160-686-715-743-205; 199-519-181-240-394,58,true,"CC BY, CC BY-NC-ND",gold
040-630-520-440-825,Eugenics and the Origins of Autism.,2017-08-01,2017,journal article,Pediatrics,10984275; 00314005,American Academy of Pediatrics (AAP),United States,Jeffrey P. Baker; Birgit Lang,"Autism has become a deeply contested diagnosis. Whereas family advocacy organizations have long characterized the condition as a disorder in need of effective treatments, a growing number of adults who think of themselves as having high-functioning autism (or Asperger syndrome) insist that autism is an identity deserving of acceptance. The latter use the term “neurodiversity” to contend that autism should be regarded as a profoundly interwoven combination of intellectual gifts and social differences. Some even question the motivations underlying basic scientific research, arguing that genetic markers will be used in prenatal diagnosis to eliminate rather than improve the lives of people with autism.1; ; The debate over whether to consider autism a disability or identity is surely complicated by its expansion into a spectrum that encompasses a wide range of individuals and functioning. But this controversy is also rooted in a fundamental tension within the core definitions of autism as formulated in the 1940s by the 2 physicians credited for first describing the syndrome. Drs Leo Kanner and Hans Asperger both highlighted the presence of intellectual gifts in many of their patients, alongside social deficits and characteristic behaviors. This emphasis is best understood as … ; ; Address correspondence to Jeffrey P. Baker, MD, PhD, Pediatrics, Trent Center for Bioethics, Humanities, and History of Medicine, Duke University School of Medicine, PO Box 3040, Durham, NC 27710. E-mail: jeffrey.baker{at}dm.duke.edu",140,2,,,Psychoanalysis; Eugenics; Bioethics; Autism; Identity (social science); Asperger syndrome; Neurodiversity; Asperger's disorder; Historical Article; Medicine,,"Asperger Syndrome/history; Autistic Disorder/history; Eugenics/history; Europe; History, 20th Century; Humans; National Socialism/history; United States",,,https://www.ncbi.nlm.nih.gov/pubmed/28771416 https://findanexpert.unimelb.edu.au/scholarlywork/1226754-eugenics-and-the-origins-of-autism http://pediatrics.aappublications.org/lookup/doi/10.1542/peds.2017-1419 https://pediatrics.aappublications.org/content/140/2/e20171419 https://pediatrics.aappublications.org/content/140/2/e20171419.abstract https://pubmed.ncbi.nlm.nih.gov/28771416/ https://publications.aap.org/pediatrics/article/140/2/e20171419/38692/Eugenics-and-the-Origins-of-Autism,http://dx.doi.org/10.1542/peds.2017-1419,28771416,10.1542/peds.2017-1419,2737110112,,0,015-764-244-026-43X; 038-252-202-816-287; 053-097-438-167-822; 076-160-447-960-025; 103-436-364-094-047; 106-948-057-946-244; 145-604-937-994-91X; 146-153-475-186-032; 168-515-758-878-059; 183-551-968-365-018,11,true,,bronze
041-542-123-695-361,Composing the Autistic Self: Current and Emerging Autism Discourses,,,dissertation,,,Wesleyan University,,Ariel Elizabeth Schwartz,,,,,,,,,,,,http://dx.doi.org/10.14418/wes01.1.864,,10.14418/wes01.1.864,,,0,,0,true,,bronze
042-325-162-602-290,School distress and the school attendance crisis: a story dominated by neurodivergence and unmet need.,2023-09-22,2023,journal article,Frontiers in psychiatry,16640640,Frontiers Media SA,Switzerland,Sophie E Connolly; Hannah L Constable; Sinéad L Mullally,"<AbstractText Label=""Background"" NlmCategory=""UNASSIGNED"">The Covid-19 pandemic has brought into sharp focus a school attendance crisis in many countries, although this likely pre-dates the pandemic. Children and young people (CYP) struggling to attend school often display extreme emotional distress before/during/after school. We term this School Distress. Here we sought to elucidate the characteristics of the CYP struggling to attend school in the United Kingdom.</AbstractText>;           <AbstractText Label=""Methods"" NlmCategory=""UNASSIGNED"">Using a case-control, concurrent embedded mixed-method research design, 947 parents of CYP with experience of School Distress completed a bespoke online questionnaire (February/March 2022), alongside an age-matched control group (<i>n</i> = 149) and a smaller group of parents who electively home-educate (<i>n</i> = 25).</AbstractText>;           <AbstractText Label=""Results"" NlmCategory=""UNASSIGNED"">In 94.3% of cases, school attendance problems were underpinned by significant emotional distress, with often harrowing accounts of this distress provided by parents. While the mean age of the CYP in this sample was 11.6 years (StDev 3.1 years), their School Distress was evident to parents from a much younger age (7.9 years). Notably, 92.1% of CYP currently experiencing School Distress were described as neurodivergent (ND) and 83.4% as autistic. The Odds Ratio of autistic CYP experiencing School Distress was 46.61 [95% CI (24.67, 88.07)]. Autistic CYP displayed School Distress at a significantly earlier age, and it was significantly more enduring. Multi-modal sensory processing difficulties and ADHD (among other neurodivergent conditions) were also commonly associated with School Distress; with School Distress CYP having an average of 3.62 NDs (StDev 2.68). In addition, clinically significant anxiety symptomology (92.5%) and elevated demand avoidance were also pervasive. Mental health difficulties in the absence of a neurodivergent profile were, however, relatively rare (6.17%). Concerningly, despite the striking levels of emotional distress and disability reported by parents, parents also reported a dearth of meaningful support for their CYP at school.</AbstractText>;           <AbstractText Label=""Conclusion"" NlmCategory=""UNASSIGNED"">While not a story of exclusivity relating solely to autism, School Distress is a story dominated by complex neurodivergence and a seemingly systemic failure to meet the needs of these CYP. Given the disproportionate number of disabled CYP impacted, we ask whether the United Kingdom is upholding its responsibility to ensure the ""right to an education"" for all CYP (Human Rights Act 1998).</AbstractText>;           <CopyrightInformation>Copyright © 2023 Connolly, Constable and Mullally.</CopyrightInformation>",14,,1237052,1237052,Distress; Attendance; Psychology; Medicine; Psychiatry; Clinical psychology; Economics; Economic growth,ADHD; autism; mental health; pathological demand avoidance; school attendance difficulties; school distress; school refusal; sensory processing disorder,,,,https://www.frontiersin.org/articles/10.3389/fpsyt.2023.1237052/pdf?isPublishedV2=False https://doi.org/10.3389/fpsyt.2023.1237052 https://pmc.ncbi.nlm.nih.gov/articles/PMC10556686/pdf/fpsyt-14-1237052.pdf https://www.ncbi.nlm.nih.gov/pmc/articles/10556686,http://dx.doi.org/10.3389/fpsyt.2023.1237052,37810599,10.3389/fpsyt.2023.1237052,,PMC10556686,0,000-932-303-769-694; 001-332-582-841-923; 002-249-551-168-78X; 002-597-903-599-761; 003-351-599-313-007; 003-998-641-092-947; 004-124-282-114-41X; 005-441-452-760-832; 005-602-356-584-001; 007-568-306-703-515; 007-569-044-822-833; 008-545-892-581-200; 009-167-647-268-30X; 011-846-195-243-959; 013-132-174-448-515; 013-193-226-254-333; 015-136-714-520-823; 017-641-090-016-118; 021-586-941-398-480; 021-676-036-682-659; 022-779-296-817-351; 023-299-389-021-102; 024-209-417-383-173; 024-727-772-779-594; 027-870-093-143-27X; 030-185-457-249-167; 031-519-204-514-122; 033-674-781-502-669; 037-722-797-951-572; 039-016-329-241-515; 040-689-646-700-510; 042-170-899-870-00X; 042-705-644-056-346; 045-681-822-842-944; 049-342-576-202-413; 055-214-995-958-355; 056-769-277-832-649; 059-664-275-429-256; 059-937-394-468-507; 061-016-692-349-798; 061-901-250-202-571; 062-192-182-687-040; 070-299-067-074-978; 073-392-689-653-873; 076-105-646-931-540; 078-474-669-099-44X; 082-464-324-208-431; 084-233-661-787-889; 086-289-595-414-026; 088-152-343-361-816; 090-323-955-894-010; 092-441-128-507-160; 097-675-269-740-867; 101-000-615-121-274; 101-202-780-112-801; 111-415-735-212-565; 112-989-484-767-417; 113-309-425-031-826; 114-172-140-581-287; 119-226-748-371-213; 119-255-879-856-002; 121-220-191-557-073; 131-149-383-580-386; 135-233-413-054-051; 151-908-942-256-276; 157-080-314-614-387; 167-583-887-827-563; 168-400-501-701-557; 178-437-039-087-738; 181-077-036-070-22X; 192-452-827-202-402; 198-550-821-693-770,46,true,cc-by,gold
042-896-294-129-57X,Medical Therapies for Children With Autism Spectrum Disorder—An Update,,2017,report,,,Agency for Healthcare Research and Quality (AHRQ),,"Edwin Williamson, M.D.; Nila A. Sathe, M.A., M.L.I.S.; Jeffrey C. Andrews, M.D.","Purpose of Review To assess effectiveness and safety of medical interventions for children with autism spectrum disorder. Key Messages Despite many randomized trials, confidence in reported improvements (strength of evidence, SOE) remains low for most interventions.",,,,,Autism spectrum disorder; Autism; Psychology; Medicine; Psychiatry; Pediatrics,Author  Year  Study Design Groups (Dose)  N Enrollment / N Final Treatment Duration/Follow-Up Time Point Post-Treatment Risk Of Bias Baseline Scores  Mean ± SD Post-Treatment Scores  Mean ± SD Scahill 2015 34 RCT G1: Risperidone (up to 2.5 mg/kg)  49/49 G2: Placebo (NA)  52/52 8 weeks/EOT Moderate ROB ABC-Irritability G1: 26.2 ± 7.9 G2: 25.5 ± 6.6 ABC-Lethargy/Social Withdrawal G1: 16.4 ± 8.2 G2: 16.1 ± 8.7 ABC-Stereotypic Behavior G1: 10.6 ± 4.9 G2: 9 ± 4.4 ABC-Hyperactivity G1: 31.8 ± 9.6 G2: 32.3 ± 8.5 ABC-Inappropriate Speech G1: 4.8 ± 4.1 G2: 6.5 ± 3.6 CGI-S -Moderate G1: 9 (18) G2: 9 (18) CGI-S -Marked G1: 27 (55) G2: 28 (57) CGI-S -Severe G1: 12 (24) G2: 12 (24) CGI-S -Extreme G1: 1 (2) G2: 0 (0) ABC-Irritability G1: 11.3 ± 7.4 G2: 21.9 ± 9.5 G1 vs. G2: p<0.001; ES=1.2 ABC-Lethargy/Social Withdrawal G1: 8.9 ± 6.4 G2: 12 ± 8.3 G1 vs. G2: p=0.03  ES=0.4 ABC-Stereotypic Behavior G1: 5.8 ± 4.6 G2: 7.3 ± 4.8 G1 vs. G2: p<0.001 ES=0.8 ABC-Hyperactivity G1: 17 ± 9.7 G2: 27.6 ± 10.6 G1 vs. G2: p<0.001 ABC-Inappropriate Speech G1: 3 ± 3.1 G2: 5.9 ± 3.8 G1 vs. G2: p=0.03. ES=0.3 CGI-I -Much Improved or very much improved + 25% reduction on ABI-I G1: 34 (69) G2: 6 (12) Scahill 2015 36 RCT G1: Risperidone (2.5 mg/day)  63/63 G2: Placebo-Substitution (NA)  NA 4 weeks during open label extension/EOT Moderate ROB CGI-I -Very much improved G1: 19 (30.2) G2: ND CGI-I -Much Improved G1: 42 (66.7) G2: ND CGI-I Minimally Improved G1: 0 (0) G2: ND CGI-I -No Change G1: 2 (3.2) G2: ND ABC-Irritability G1: 11.7 ± 8 G2: ND ABC-Social Withdrawal/Lethargy G1: 6.8 ± 5.9 G2: ND ABC-Stereotypy G1: 5.8 ± 4.7 G2: ND ABC-Hyperactivity G1: 15.8 ± 10.2 G2: ND ABC-Inappropriate Speech G1: 3.4 ± 3.2 Author  Year  Study Design Groups (Dose)  N Enrollment / N Final Treatment Duration/Follow-Up Time Point Post-Treatment Risk Of Bias Baseline Scores  Mean ± SD Post-Treatment Scores  Mean ± SD CGI-I -Worse G1: 0 (0) G2: ND CGI-I -Much Worse G1: 0 (0) G2: ND ABC-Irritability G1: 9.5 ± 6.8 G2: ND ABC-Social Withdrawal/Lethargy G1: 7.3 ± 5.4 G2: ND ABC-Stereotypy G1: 4.9 ± 4.3 G2: ND ABC-Hyperactivity G1: 15.1 ± 10 G2: ND ABC-Inappropriate Speech G1: 3.4 ± 3.6 G2: ND G2: ND Scahill 2015 28 RCT G1: Risperidone (2.5 mg/day)  57/55 G2: Placebo (NA)  27/26 Mean 21 months/2 Years posttreatment Moderate ROB ABC-Irritability G1: 27.22 ± 7.28 G2: 23.44 ± 7.24 ABC-Social Withdrawal G1: 16.05 ± 8.55 G2: 18.52 ± 9.72 ABC-Stereotypic Behavior G1: 10.5 ± 4.43 G2: 8.84 ± 5.22 ABC-Hyperactivity/Noncompliance G1: 34.3 ± 7.95 G2: 28.58 ± 10.4 ABC-Inappropriate Speech G1: 5.71 ± 3.93 G2: 5.59 ± 4.03 CGI-Severity G1: 5.09 0.7 G2: 5.23 0.65 2 years post-treatment ABC-Irritability G1: 14.82 ± 8.4 G2: 17.78 ± 10.82 G1 vs. G2: p=0.0147 ABC-Social Withdrawal G1: 8.43 ± 6.77 G2: 13.33 ± 8.73 G1 vs. G2: p=0.0130 ABC-Stereotypic Behavior G1: 6.02 ± 4.4 G2: 6.76 ± 5.37 G1 vs. G2: p=0.0866 ABC-Hyperactivity/Noncompliance G1: 17.68 ± 10.16 G2: 23.38 ± 12.06 G1 vs. G2: p=0.0020 ABC-Inappropriate Speech G1: 3.86 ± 3.01 G2: 5.15 ± 4.24 G1 vs. G2: p=0.0433 Author  Year  Study Design Groups (Dose)  N Enrollment / N Final Treatment Duration/Follow-Up Time Point Post-Treatment Risk Of Bias Baseline Scores  Mean ± SD Post-Treatment Scores  Mean ± SD CGI-Severity G1: 4.4 ± 0.89 G2: 4.65 ± 1.09 G1 vs. G2: p=0.3004 Kent 2013 51  52 RCT G1: Risperidone (0.125-0.175 mg/day; low dose)  30/25 G2: Risperidone (1.25-1.75 mg/day; high dose)  31/25 G3: Placebo (NA)  35/27 6 weeks/EOT Low ROB ABC-Irritability G1: 27.1 ± 6.26 G2: 28.0 ± 7.81 G3: 28.9 ± 6.10 CGI -Severity G1: 5.1 ± 0.92 G2: 5.0 ± 0.78 G3: 4.9 ± 0.67 Mean change in: ABC-Irritability G1: -7.4 ± 8.12 G2: -12.4 ± 6.52 G3: -3.5 ± 10.67 G1 vs. G3: p=ns G2 vs. G3: p<0.001 CGI -Severity G1: -0.4 ± 0.73 G2: -1.0 ± 0.78 G3: -0.3 ± 0.79 G1 vs. G3: p=ns G2 vs. G3: p<0.001 Mean change score ABC-Irritability G1: -13.2 ± 9.29 G2: -13 ± 10.55 G3: -11.8 ± 7.68 ABC-Hyperactivity G1: -10.5 ± 12.42 G2: -12.3 ± 11.78 G3: -11.7 ± 8.54 ABC-Stereotypic Behavior G1: -4.2 ± 6.51 G2: -4.6 ± 5.14 G3: -2.8 ± 4.12 ABC-Inappropriate Speech G1: -1.8 ± 3.93 G2: -2.1 ± 3.07 G3: -1.5 ± 2.69 ABC-Social Withdrawal G1: -8.3 ± 9.03 G2: -10.4 ± 8.57 G3: -6.9 ± 8.08 CGI-Severity G1: -1 ± 1.02 G2: -1.3 ± 1.17 G3:-0.9 ± 0.88 CGI-Much or Very Much Improved G1: 14 (58) G2: 15 (60) G3: 20 (69) G1 vs. G2 vs. G3: p=ns Author  Year  Study Design Groups (Dose)  N Enrollment / N Final Treatment Duration/Follow-Up Time Point Post-Treatment Risk Of Bias Baseline Scores  Mean ± SD Post-Treatment Scores  Mean ± SD Troost 2005 102 RCT G1: Risperidone (0.5-3.5 mg/day)  12/12 G2: Placebo (ND)  12/12 8 weeks/EOT Low ROB ABC-Irritability G1: 11.1 ± 8.1 G2: 12.7 ± 7.7 ABC-Social Withdrawal/Lethargy G1: 5 ± 6 G2: 6.7 ± 6.9 ABC-Stereotypic Behavior G1: 2.3 ± 3.2 G2: 4.7 ± 4.3 ABC-Hyperactivity G1: 16.8 ± 11.5 G2: 15.8 ± 9.4 ABC-Inappropriate Speech G1: 3.2 ± 3.2 G2: 2.3 ± 1.9 ABC-Irritability G1: 12.6 ± 9.8 G2: 20.3 ± 10.2 G1 vs G2  p=0.043 ABC-Social Withdrawal/Lethargy G1: 2.8 ± 3.1 G2: 4.8 ± 3.5 G1 vs G2  p=ns ABC-Stereotypic Behavior G1: 3.3 ± 3.5 G2: 3.4 ± 4.6 G1 vs G2  p=0.305 ABC-Hyperactivity G1: 18 ± 11.8 G2: 20.8 ± 12.1 G1 vs G2  p=0.118 ABC-Inappropriate Speech G1: 3 ± 2.8 G2: 3 ± 2.3 G1 vs G2: p=0.303 CGI-Minimally Improved G1: 5 (42) G2: 3 (25) CGI-Much Improvement G1: 3 (25) G2: 6 (50) CGI-Very Much Improved G1: 4 (33) G2: 3 (25) Shea 2004 112  113 RCT G1: Risperidone (0.02 mg/kg/day)  39/39 G2: Placebo (NA)  38/38 8 weeks/EOT Moderate ROB ABC-Irritability G1: 18.9 ± 8.8 G2: 21.2 ± 9.7 ABC-Hyperactivity G1: 13.7 ± 7 G2: 14.3 ± 8.2 ABC-Social Withdrawal/Lethargy G1: 27.3 ± 9.7 G2: 30.9 ± 8.8 ABC-Stereotypy G1: 4.6 ± 3.4 G2: 4.8 ± 3.7 ABC-Inappropriate Speech G1: 7.9 ± 5 G2: 8.1 ± 5.6 Mean Change Scores ABC-Irritability G1: -12.1 ± 5.8 G2: -6.5 ± 8.4 G1 vs. G2: p≤0.001 ABC-Hyperactivity G1: -8.6 ± 5.9 G2: -5.7 ± 6.9 G1 vs. G2: p≤0.01 ABC-Social Withdrawal/Lethargy G1: -14.9 ± 6.7 G2: -7.4 ± 9.7 G1 vs. G2: p≤0.001 ABC-Stereotypy G1: -2.6 ± 2.6 G2: -1.6 ± 3 ABC-Irritability G1: 29.6 ± 6.4 G2: 30.2 ± 6.5 ABC-Hyperactivity/Noncompliance G1: 34.1 G2: 34.7 Change Scores ABC-Irritability G1: -12.9 G2: -5 G1 vs. G2: p<0.001 Author  Year  Study Design Groups (Dose)  N Enrollment / N Final Treatment Duration/Follow-Up Time Point Post-Treatment Risk Of Bias Baseline Scores  Mean ±SD Post-Treatment Scores  Mean ± SD Moderate ROB ABC-Stereotypic Behavior G1: 11.9 G2: 10.7 ABC-Inappropriate Speech G1: 7 G2: 7 Hyperactivity/Noncompliance G1: -12.7 G2: -2.8 G1 vs. G2: p<0.001 ABC-Stereotypic Behavior G1: -4.8 G2: -2 G1 vs. G2: p<0.001 ABC-Inappropriate Speech G1: -2.5 G2: -0.4 G1 vs. G2: p<0.001 CGI-Severity G1: -1.2 G2: -0.4 CGI-Severity G1: 4.8 ± 1 G2: 4.2 ± 1 G3: 3.9 ± 1.1 ABC-Irritability G1: 23.2 ± 8.9 G2: 21.5 ± 9.8 G3: 15 ± 9.2 ABC-Lethargy/Social Withdrawal G1: 14.6 ± 8.6 G2: 11.3 ± 9.2 G3: 10.4 ± 8.9 CGI-Severity G1: -1 ± 0.8 G2: -0.6 ± 1.2 G3: -0.1 ± 1 ABC-Irritability G1: -8 ± 10.1 G2: -6.1 ± 1.9 G3: 0.7 ± 10.2 ABC-Lethargy/Social Withdrawal G1: -6.4 ± 7.9 G2: -4.1 ± 7.2 G3: -2.3 ± 6.4 Author  Year  Study Design Groups (Dose)  N Enrollment / N Final Treatment Duration/Follow-Up Time Point Post-Treatment Risk Of Bias Baseline Scores  Mean ±SD Post-Treatment Scores  Mean ± SD G5: -2.8 ± 1.5 G6: -7.7 ± 1.7 G1 vs. G6  p<0.05 G2 vs. G6  p<0.05 G3 vs. G6  p<0.05 G4 vs. G6  p<0.05 ABC-Inappropriate Speech G1: -2.5 ± 0.4 G2: -2 ± 0.5 G3: -1.8 ± 0.4 G4: -2.3 ± 0.4 G5: -0.4 ± 0.4 G6: -1.1 ± 5 G4 vs. G6: p<0.05 Findling 2014 48 RCT G1: Aripiprazole (2-15 mg/day)  41/22 G2: Placebo (NA)  44/19 Change scores ABC-I G1: 5.2 G2: 9.6 G1 vs. G2: p=ns ABC-Hyperactivity G1: 5.0 G2: 10.3 G1 vs. G2: p=0.041 ABC-Stereotypy G1: 0.8 G2: 2.8 G1 vs. G2: p=0.018 ABC-Inappropriate speech G1: 0.6 G2: 2.1 G1 vs. G2: p=0.013 ABC-Social withdrawal G1: 0 G2: 1.5 G1 vs. G2: p=ns CGI-I G1: 4.2 G2: 4.8 G1 vs. G2: p=ns Author  Year  Study Design Groups (Dose)  N Enrollment / N Final Treatment Duration/Follow-Up Time Point Post-Treatment Risk Of Bias Baseline Scores  Mean ±SD Post-Treatment Scores  Mean ± SD CGI -Severity G1: 5.4 ± 0.5 G2: 5.5 ± 0.6 CGAS -Total Score G1: 38 ± 8.3 G2: 31.42 ± 12.4 ADHD Rating Scale -Total Score G1: 39.4 ± 2.8 G2: 37.4 ± 3.9 CPRS -Hyperactivity G1: 5.7 ± 0.7 G2: 5.4 ± 0.7 CPRS -Inattention G1: 5.4 ± 0.8 G2: 4.9 ± 0.9 CGI -Severity G1: 5.4 ± 0.5 G2: 5.5 ± 0.6 CGAS -Total Score G1: 38 ± 8.3 G2: 31.42 ± 12.4 ADHD Rating Scale -Total Score G1: 39.4 ± 2.8 G2: 37.4 ± 3.9 CPRS -Hyperactivity G1: 5.7 ± 0.7 G2: 5.4 ± 0.7 CPRS -Inattention G1: 5.4 ± 0.8 G2: 4.9 ± 0.9 Ghanizadeh 2014 49 RCT G1: Aripiprazole (1.25-10 mg/day)  29/29 G2: Risperidone (0.25-3 mg/day)  30/30 2 months/EOT Low ROB ABC-Irritability G1: 26.2 ± 4.1 G2: 21.5 ± 7.4 ABC-Hyperactivity G1: 37.1 ± 7 G2: 36 ± 6.2 ABC-Lethargy G1: 27.5 ± 8.4 G2: 25.3 ± 8.9 ABC-Stereotypy EOT ABC-Irritability G1: 14.6 ± 5.5 G2: 12.5 ± 5.4 G1 vs. G2: p=ns ABC-Hyperactivity G1: 21.1 ± 9 G2: 19.1 ± 6.1 G1 vs. G2: p=ns ABC-Lethargy G1: 17.3 ± 7.4 Author  Year  Study Design Groups (Dose)  N Enrollment / N Final Treatment Duration/Follow-Up Time Point Post-Treatment Risk Of Bias Baseline Scores  Mean ±SD Post-Treatment Scores  Mean ± SD G1: 13.6 ± 5.7 G2: 13.2 ± 4.2 ABC-Speech G1: 8.6 ± 3.1 G2: 8.9 ± 3.6 G2: 16.1 ± 6.9 G1 vs. G2: p=ns ABC-Stereotypy G1: 8.2 ± 5 G2: 7.4 ± 3.9 G1 vs. G2: p=ns ABC-Speech G1: 4.9 ± 2.3 G2: 5.7 ± 3.1 G1 vs. G2: p=ns CGI-Improvement  n Much improved G1: 9 G2: 5 Minimally improved G1: 7 G2: 12 No change G1: 5 G2: 8 Minimally worse G1: 3 G2: 2 G1 vs. G2: p=ns Author  Year  Study Design Groups (dose)  N enrollment / N Final Treatment Duration Risk of Bias Baseline Scores  Mean ±SD Post-Treatment Scores  Mean ± SD ABC-Hyperactivity G1: 18.1 ± 10.5 G2: 14.5 ± 7.7 G3: 14.5 ± 9.2 G4: 24.1 ± 13 ABC-Inappropriate Speech G1: 4.3 ± 3.2 G2: 4 ± 3.1 G3: 3.9 ± 3.1 G4: 5.2 ± 3.1 CGI-Severity (clinician 1) G1: 4 ± 0.81 G2: 3.8 ± 0.82 G3: 3.8 ± 0.74 G4: 4.8 ± 0.61 CGI-Improvement (clinician 1) G1: 2.8 ± 1.3 G2: 2.4 ± 1.3 G3: 2.1 ± 1.2 G4: 4 ± 0.81 CGI-Severity (clinician 2) G1: 4 ± 0.72 G2: 4 ± 0.62 G3: 3.9 ± 0.74 G4: 4.7 ± 0.76 ADHD Rating Scale -Total Score G1: 40.7 ± 7.5 G2: 38.6 ± 8.4 ADHD Rating Scale -Inattention G1: 20.7 ± 3.9 G2: 20.6 ± 4.6 ADHD Rating Scale -Hyperactivity/impulsivity G1: 20.0 ± 5.3 G2: 17.9 ± 6.1 CTRS-R:S -Oppositional G1: 4.1 ± 3.5 G2: 3.6 ± 3.5 EOT (8 wks) ADHD Rating Scale -Total Score G1: 31.2 (29.2-33.9) G2: 38.3 (36.0-40.5) G1 vs. G2: p<0.001 ADHD Rating Scale -Inattention G1: 17.0 (15.7-18.4) G2: 19.9 (18.7-21.1) G1 vs. G2: p=0.002 ADHD Rating Scale -Hyperactivity/impulsivity G1: 14.2 (12.8-15.7) G2: 18.4 (17.0-19.7) G1 vs. G2: p=0.001 Author  Year  Study Design Groups (dose)  N enrollment / N Final Treatment Duration Risk of Bias Baseline Scores  Mean ±SD Post-Treatment Scores  Mean ± SD CTRS-R:S -Hyperactivity G1: 8.8 ± 5.5 G2: 8.2 ± 5.1 CTRS-R:S -Cognitive/Attention G1: 6.8 ± 4.5 G2: 4.8 ± 3.7 CTRS-R:S -ADHD G1: 18.5 ± 9.3 G2: 18.1 ± 7.5 Go/No-Go Task -Proportion false alarms G1: 0.07 ± 0.1 G2: 0.06 ± 0.08 Missed Go Signals -Proportion misses G1: 0.02 ± 0.06 G2: 0.02 ± 0.05 Response Time G1: 532.7 ± 144.9 G2: 485 ± 120.7 Response Time Variability G1: 125.1 ± 64 G2: 120 ± 77.2 ABC -Irritability G1: 17.3 ± 9.1 G2: 16.2 ± 9.5 G1: 3.2 (2.3 -4) G2: 3.7 (2.9 -4.6) G1 vs. G2: p=0.37 CTRS-R:S -Hyperactivity G1: 6.8 (5.5 -8) G2: 8.8 (7.6 -10) G1 vs. G2: p=0.024 CTRS-R:S -Cognitive/Attention G1: 5.1 (4.4 -5.8) G2: 5.8 (5.1 -6.5) G1 vs. G2: p=0.18 CTRS-R:S -ADHD G1: 15.1 (13 -17.2) G2: 17.8 (15.7 -19.8) G1 vs. G2: p=0.077 ABC -Irritability G1: 14.6 G2: 15.6 G1 vs. G2: p=0.452  d=0.2 ABC -Lethargy/Social Withdrawal G1: 11.4 G2: 11.7 G1 vs. G2: p=0.850  d=0.0 ABC -Stereotypic Behavior G1: 3.0 G2: 4.6 G1 vs. G2: p=0.014  d=0.5 ABC -Lethargy/Social Withdrawal G1: 12.5 ± 8.4 G2: 12.5 ± 8 ABC -Stereotypic Behavior G1: 6.5 ± 5.1 G2: 4.1 ± 4.5 ABC -Hyperactivity G1: 28.4 ± 9.3 G2: 25.4 ± 11.5 ABC -Inappropriate Speech G1: 4.7 ± 3.2 G2: 4.6 ± 3.4 CSBQ -Total Score G1: 53.6 ± 14.8 G2: 53.1 ± 15.7 ABC -Hyperactivity G1: 21.2 G2: 25.6 G1 vs. G2: p=0.010  d=0.6 ABC -Inappropriate Speech G1: 3.7 G2: 4.5 G1 vs. G2: p=0.045  d=0.4 CSBQ -Total Score G1: 46.2 G2: 50.1 G1 vs. G2: p=0.069  d=0.4 CGI -Very Much Improved G1: 0 (0) G2: 1 (2.2) CGI -Much Improved G1: 9 (20.9) Author  Year  Study Design Groups (dose)  N enrollment / N Final Treatment Duration Risk of Bias Baseline Scores  Mean ±SD Post-Treatment Scores  Mean ± SD G2: 3 (6.5) G1 vs. G2: p=ns CGI -Minimally Improved G1: 12 (27.9) G2: 6 (13) CGI -No Change G1: 16 (37.2) G2: 30 (65.2) CGI -Minimally Worse G1: 4 (9.3) G2: 3 (6.5) CGI -Much Worse G1: 2 (4.7) G2: 3 (6.5) CGI -Very Much Worse G1: 0 (0) G2: 0 (0) Arnold 2006 40 RCT G1: Atomoxetine (up to 1.4mg/kg/day)  16/16 G2: Placebo (1.2 mg/kg/day)  16/16 6 weeks/EOT (crossover) Moderate ROB ABC -Hyperactivity G1: 24.69 ± 13.08 G2: 22.5 ± 12.87 ABC -Irritability G1: 16 ± 9.28 G2: 14.13 ± 9.89 ABC-Lethargy/social withdrawal G1: 8.69 ± 9.24 G2: 6.62 ± 8.36 ABC -Stereotypic behavior G1: 7.37 ± 6.20 G2: 6.19 ± 5.86 ABC -Inappropriate speech G1: 5.75 ± 3.38 G2: 5.43 ± 3.16 CGI-Severity G1 + G2: 4.69 ± 0.60 Repetitive behavior scales -Total score G1: 53.12 ± 22.2 G2: 49.06 ± 21.54 Week 6 ABC -Hyperactivity G1: 19.31 ± 13.42 G2: 22.37 ± 12.89 G1 vs. G2: p=0.04; ES=0.9 ABC -Irritability G1: 13.06 ± 9.28 G2: 14.13 ± 9.89 G1 vs. G2: p=ns; ES=0.61 ABC-Lethargy/social withdrawal G1: 6.50 ± 8 G2: 7.43 ± 9.64 G1 vs. G2: p=0.01; ES=1.18 ABC -Stereotypic behavior G1: 4.69 ± 5.84 G2: 6.63 ± 5.8 G1 vs. G2: p=ns; ES=0.87 ABC -Inappropriate speech G1: 4.87 ± 2.85 G2: 5.43 ± 3.16 G1 vs. G2: p=ns; ES=0.52 CGI-Improvement (1 or 2) G1: 9 (56) G2: 4 (25) Repetitive behavior scales -Total score G1: 43.5 ± 23.94 Author  Year  Study Design Groups (dose)  N enrollment / N Final Treatment Duration Risk of Bias Baseline Scores  Mean ±SD Post-Treatment Scores  Mean ± SD G2: 45 ± 5.99 G1 vs. G2: p=ns; ES=0.09 Guanfacine Scahill 2015 46 RCT G1: Extended-Release Guanfacine (1-3 mg/day)  30/26 G2: Placebo (NA)  32/28 8 weeks/EOT Low ROB ABC-Irritability G1: 20.30 ± 9.4 G2: 18.06 ± 9.77 ABC-Social withdrawal G1: 13.60 ± 9.43 G2: 12.06 ± 9.29 ABC-Stereotypy G1: 8.53 ± 5.69 G2: 9.31 ± 5.56 ABC-Hyperactivity G1: 34.40 ± 5.35 G2: 34.25 ± 6.97 ABC-Inappropriate speech G1: 6.33 ± 3.53 G2: 6.84 ± 3.38 ABC-Irritability G1: 13.5 G2: 16.1 G1 vs. G2: p=ns ABC-Social withdrawal G1: 9.8 G2: 8.6 G1 vs. G2: p=ns ABC-Stereotypy G1: 3.6 G2: 5.9 G1 vs. G2: p=0.02 ABC-Hyperactivity G1: 19.3 G2: 29.7 G1 vs. G2: p<0.001 ABC-Inappropriate speech G1: 4.2 G2: 5.99 G1 vs. G2: p=0.004 BASC -Externalizing G1: 3.2 G2: -3.0 G1 vs G2: p=0.02 CGI G1: NR G2: NR G1 vs G2:p=ns VABS G1: 2.8 G2: -0.2 G1 vs G2: p=ns Preschool Language Scale (PLS4) G1: 0.7 G2: -0.6 G1 vs G2: p=ns Voigt 2014 82 RCT G1: Docosahexaenoic acid (DHA) CGI-I Parent NR CGI-I Parent 3 months G1: 4/21 (19) (500 mg/day)  24/19 G2: Placebo  24/15 6 months/EOT Moderate ROB BASC -Parent G1: 26.5 ± 7.1 G2: 30.3 ± 9.1 BASC -Teacher G1: 32.2 ± 7.6 G2: 38.5 ± 4.3 G2: 5/16 (31) G1 vs G2: p=ns 6 months G1: 5/18 (28) G2: 2/13 (15) G1 vs G2: p=ns CGI-I Investigator 3 months G1: 1/17 (6)) G2: 0/13 (0) G1 vs G2: p=ns 6 months G1: 0/18 (0) G2: 1/14 (7) G1 vs G2: p=ns EOT BASC -Parent G1: 26.3 ± 6.8 G2: 33.3 ± 9.7 G1 vs G2: p=0.04 BASC -Teacher G1: 33.6 ± 9.3 G2: 34.0 ± 5.6 G1 vs G2: p=0.02 Bent 2011 81 RCT G1: Omega-3 fatty acid (1.3 g/day)  14/13 G2: Placebo  13/12 12 weeks/EOT Low RoB ABC -Hyperactivity G1: 16.8 ± 13 G2: 20.3 ± 8 PPVT G1: 72.2 ± 28 G2: 85.8 ± 12 EVT G1: 70.8 ± 33 G2: 86.4 ± 14 SRS G1: 76.9 ± 11 G2: 79.0 ± BASC-Externalizing G1: 53.8 ± 13 G2: 66.3 ± 25 BASC-Internalizing G1: 43.3 ± 10 G2: 50.1 ± 9 BASC-Behavioral G1: 60.9 ± 14 G2: 65.4 ± 3 BASC-Adaptive skill G1: 29.8 ± 9 G2: 31.9 ± 9 BASC-Hyperactivity G1: 61.8 ± 17 Mean change score ABC -Hyperactivity G1: 2.7 ± 4.8 G2: 0.3 ± 7.2 G1 vs G2: p=ns PPVT G1: 2.7 ± 11.6 G2: 1.9 ± 12.4 G1 vs G2: p=ns EVT G1: 2.2 ± 7.6 G2: 5.8 ± 5.7 G1 vs G2: p=ns SRS G1: -0.9 ± .5 G2: 1.7 ± 7.2 G1 vs G2: p=ns BASC-Externalizing G1: 0.1 ± 6.7 G2: 6.6 ± 30.4 G1 vs G2: p=ns BASC-Internalizing G1: 0.3 ± 6.6 G2: -2.9 ± 7.6 G1 vs G2: p=ns BASC-Behavioral G1: -1.1 ± 6.1 G2: -2.0 ± 4.9 CCC-General Communication G1: 33.6 ± 13.1 G2: 34.7 ± 14.6 CCC-Social Interaction Deviance G1: 3.1 ± 8.5 G2: 3.3 ± 6.7 Repetitive Behavior Scale-Total Score G1: 28.5 ± 19.4 G2: 24.8 ± 14.1 CGI-Severity G1: 4.1 ± 1 G2: 4.2 ± 1 Developmental Behavior Checklist-Total Score G1: 57 ± 23.2 G2: 59 ± 27.6 SRS-Total Score G1: 92.1 ± 29.3 G2: 88.7 ± 27.7 G1 vs G2  p=ns CCC-General Communication G1: 34.7 ± 11.9 G2: 41.5 ± 16.5 G1 vs G2  p=ns CCC-Social Interaction Deviance Change Score G1: 0.05 ± 8.4 G2: -2.2 ± 8.2 G1 vs G2  p=ns Repetitive Behavior Scale-Total Score G1: 24.3 ± 24.3 G2: 20.8 ± 16.3 G1 vs G2  p=ns CGI-Severity G1: 3.9 ± 1 G2: 3.6 ± 1 G1 vs G2  p=ns Developmental Behavior Checklist-Total Score G1: 43.9 ± 25.2 G2: 48.2 ± 18 G1 vs G2  p=ns Hardan 2012 78 RCT G1: N-acetylcysteine (900 mg up to 3 times/day)  15/134 G2: Placebo  18/15 12 weeks/EOT Low ROB ABC Irritability G1: 16.9±7.9 G2: 14.8±9.6 ABC Lethargy G1: 15.2±9.5 G2: 12.1±7.8 ABC Stereotypy G1: 9.1±5.5 G2: 8.9±6.5 ABC Hyperactivity G1: 23.4±9.0 G2: 23.8±9.3 ABC Inappropriate Speech G1: 4.9±3.2 G2: 4.1±3.7 EOT ABC Irritability G1: 7.2±5.7 G2: 13.1±9.9 p<.001 ABC Lethargy G1: 11±9.4 G2: 8.3±7.7 p=.ns ABC Stereotypy G1: 5.6±5.7 G2: 8.0±7.0 p=ns ABC Hyperactivity G1: 12.4±11.4 G2: 21.0±11.5 p=ns,,,,https://effectivehealthcare.ahrq.gov/sites/default/files/pdf/asd-medical_research-2017.pdf https://doi.org/10.23970/ahrqepccer189,http://dx.doi.org/10.23970/ahrqepccer189,,10.23970/ahrqepccer189,,,0,,23,true,,gold
045-107-378-764-073,The life and times of 'Asperger's Syndrome': A Bakhtinian analysis of discourses and identities in sociocultural context,,,dissertation,,,University of Queensland Library,,Kim Davies,"This thesis is an examination of the sociocultural history of ‘Asperger’s Syndrome’ in a Global North context. I use Bakhtin’s theories (1919-21; 1922-24/1977-78; 1929a; 1929b; 1935; 1936-38; 1961; 1968; 1970; 1973), specifically of language and subjectivity, to analyse several different but interconnected cultural artefacts that relate to ‘Asperger’s Syndrome’ and exemplify its discursive construction at significant points in its history, dealt with chronologically. These sociocultural artefacts are various but include the transcript of a diagnostic interview which resulted in the diagnosis of a young boy with ‘Asperger’s Syndrome’; discussion board posts to an Asperger’s Syndrome community website; the carnivalistic treatment of ‘neurotypicality’ at the parodic website The Institute for the Study of the Neurologically Typical as well as media statements from the American Psychiatric Association in 2013 announcing the removal of Asperger’s Syndrome from the latest edition of the Diagnostic and Statistical Manual of Mental Disorders, DSM-5 (APA, 2013). One advantage of a Bakhtinian framework is that it ties the personal and the sociocultural together, as inextricable and necessarily co-constitutive. In this way, the various cultural artefacts are examined to shed light on ‘Asperger’s Syndrome’ at both personal and sociocultural levels, simultaneously. The multiperspectival orientation offered by Bakhtin’s theories is instrumental because I argue in this thesis that it was the struggle for and the effects of various discursively enabled identities - ‘normal’ and ‘not normal’ - that helped shape the unfolding history of ‘Asperger’s Syndrome’. ‘Asperger’s Syndrome’, at least as an official medically sanctioned diagnosis, has had a brief but tumultuous history. It emerged in the early 1980’s in Britain along with other diagnoses on the ‘Autism Spectrum’ (Wing, 1988 ) and was quickly taken-up as a diagnosis of choice, contributing to the reported ‘autism epidemic’ of the late twentieth century. It was also a profitable popular culture commodity and representations of ‘Asperger’s Syndrome’ in books and on television have impacted discourses and subjectivities in significant ways as a regulatory ideal (Butler, 1993). Therefore ‘Asperger’s Syndrome’ as both a product and an effect of pop culture is also analysed for its role in this sociocultural history. Additionally, the role of what I name distributed diagnosis and the diagnostic chronotope will be analysed for their contribution to this fashionation with and the widespread popularisation of ‘Asperger’s Syndrome’. For Bakhtin, ‘self’ is a social and relational accomplishment, chronotopically governed and discursively enabled on the borderlands of alterity. In this process of subjectification, self and others are uttered into existence, and ideological becoming is achieved only through the identity resources provided by heteroglossia. Building upon my critical analysis of cyberspace as a carnival venue and my reconceptualization of transgredience as ethical co-agency, distributed at the times and places of intersubjective encounter, I conclude this thesis with an arts piece, a coda, which re-imagines the initial cultural artefact – the diagnostic interview – anew. In this imaginatively re-created time and place, a different chronotope is in play and different subjective possibilities, for self and others, are opened up through an explicit and fantastic discourse of responsible and responsive co-being (Stetsenko, 2007). In this way this thesis will contribute to the continued dialogical unfolding of ‘Asperger’s Syndrome’ and the subjectivities it offers us all in the possible futures that we are laying down now.",,,,,Dialogical self; Psychoanalysis; Developmental psychology; Psychology; Sociocultural evolution; Autism; Heteroglossia; Autism spectrum disorder; Subjectification; Chronotope; Popular culture,asperger's syndrome; autism spectrum disorder; bakhtin; bakhtin studies; dialogism; critical disability studies; critical autism studies; disability studies in education; sociocultural theory; inclusive education,,,,https://espace.library.uq.edu.au/view/UQ:381703 https://espace.library.uq.edu.au/view/UQ:381703/s3106306_phd_submission.pdf,http://dx.doi.org/10.14264/uql.2016.162,,10.14264/uql.2016.162,2341933984,,0,060-888-745-679-064; 068-865-428-808-888; 102-116-124-918-87X; 104-417-608-640-677; 170-404-222-513-502; 180-501-774-071-965,3,true,,green
048-884-193-100-17X,The Labyrinth of Autism: Heuristic Journeys of Fathers Who Have a Child on the Autism Spectrum,,,dissertation,,,Chapman University,,Lisa Boskovich,Fathers and Children with a Disability in the 1970s and Beyond.,,,,,Psychology; Spectrum (topology); Heuristic; Cognitive psychology; Autism,,,,,https://digitalcommons.chapman.edu/education_dissertations/21/ https://digitalcommons.chapman.edu/cgi/viewcontent.cgi?article=1020&context=education_dissertations,http://dx.doi.org/10.36837/chapman.000186,,10.36837/chapman.000186,3049408251,,0,000-749-786-404-781; 003-602-299-545-651; 004-794-874-124-93X; 013-009-080-817-929; 015-195-601-647-115; 016-548-088-281-85X; 020-424-312-279-632; 022-362-738-974-116; 023-674-851-373-274; 025-030-496-478-205; 026-363-060-688-887; 027-423-013-331-613; 027-548-419-495-65X; 028-720-935-326-949; 031-263-100-587-881; 032-932-325-018-817; 033-323-356-544-388; 041-965-024-709-355; 045-763-785-285-083; 051-071-022-576-43X; 061-170-893-361-027; 064-818-249-746-223; 065-134-361-720-751; 069-658-464-489-874; 070-831-839-517-854; 071-314-597-814-282; 075-665-423-186-183; 075-928-774-617-784; 076-950-619-888-063; 080-664-000-896-956; 082-019-805-773-68X; 082-222-573-212-608; 084-596-081-419-484; 084-616-765-856-859; 086-200-178-311-399; 087-818-950-013-049; 088-222-088-180-313; 089-154-973-376-620; 101-910-209-045-328; 102-606-640-851-968; 102-787-742-551-267; 106-275-946-069-110; 108-791-523-396-578; 109-515-439-554-452; 112-110-816-746-947; 114-005-707-360-912; 116-009-509-291-128; 133-692-573-600-648; 136-012-520-832-223; 137-239-621-171-236; 142-715-531-896-255; 143-954-821-628-405; 149-166-476-428-330; 174-142-302-333-892; 175-795-611-071-536; 176-027-726-387-471; 183-551-968-365-018; 189-864-576-787-372; 191-061-329-618-03X,0,true,cc-by-nc-nd,hybrid
049-438-613-994-322,Experiences of neurodivergent students in graduate STEM programs.,2023-06-15,2023,journal article,Frontiers in psychology,16641078,Frontiers Media SA,Switzerland,Connie Mosher Syharat; Alexandra Hain; Arash E Zaghi; Rachael Gabriel; Catherine G P Berdanier,"<AbstractText Label=""Introduction"" NlmCategory=""UNASSIGNED"">Despite efforts to increase the participation of marginalized students in Science, Technology, Engineering, and Mathematics (STEM), neurodivergent students have remained underrepresented and underserved in STEM graduate programs. This qualitative study aims to increase understanding of the experiences of neurodivergent graduate students pursuing advanced degrees in STEM. In this analysis, we consider how common graduate school experiences interface with the invisibility of neurological diversity, thus contributing to a set of unique challenges experienced by neurodivergent students.</AbstractText>;           <AbstractText Label=""Materials and methods"" NlmCategory=""UNASSIGNED"">In this qualitative study, 10 focus group sessions were conducted to examine the experiences of 18 students who identify as neurodivergent in graduate STEM programs at a large, research-intensive (R1) university. We used thematic analysis of the transcripts from these focus groups to identify three overarching themes within the data.</AbstractText>;           <AbstractText Label=""Results"" NlmCategory=""UNASSIGNED"">The findings are presented through a novel model for understanding neurodivergent graduate STEM student experiences. The findings suggest that students who identify as neurodivergent feel pressure to conform to perceived neurotypical norms to avoid negative perceptions. They also may self-silence to maintain stability within the advisor-advisee relationship. The stigma associated with disability labels contributes a heavy cognitive and emotional load as students work to mask neurodiversity-related traits, navigate decisions about disclosure of their neurodivergence, and ultimately, experience significant mental health challenges and burnout. Despite these many challenges, the neurodivergent graduate students in this study perceived aspects of their neurodivergence as a strength.</AbstractText>;           <AbstractText Label=""Discussion"" NlmCategory=""UNASSIGNED"">The findings may have implications for current and future graduate students, for graduate advisors who may or may not be aware of their students' neurodivergence, and for program administrators who influence policies that impact the wellbeing and productivity of neurodivergent students.</AbstractText>;           <CopyrightInformation>Copyright © 2023 Syharat, Hain, Zaghi, Gabriel and Berdanier.</CopyrightInformation>",14,,1149068,1149068,Psychology; Thematic analysis; Focus group; Diversity (politics); Graduate students; Medical education; Perception; Qualitative research; Pedagogy; Medicine; Neuroscience; Social science; Marketing; Anthropology; Business; Sociology,ADHD; STEM; autism; burnout; graduate education; invisibility; masking; neurodiversity,,,,https://www.frontiersin.org/articles/10.3389/fpsyg.2023.1149068/pdf https://doi.org/10.3389/fpsyg.2023.1149068 https://pmc.ncbi.nlm.nih.gov/articles/PMC10311419/pdf/fpsyg-14-1149068.pdf https://www.ncbi.nlm.nih.gov/pmc/articles/10311419,http://dx.doi.org/10.3389/fpsyg.2023.1149068,37397290,10.3389/fpsyg.2023.1149068,,PMC10311419,0,000-767-557-526-362; 001-441-762-568-285; 002-759-246-023-672; 005-149-157-552-709; 005-835-545-123-447; 006-014-077-336-553; 006-340-704-167-837; 007-484-404-381-275; 008-801-117-523-843; 009-572-228-225-486; 013-921-751-238-481; 018-828-880-868-581; 027-750-200-156-003; 028-802-761-139-623; 029-845-914-804-396; 031-452-968-554-294; 032-263-496-926-558; 034-703-789-902-540; 037-550-015-414-716; 037-923-626-631-217; 040-334-221-804-979; 040-653-722-985-577; 041-488-488-777-920; 042-763-614-577-592; 044-545-283-819-864; 047-057-911-000-494; 049-282-789-759-731; 051-058-337-400-838; 052-596-448-474-498; 054-909-656-324-440; 056-336-865-103-369; 058-330-645-233-685; 063-031-877-143-129; 067-581-785-310-075; 070-918-539-946-149; 071-080-912-472-755; 071-280-281-720-72X; 072-000-511-201-296; 073-173-407-784-673; 074-993-889-960-392; 076-926-337-074-993; 078-573-024-958-263; 083-020-850-807-660; 086-356-093-256-619; 093-916-215-930-47X; 098-327-930-329-129; 098-572-046-782-343; 099-664-441-309-526; 099-940-441-030-38X; 100-171-667-635-04X; 104-275-973-659-172; 114-721-497-095-74X; 118-370-459-179-903; 118-573-534-131-740; 121-549-467-535-363; 122-868-886-178-262; 122-917-002-879-871; 132-669-076-675-911; 141-420-248-168-987; 142-890-644-557-207; 143-287-220-228-821; 154-692-840-464-970; 169-297-127-336-249; 170-491-165-026-326; 171-879-885-202-946; 185-432-817-646-489,39,true,cc-by,gold
051-431-603-766-510,Neurodiversity HCI,,2013,journal article,Interactions,10725520; 15583449,Association for Computing Machinery (ACM),United States,Nick Dalton,The objective of this paper is to introduce neurodiversity movement. Like Feminist HCI[5] neurodiversity critiques the implicit notion of 'user' in the singular. Neurodiversity suggests that current approaches carry with them certain assumptions about the cognitive processing abilities of users which need to be challenged. This paper is concerned with the design and evaluation of interactive systems that are imbued with an awareness of the central commitments of neurodiversity. The paper seeks to identify and promote neurodiversity under the banner of neurodiversity HCI. This paper introduces neurodiversity and then critically evaluates aspects of HCI from the neurodiversity perspective.,20,2,72,75,Human–computer interaction; Sociology; Cognitive science; Perspective (graphical); Neurodiversity,,,,,https://core.ac.uk/display/41075024 https://dl.acm.org/citation.cfm?doid=2427076.2427091,http://dx.doi.org/10.1145/2427076.2427091,,10.1145/2427076.2427091,2293370745,,0,059-547-260-015-170; 070-849-792-407-177,26,true,,green
053-071-313-625-716,"Ethical, Legal, Social, and Policy Implications of Behavioral Genetics",2013-02-28,2013,journal article,Annual review of genomics and human genetics,1545293x; 15278204,Annual Reviews,United States,Colleen M. Berryessa; Mildred K. Cho,"The field of behavioral genetics has engendered a host of moral and social concerns virtually since its inception. The policy implications of a genetic basis for behaviors are widespread and extend beyond the clinic to the socially important realms of education, criminal justice, childbearing, and child rearing. The development of new techniques and analytic approaches, including whole-genome sequencing, noninvasive prenatal genetic testing, and optogenetics, has clearly changed the study of behavioral genetics. However, the social context of biomedical research has also changed profoundly over the past few decades, and in ways that are especially relevant to behavioral genetics. The ever-widening scope of behavioral genetics raises ethical, legal, social, and policy issues in the potential new applications to criminal justice, education, the military, and reproduction. These issues are especially critical to address because of their potentially disproportionate effects on vulnerable populations such as children, the unborn, and the incarcerated.",14,1,515,534,Criminal justice; Social environment; Eugenics; Psychology; Patient advocacy; Behavioral ethics; Genetic testing; Child rearing; Behavioural genetics; Criminology,genetic testing; ethics; criminal justice; eugenics; commercialization; patient advocacy,"Behavioral Symptoms; Crime; Genetic Testing; Genetics, Behavioral/ethics; Genomics; Humans",,NCRR NIH HHS (1 U54 RR024374-01A1) United States; NHGRI NIH HHS (P50 HG003389) United States; NCATS NIH HHS (UL1 TR001085) United States; NCATS NIH HHS (TL1 TR001084) United States; NCRR NIH HHS (TL1 RR025742) United States,https://anthro.annualreviews.org/doi/abs/10.1146/annurev-genom-090711-163743 https://dx.doi.org/10.1146%2Fannurev-genom-090711-163743 http://sites.sas.upenn.edu/berrco/publications/ethical-legal-social-and-policy-implications-behavioral-genetics https://www.annualreviews.org/doi/10.1146/annurev-genom-090711-163743 https://pubmed.ncbi.nlm.nih.gov/23452225/ https://www.ncbi.nlm.nih.gov/pmc/articles/PMC4371728 https://sites.sas.upenn.edu/sites/default/files/berrco/files/annurev-genom-090711-163743.pdf http://www.europepmc.org/articles/PMC4371728/ https://www.annualreviews.org/doi/pdf/10.1146/annurev-genom-090711-163743 http://sites.sas.upenn.edu/berrco/files/annurev-genom-090711-163743.pdf,http://dx.doi.org/10.1146/annurev-genom-090711-163743,23452225,10.1146/annurev-genom-090711-163743,2139016465,PMC4371728,0,000-184-405-735-566; 000-823-376-643-387; 002-089-300-964-554; 002-164-291-257-889; 002-407-801-846-442; 004-028-364-701-212; 004-207-873-222-803; 004-498-483-289-415; 004-977-040-854-348; 005-297-823-378-517; 006-626-589-563-861; 006-743-197-453-850; 006-858-674-365-854; 006-920-071-873-029; 006-986-797-908-288; 007-338-738-219-707; 009-523-208-738-494; 009-974-721-656-628; 010-324-696-058-319; 010-475-467-553-971; 010-572-398-084-730; 010-573-653-618-205; 011-326-177-593-497; 012-570-795-346-46X; 013-158-747-440-875; 013-451-440-446-650; 014-368-671-031-160; 014-437-928-431-255; 015-087-226-481-572; 016-448-381-888-839; 018-271-276-995-917; 018-298-584-417-123; 018-451-388-790-025; 019-177-195-884-882; 020-621-151-833-841; 021-352-122-305-867; 022-166-099-415-212; 022-434-153-022-777; 023-898-890-747-550; 024-521-695-759-026; 024-639-928-019-365; 024-760-333-135-10X; 027-520-324-759-582; 031-577-734-525-537; 033-422-261-870-109; 039-249-800-972-246; 041-010-023-011-594; 044-270-740-367-622; 045-676-967-332-244; 045-712-045-816-096; 046-435-132-972-47X; 047-500-285-839-236; 048-180-722-077-628; 048-965-336-177-815; 051-579-865-366-905; 053-097-438-167-822; 056-283-692-447-545; 058-862-996-358-858; 061-332-271-524-134; 061-428-201-439-619; 061-747-893-240-528; 062-062-160-164-200; 064-372-419-497-36X; 066-203-401-910-713; 066-448-482-573-100; 071-595-328-675-265; 073-306-068-861-465; 076-808-533-350-61X; 081-649-588-921-227; 085-698-766-611-376; 085-867-176-631-89X; 091-963-226-594-351; 092-017-435-301-717; 093-384-269-419-576; 094-163-412-035-741; 096-933-170-904-895; 099-275-038-229-412; 099-527-051-739-124; 100-711-396-825-03X; 100-963-532-489-271; 102-405-305-981-940; 103-929-818-381-856; 105-007-344-678-210; 105-680-727-123-917; 107-466-081-118-283; 107-914-410-138-215; 109-740-773-533-463; 112-788-814-546-73X; 116-421-244-410-834; 117-636-843-776-453; 118-016-840-719-92X; 126-396-085-870-796; 129-358-374-465-844; 130-056-981-804-74X; 130-289-571-776-456; 131-620-857-173-646; 132-875-747-460-573; 134-040-908-656-823; 135-169-153-539-592; 135-659-603-329-923; 140-351-009-991-519; 141-080-267-332-211; 141-509-263-639-792; 143-484-305-468-640; 157-021-348-963-622; 159-348-379-327-749; 162-886-794-526-688; 169-079-233-335-535; 169-650-061-403-06X; 169-827-940-333-599; 173-992-171-074-88X,27,true,,green
053-536-736-421-19X,The Diversity within Neurodiversity: Recommendations for a New Approach to ASD Treatment Priorities,2022-12-01,2022,journal article,International Journal of High School Research,26421054; 26421046,Terra Science and Education,,Isabelle Hsu,"This paper discusses the complicated and intertwined factors and controversies surrounding neurodiversity, with a particular focus on Autism Spectrum Disorder (ASD). Not only is the nature of neurodiversity multifaceted and sometimes hard to characterize, but there are also multiple factors and controversies affecting treatment planning. Due to the complex nature of ASD, it is proposed that the standard practice of basing treatment priorities heavily on parents' major concerns should be reconsidered and that a more systematic and objective education program and categorization approach should be developed in future research.",4,6,44,50,Diversity (politics); Psychology; Cognitive science; Sociology; Anthropology,Behavioral and Social Sciences; Clinical and Developmental Psychology; Neurodiversity; Autism Spectrum Disorder (ASD); ASD Treatment Priorities,,,,https://doi.org/10.36838/v4i6.8 http://doi.org/10.36838/v4i6.8,http://dx.doi.org/10.36838/v4i6.8,,10.36838/v4i6.8,,,0,,1,true,,bronze
056-941-698-271-925,Developmental diversity: Putting the development back into research about developmental conditions.,2023-01-06,2023,journal article,Frontiers in psychiatry,16640640,Frontiers Media SA,Switzerland,Kristien Hens; Leni Van Goidsenhoven,"The dominant discourse surrounding neurodevelopmental conditions such as autism and ADHD emphasizes biological explanations. Neurodevelopmental conditions are conceived as different types of brains, the result of different types of genes. This way of thinking is present both in medical research and in clinical practice. Indeed, it is widely acknowledged that the idea of having a biological diagnosis helps people see beyond blame and guilt. It aids acceptance. However, simplistic approaches to biology risks neglecting the experiences and stories of autistic people in favor of finding etiological causes. At the same time, there is growing awareness that risks, functioning, and resilience are not solely defined by genes and brains but have a cultural and experiential component as well. Furthermore, atypical cognitive trajectories are not straightforwardly associated with poor outcomes. In this paper we describe the concept of developmental diversity as an alternative to more categorical approaches to neurodevelopmental conditions. We explore how dynamic models of life offer possibilities to look at neurodevelopmental conditions differently: rather than seeing autistic people as people with fundamental flaws in their genes or software faults in their brains that have to be explained, autism appears as a phenomenon that exists in interaction with the context, as a meaningful reaction to the environment. We explore what it would mean for research to go from a diagnosis-based approach to a developmental diversity approach that will define wellbeing and functioning in a more granular way across developmental trajectories. We argue that this would mean incorporating lived experiences into biological research and going beyond genes-environment dichotomies. Next to yielding a more complete picture on the phenomenon of autism, we describe how an approach that takes developmental diversity as a starting point offers a new way to look at existing challenges of autism research, such as how to deal with the significant overlap between diagnosis. Our hypothesis is that thinking with developmental diversity rather than categorical difference both represents an opportunity for a more inclusive society, and fundamentally can alter the way we perform research. As such, it is in line with requests of neurodiversity and disability movements.",13,,986732,986732,Autism; Psychology; Diversity (politics); Context (archaeology); Cognition; Developmental psychology; Blame; Psychological resilience; Cognitive psychology; Cognitive science; Social psychology; Neuroscience; Sociology; Biology; Anthropology; Paleontology,autism; development; diversity; ethics; humanities and social science; neurodiversity,,,European Research Council,https://www.frontiersin.org/articles/10.3389/fpsyt.2022.986732/pdf https://doi.org/10.3389/fpsyt.2022.986732 https://lirias.kuleuven.be/retrieve/66ea7b5a-55b2-4ca7-ba05-7a01a49a4ad7 https://lirias.kuleuven.be/handle/20.500.12942/717156 https://pmc.ncbi.nlm.nih.gov/articles/PMC9854343/pdf/fpsyt-13-986732.pdf https://www.ncbi.nlm.nih.gov/pmc/articles/9854343,http://dx.doi.org/10.3389/fpsyt.2022.986732,36684021,10.3389/fpsyt.2022.986732,,PMC9854343,0,001-166-969-311-168; 003-935-044-622-702; 005-262-939-353-442; 007-154-357-881-637; 008-374-653-769-974; 009-478-783-643-264; 014-856-622-523-911; 019-162-058-101-026; 020-271-345-838-82X; 020-627-519-303-37X; 022-077-799-073-407; 022-082-694-087-403; 027-051-155-803-546; 028-319-029-578-537; 031-152-402-260-049; 031-519-412-951-757; 031-641-438-794-648; 032-263-496-926-558; 032-292-796-964-559; 033-665-377-700-845; 037-260-211-300-497; 040-092-518-311-463; 042-787-663-227-499; 043-522-165-528-427; 044-316-577-003-896; 044-502-786-250-948; 045-006-287-775-401; 047-597-583-838-737; 047-927-241-163-353; 053-306-531-038-388; 058-367-577-802-629; 058-632-696-198-369; 061-290-842-106-217; 062-404-167-387-025; 062-564-990-730-064; 064-541-409-867-405; 066-216-458-969-217; 067-063-565-716-698; 067-608-336-334-730; 071-193-096-024-014; 071-686-807-847-136; 075-074-777-918-770; 075-465-250-588-638; 077-612-923-612-824; 080-324-278-683-540; 082-278-136-828-984; 085-016-925-708-562; 085-274-999-321-012; 091-823-814-853-503; 092-333-857-389-602; 092-647-055-595-924; 094-236-286-002-918; 096-369-357-436-37X; 101-550-627-996-285; 104-276-046-537-259; 108-521-330-935-213; 109-785-776-831-65X; 111-269-559-327-917; 111-422-351-655-960; 121-766-489-695-14X; 126-134-064-142-829; 131-986-931-818-200; 144-741-322-191-381; 146-307-597-919-379; 148-244-796-458-971; 156-439-375-698-731; 161-401-152-346-971; 161-882-600-507-485; 168-359-329-400-354; 180-875-051-806-557; 184-352-204-402-741; 191-264-896-682-601; 193-906-339-341-550,18,true,cc-by,gold
057-766-587-615-431,"‘Um, I was getting bullied at school because I didn’t believe in God’: one family’s experience of autism, school and home education",2019-03-05,2019,journal article,International Journal of Inclusive Education,13603116; 14645173,Informa UK Limited,United Kingdom,Christine Bower,Home education is one of several educational options for children in Northern Ireland. Many parents decide to home educate before their child reaches school age whereas others decide following a pe...,25,8,914,927,Developmental psychology; Psychology; Autism; Inclusive practice; Home education; Northern ireland; School age child; Human sexuality,autism; inclusive practice; home education; bullying; sexuality; religion,,,,https://pure.qub.ac.uk/en/publications/um-i-was-getting-bullied-at-school-because-i-didnt-believe-in-god https://pureadmin.qub.ac.uk/ws/files/166130775/Home_Education_Name_Edit.pdf https://www.tandfonline.com/doi/full/10.1080/13603116.2019.1588926,http://dx.doi.org/10.1080/13603116.2019.1588926,,10.1080/13603116.2019.1588926,2921254501,,0,001-414-593-937-575; 002-701-300-796-675; 003-211-085-941-896; 003-722-132-464-696; 008-792-621-958-836; 008-861-828-623-802; 015-535-246-936-171; 016-950-564-364-820; 027-372-124-161-592; 028-853-839-709-519; 036-514-817-049-787; 037-550-015-414-716; 037-562-076-429-194; 037-693-615-346-399; 040-771-841-778-789; 042-305-504-090-507; 045-288-036-720-228; 046-280-832-708-414; 049-298-459-454-595; 052-490-566-965-284; 055-137-125-369-286; 059-551-437-317-556; 060-640-452-771-650; 072-675-268-963-615; 073-970-788-979-096; 075-677-344-721-457; 078-217-230-683-183; 101-569-376-099-714; 103-119-930-459-364; 103-408-558-518-487; 119-071-144-397-507; 132-982-384-176-226; 145-707-799-684-922; 147-321-377-638-767; 153-984-304-451-71X; 154-264-205-744-710; 155-001-053-577-707; 177-944-538-268-808; 184-157-899-616-186,11,true,,green
058-030-288-349-027,Non-pharmacological interventions for attention-deficit/hyperactivity disorder (ADHD) delivered in school settings: systematic reviews of quantitative and qualitative research.,,2015,journal article,"Health technology assessment (Winchester, England)",20464924; 13665278,National Institute for Health and Care Research,United Kingdom,Michelle Richardson; Darren A Moore; Ruth Gwernan-Jones; Jo Thompson-Coon; Obioha C Ukoumunne; Morwenna Rogers; Rebecca Whear; Tamsin Newlove-Delgado; Stuart Logan; Christopher Morris; Eric Taylor; Paul Cooper; Ken Stein; Ruth Garside; Tamsin Ford,"Background Attention-deficit/hyperactivity disorder (ADHD) is a neurodevelopmental disorder characterised by age-inappropriate levels of inattention, impulsivity and hyperactivity. School can be particularly challenging for children with ADHD. Few reviews have considered non-pharmacological interventions in school settings. Objectives To assess the effectiveness of non-pharmacological interventions delivered in school settings for pupils with, or at risk of, ADHD and to explore the factors that may enhance, or limit, their delivery. Data sources Twenty electronic databases (including PsycINFO, MEDLINE, EMBASE, Education Resources Information Centre, The Cochrane Library and Education Research Complete) were searched from 1980 to February–August 2013. Three separate searches were conducted for four systematic reviews; they were supplemented with forward and backwards citation chasing, website searching, author recommendations and hand-searches of key journals. Review methods The systematic reviews focused on (1) the effectiveness of school-based interventions for children with or at risk of ADHD; (2) quantitative research that explores attitudes towards school-based non-pharmacological interventions for pupils with ADHD; (3) qualitative research investigating the attitudes and experiences of children, teachers, parents and others using ADHD interventions in school settings; and (4) qualitative research exploring the experience of ADHD in school among pupils, their parents and teachers more generally. Methods of synthesis included a random-effects meta-analysis, meta-regression and narrative synthesis for review 1, narrative synthesis for review 2 and meta-ethnography and thematic analysis for reviews 3 and 4. Results For review 1, 54 controlled trials met the inclusion criteria. For the 36 meta-analysed randomised controlled trials, beneficial effects (p < 0.05) were observed for several symptom and scholastic outcomes. Mean weighted effect sizes ranged from very small (d+ < 0.20) to large (d+ ≥ 0.80), but substantial heterogeneity in effect size estimates across studies was reported. Moderator analyses were not able to clarify which intervention features were linked with effectiveness. For review 2, 28 included studies revealed that educators’ attitudes towards interventions ranged in positivity. Most interventions were rated positively or neutrally across different studies. The only intervention that consistently recorded positive attitudes from educators was daily report cards. For review 3, 33 studies met the inclusion criteria. Key findings included tensions regarding the preferred format of interventions, particularly how structured interventions were and the extent to which they are tailored to the child with ADHD. There were mixed views about the impact of interventions, although it was clear that interventions both influence and are influenced by the relationships held by children with ADHD and participants’ attitudes towards school and ADHD. For review 4, 34 studies met the inclusion criteria. Key findings included the importance of causal attributions that teachers, parents and pupils made about ADHD symptoms, the decisions teachers made about treatment, the self-perceptions pupils developed about themselves, the role of the classroom environment and stigma in aggravating ADHD symptoms, and the significant barrier to treatment posed by the common presence of conflict in relationships between pupils–teachers, parents–teachers and pupils–peers in relation to ADHD. An overarching synthesis of the four reviews highlighted the importance of the context affecting interventions. It suggested that ADHD psychoeducation and relationship-building skills are potential implications for interventions. Limitations The breadth of both interventions and outcomes in the reviewed studies presented a challenge for categorisation, analysis and interpretation in reviews 1–3. Across reviews, relatively few studies were conducted in the UK, limiting the applicability of findings to UK education. In reviews 1 and 2, the poor methodological quality of some included studies was identified as a barrier to establishing effectiveness or comparing attitudes. In review 3 the descriptive analysis used by the majority of studies constrained theorising during synthesis. Studies in review 4 lacked detail regarding important issues like gender, pupil maturity and school level. Conclusion Findings suggest some beneficial effects of non-pharmacological interventions for ADHD used in school settings, but substantial heterogeneity in effect sizes was seen across studies. The qualitative reviews demonstrate the importance of the context in which interventions are used. Future work should consider more rigorous evaluation of interventions, as well as focus on what works, for whom and in which contexts. Gaps in current research present opportunities for the development and testing of standardised tools to describe interventions, agreement on gold-standard outcome measures assessing ADHD behaviour and testing a range of potential moderators alongside intervention trials. Study registration This study is registered as PROSPERO CRD42011001716. Funding The National Institute for Health Research Health Technology Assessment programme.",19,45,1,470,Systematic review; Qualitative research; Psychological intervention; Cochrane Library; PsycINFO; Psychoeducation; Attention deficit hyperactivity disorder; Clinical psychology; Medicine; Thematic analysis,,"Adolescent; Age Factors; Attention; Attention Deficit Disorder with Hyperactivity/therapy; Attitude; Behavior; Child; Child, Preschool; Faculty; Health Knowledge, Attitudes, Practice; Humans; Interpersonal Relations; Parents; Sex Factors; Social Stigma",,Department of Health (10/140/02) United Kingdom; Department of Health (DRF-2012-05-221) United Kingdom,https://ore.exeter.ac.uk/repository/handle/10871/17795 https://pubmed.ncbi.nlm.nih.gov/26129788/ https://bura.brunel.ac.uk/handle/2438/19560 https://www.ncbi.nlm.nih.gov/pmc/articles/PMC4780980/ https://doi.org/10.3310%2Fhta19450 https://europepmc.org/article/MED/26129788 https://bura.brunel.ac.uk/bitstream/2438/19560/1/Fulltext.pdf https://www.journalslibrary.nihr.ac.uk/hta/hta19450 https://doaj.org/article/a238e33d120549259355a72059746013 https://core.ac.uk/download/43095318.pdf,http://dx.doi.org/10.3310/hta19450,26129788,10.3310/hta19450,2108041434,PMC4780980,0,000-137-566-701-963; 000-434-194-216-254; 001-462-553-515-083; 001-671-574-253-861; 001-731-992-824-673; 002-740-708-160-744; 002-861-026-368-143; 003-039-882-196-559; 003-160-202-631-153; 003-451-489-004-164; 003-476-671-813-786; 004-047-418-326-977; 004-090-092-105-333; 004-267-827-385-569; 004-865-034-119-375; 004-922-627-277-916; 005-132-099-238-234; 005-549-290-968-060; 005-830-531-528-010; 006-049-084-893-446; 006-145-571-989-461; 006-782-636-400-809; 007-298-210-410-534; 007-633-844-100-963; 007-941-731-117-499; 008-384-812-754-067; 008-623-427-286-194; 008-741-525-174-150; 009-776-661-592-943; 010-076-714-174-090; 010-527-244-384-615; 010-712-152-094-084; 010-872-402-591-829; 011-096-538-051-634; 011-268-385-499-849; 011-699-819-970-306; 011-927-073-529-603; 012-356-676-938-107; 012-388-475-807-289; 013-119-623-753-085; 013-376-780-865-694; 013-595-342-549-528; 013-732-500-067-240; 013-930-555-255-860; 013-934-837-047-718; 014-376-609-146-928; 015-575-281-280-864; 016-042-858-112-246; 017-300-737-144-757; 017-361-398-448-797; 017-465-316-575-538; 017-536-041-042-403; 017-938-361-967-685; 018-533-552-152-957; 020-361-395-250-150; 020-975-341-674-544; 020-990-744-129-490; 021-476-704-744-039; 021-485-729-765-017; 021-836-692-479-368; 022-198-198-790-903; 022-324-571-684-266; 022-558-792-371-310; 022-679-650-709-524; 022-877-666-449-023; 023-857-539-363-639; 024-021-882-717-47X; 024-533-689-743-35X; 024-812-410-335-36X; 025-427-038-420-060; 025-541-217-355-03X; 026-403-682-142-313; 026-438-022-476-852; 027-531-635-973-897; 027-668-315-902-990; 027-674-586-567-603; 027-684-486-238-537; 027-902-522-810-311; 028-387-516-241-522; 028-574-322-336-324; 028-961-867-533-563; 029-168-727-155-268; 029-194-671-404-26X; 029-501-788-888-090; 029-607-061-862-995; 030-425-802-906-309; 030-558-694-577-737; 030-571-901-223-234; 030-707-077-820-654; 031-646-993-430-993; 031-674-146-006-84X; 032-156-391-754-450; 032-525-919-380-532; 032-653-202-207-245; 032-689-721-844-830; 033-058-827-935-920; 033-081-276-617-963; 033-333-915-650-70X; 033-643-121-874-238; 033-668-478-911-194; 033-890-470-470-328; 034-010-220-419-851; 034-055-873-168-163; 034-120-030-109-235; 034-299-786-846-166; 034-780-095-750-027; 034-983-943-588-65X; 037-184-978-439-126; 037-197-862-288-584; 037-370-065-389-952; 037-550-015-414-716; 037-741-899-087-280; 038-945-569-610-148; 040-152-659-494-488; 040-380-950-731-631; 040-964-386-828-449; 041-500-150-879-427; 042-198-824-618-971; 042-405-900-880-04X; 044-009-544-868-498; 044-339-345-389-912; 044-636-837-437-416; 045-416-413-742-937; 045-524-078-127-117; 046-413-505-770-989; 046-485-133-325-202; 047-373-773-866-920; 047-689-826-082-232; 049-345-729-085-339; 049-404-070-031-187; 049-634-774-230-882; 050-192-289-852-67X; 051-043-359-156-002; 051-288-815-956-202; 051-869-118-756-999; 052-745-082-218-743; 053-748-498-430-852; 053-814-830-158-583; 054-029-951-911-765; 054-594-383-964-19X; 054-602-630-297-193; 054-640-858-775-865; 054-816-292-700-966; 055-362-549-542-661; 055-933-713-896-354; 056-923-490-043-668; 057-179-695-575-266; 060-413-711-602-932; 060-553-922-918-19X; 060-935-684-977-680; 061-794-361-116-341; 061-959-878-155-215; 062-473-095-312-102; 063-635-224-912-506; 063-795-778-611-257; 064-733-293-055-742; 065-120-840-572-250; 065-578-124-319-611; 065-995-650-972-562; 066-152-605-833-089; 067-768-187-080-935; 068-027-481-633-690; 068-058-915-028-992; 068-232-940-002-365; 068-596-635-233-586; 068-905-134-490-273; 069-242-675-840-346; 070-077-466-721-77X; 070-144-686-762-802; 070-349-012-671-217; 070-592-526-567-150; 071-472-440-636-848; 072-094-057-170-126; 072-557-036-890-341; 072-618-318-799-964; 073-319-551-323-643; 075-082-938-162-848; 075-665-177-520-747; 075-833-965-276-714; 076-690-392-559-389; 076-808-776-308-491; 077-208-139-618-304; 078-080-643-455-870; 078-105-316-421-671; 081-070-170-986-661; 081-948-624-485-320; 082-179-769-471-571; 082-991-424-996-177; 083-532-598-755-895; 086-411-834-820-571; 088-185-826-513-889; 088-505-144-247-851; 088-546-982-284-310; 089-650-041-954-753; 089-673-597-987-405; 090-096-324-729-097; 090-757-452-232-451; 091-460-388-739-141; 091-642-770-017-614; 091-849-015-165-435; 091-982-185-345-642; 093-095-745-477-89X; 093-371-174-929-917; 095-003-594-766-142; 095-106-920-781-332; 095-213-192-498-582; 096-804-895-592-189; 098-179-533-347-647; 098-960-549-051-686; 100-609-289-934-096; 101-467-015-332-51X; 102-686-649-749-495; 103-886-398-377-078; 104-326-493-247-889; 105-218-847-962-678; 105-880-000-503-165; 106-057-837-922-076; 106-605-291-940-620; 109-262-827-995-417; 109-405-996-448-452; 113-643-149-787-347; 115-162-145-967-979; 115-981-562-692-370; 117-385-994-122-293; 119-829-378-766-80X; 120-113-818-251-917; 121-179-145-725-61X; 121-595-472-228-453; 121-848-214-781-03X; 121-898-760-558-674; 124-629-195-593-525; 125-273-303-697-981; 126-432-008-312-307; 126-804-657-436-590; 128-539-834-853-183; 129-118-849-409-502; 129-206-083-492-030; 129-384-859-362-21X; 129-647-299-915-93X; 129-931-288-350-337; 132-826-093-787-591; 133-148-467-308-847; 133-422-153-682-130; 136-556-109-788-627; 138-030-396-809-73X; 139-204-897-571-794; 139-625-855-659-451; 145-502-084-863-944; 146-888-070-854-773; 148-783-101-844-255; 155-728-066-636-152; 160-862-778-909-997; 161-807-260-741-59X; 163-530-098-670-079; 164-570-222-144-694; 166-813-402-276-543; 168-561-899-200-791; 169-140-342-254-910; 177-573-961-407-406; 178-443-871-569-904; 179-253-915-001-675; 182-035-395-836-953; 192-163-015-589-612,81,true,cc-by,gold
064-035-964-480-347,Adult Diagnosis of ADHD in Women: A Mixed Methods Investigation.,2024-11-26,2024,journal article,Journal of attention disorders,15571246; 10870547,SAGE Publications,United States,Dara E Babinski; Erin J Libsack,"<AbstractText Label=""OBJECTIVE"" NlmCategory=""UNASSIGNED"">The goal of this study was to examine the experiences of women diagnosed with ADHD in adulthood.</AbstractText>;           <AbstractText Label=""METHODS"" NlmCategory=""UNASSIGNED"">Benefits and costs associated with obtaining the diagnosis were examined in two focus groups conducted virtually. Factors hindering and facilitating the identification, assessment, and subsequent treatment of ADHD were also explored. Focus groups were conducted virtually and together included 14 women (<i>M</i><sub>age</sub> = 39.43, <i>SD</i> = 6.37) who were diagnosed with ADHD in adulthood.</AbstractText>;           <AbstractText Label=""RESULTS"" NlmCategory=""UNASSIGNED"">The majority of women described numerous benefits of receiving a diagnosis of ADHD, including validation/self-compassion, adaptive coping, and social support. Negative aspects of the diagnosis, including difficulties accessing care, the burden of care, limitations to existing evidence-based treatments, and stigma were also identified by some women. Furthermore, women described variable diagnostic experiences, with many indicating that they had not recognized their own symptoms of ADHD, as well as diagnostic complexity and other factors that masked identification of ADHD. Women described a range of diagnostic assessment procedures, as well as considerable self-advocacy to convince their providers to consider the diagnosis of ADHD.</AbstractText>;           <AbstractText Label=""CONCLUSION"" NlmCategory=""UNASSIGNED"">These lived experiences of women diagnosed with ADHD provide critical insight into improving clinical care for ADHD in women. Recommendations to increase accurate and timely identification of ADHD in women and advance efforts toward effective and equitable care are discussed.</AbstractText>",29,3,207,219,Psychology; Clinical psychology; Coping (psychology); Compassion; Psychiatry; Law; Political science,ADHD; adult; diagnosis; qualitative; women,"Humans; Female; Attention Deficit Disorder with Hyperactivity/diagnosis; Adult; Focus Groups; Middle Aged; Social Stigma; Adaptation, Psychological; Social Support",,Esther and Ling Tan Early Career Professorship,https://journals.sagepub.com/doi/pdf/10.1177/10870547241297897 https://doi.org/10.1177/10870547241297897 https://pmc.ncbi.nlm.nih.gov/articles/PMC11694561/pdf/10.1177_10870547241297897.pdf https://www.ncbi.nlm.nih.gov/pmc/articles/11694561,http://dx.doi.org/10.1177/10870547241297897,39588653,10.1177/10870547241297897,,PMC11694561,0,005-735-026-837-351; 006-800-992-228-44X; 008-578-431-800-715; 010-676-073-233-984; 018-282-517-882-424; 018-678-310-977-611; 018-766-567-543-528; 018-824-672-803-486; 023-476-296-423-342; 038-409-175-843-812; 040-869-378-105-27X; 043-179-084-426-650; 046-211-613-890-27X; 047-498-493-358-672; 048-482-425-195-023; 050-210-638-821-000; 052-602-791-444-18X; 053-588-237-541-781; 054-461-048-369-407; 054-515-626-901-954; 057-561-633-939-930; 067-736-975-844-223; 070-147-192-266-773; 074-359-611-987-584; 075-636-113-379-526; 080-170-362-950-294; 083-602-858-868-011; 091-105-831-874-764; 095-971-819-348-354; 098-025-117-236-903; 118-087-854-808-825; 125-746-944-700-80X; 126-316-061-974-993; 131-423-542-523-282; 190-121-081-965-075; 193-624-678-343-643,10,true,cc-by-nc,hybrid
064-879-721-245-422,Increasing the Persistence of Students with Autism Spectrum Disorder in Higher Education Settings,2019-05-01,2019,dissertation,,,San Jose State University Library,,Amy Rodriguez,"Students with autism spectrum disorder (ASD) who transition to higher education environments vary in their level of skills when engaging in social activities. Current research is limited about supporting college students with ASD socially in the classroom. The purpose of this qualitative study was to investigate the perceptions of faculty regarding the social skills support needs of students with ASD in classroom settings that can influence the level of achievement of academic goals in postsecondary environments. Seven faculty members from a comprehensive public university in the west participated in a qualitative interview. The results of this study showed that participants had varying perceptions about the characteristics of ASD, the strategies used by the participants were often based on neurotypical assumptions about behavior when there was a reduced knowledge base about ASD, and participants felt limited in their ability to address the social skills support needs of students with ASD directly. The outcomes of this study contribute to the paucity of research regarding the perspectives of faculty who have a wide range of knowledge, skills, and experience related to ASD, and the perceptions of faculty regarding how to support the social skills needs of this population of students in classroom environments specifically. Implications for institutional policy and practice and suggestions for further research conclude the study.",,,,,Neurotypical; Autism spectrum disorder; Psychology; Autism; Perception; Social skills; Medical education; Qualitative research; Higher education; Population; Developmental psychology; Medicine; Law; Social science; Political science; Environmental health; Sociology; Neuroscience,,,,,https://scholarworks.sjsu.edu/cgi/viewcontent.cgi?article=8563&context=etd_theses https://doi.org/10.31979/etd.3yez-nsaz https://scholarworks.sjsu.edu/etd_theses/5016,http://dx.doi.org/10.31979/etd.3yez-nsaz,,10.31979/etd.3yez-nsaz,,,0,,0,true,,gold
065-044-834-709-108,Autism and Religion.,2023-08-20,2023,journal article,"Children (Basel, Switzerland)",22279067,,Switzerland,Szabolcs Kéri,"The disease burden of autism spectrum disorder (ASD) is a definitive public health challenge. The quality of life of children with ASD depends on how the cultural environment fits their special needs, including religious and spiritual factors. Does ASD predict low religiosity, and if not, what is the significance for clinical care? To answer this question, we reviewed the literature on the cognitive models of ASD and religious beliefs. We found that the cognitive models of ASD and religious beliefs substantially overlap, which is particularly important from a developmental psychological perspective. These models include Theory of Mind and intentionality, the ""broken mirror"" hypothesis, central coherence, and the intense world theory. We dispute the assumption that individuals with ASD are inherently less religious and spiritual than the neurotypical population. Religiosity is possibly expressed differently in ASD with unique spiritual experiences and beliefs (""gifted, visionary, and truth-seeker""). In some circumstances, a religious background can be helpful for both children with ASD and their caregivers. These circumstances should not be neglected, and clinicians are encouraged to consider patients' religious context, resources, and needs.",10,8,1417,1417,Neurotypical; Religiosity; Psychology; Autism; Theory of mind; Autism spectrum disorder; Context (archaeology); Cognition; Population; Perspective (graphical); Developmental psychology; Social psychology; Psychiatry; Medicine; Artificial intelligence; Paleontology; Environmental health; Computer science; Biology,autism spectrum disorder; belief; cognition; mirror neuron; religion; theory of mind,,,,https://www.mdpi.com/2227-9067/10/8/1417/pdf?version=1692522521 https://doi.org/10.3390/children10081417 https://pmc.ncbi.nlm.nih.gov/articles/PMC10453845/pdf/children-10-01417.pdf https://www.ncbi.nlm.nih.gov/pmc/articles/10453845,http://dx.doi.org/10.3390/children10081417,37628416,10.3390/children10081417,,PMC10453845,0,000-030-302-816-628; 000-499-803-541-413; 000-668-870-830-391; 000-919-954-790-140; 002-084-202-900-87X; 003-722-132-464-696; 005-534-874-066-093; 007-066-499-817-366; 007-333-981-648-234; 008-276-993-899-688; 008-746-512-945-035; 009-535-912-994-430; 010-768-826-027-404; 010-914-351-884-260; 011-017-057-108-363; 011-088-894-592-453; 011-503-567-506-947; 011-576-406-577-59X; 013-096-574-739-391; 014-603-952-683-509; 014-878-194-849-41X; 016-256-026-453-631; 017-284-161-217-45X; 017-520-799-912-904; 018-347-300-569-415; 018-594-955-071-210; 018-719-357-563-297; 018-800-852-584-376; 018-904-042-036-155; 020-690-599-450-629; 020-965-383-574-913; 021-488-230-975-078; 021-804-790-748-457; 022-219-147-211-852; 022-814-377-643-323; 023-263-811-504-982; 024-237-498-935-854; 024-347-663-554-332; 024-414-074-250-127; 025-694-255-293-72X; 025-824-225-632-965; 025-847-358-344-344; 026-061-359-376-681; 026-286-909-717-40X; 028-040-038-976-061; 028-188-161-591-563; 028-281-958-138-922; 028-720-935-326-949; 029-716-144-138-305; 030-254-146-943-254; 030-359-126-116-762; 031-519-412-951-757; 031-836-373-422-869; 034-555-431-450-189; 034-797-653-523-605; 037-311-671-884-873; 040-179-900-330-624; 040-197-877-667-18X; 040-630-365-789-997; 042-371-338-710-680; 042-658-884-078-983; 044-799-556-718-517; 044-917-206-311-850; 046-657-578-444-288; 047-695-268-329-202; 047-857-698-639-752; 048-274-239-413-983; 050-920-264-926-209; 052-328-437-755-365; 054-543-628-625-840; 055-494-988-809-692; 055-604-466-618-420; 055-718-838-705-302; 056-550-483-848-450; 059-941-161-665-341; 061-734-098-825-014; 062-812-165-253-333; 062-930-365-883-986; 063-123-504-282-781; 066-172-248-526-846; 066-570-820-781-084; 066-633-627-670-206; 072-746-685-764-137; 074-513-701-365-810; 076-805-276-140-414; 076-872-693-600-960; 079-663-696-261-157; 079-669-614-156-490; 079-843-192-764-007; 080-348-230-119-787; 082-400-201-319-737; 082-420-504-321-461; 082-789-219-575-673; 082-950-472-099-39X; 083-064-156-222-35X; 085-198-883-643-165; 085-800-797-488-25X; 085-971-518-096-971; 086-779-788-499-312; 088-887-774-316-803; 089-190-369-596-561; 091-025-546-646-893; 091-596-065-373-125; 091-788-500-160-498; 091-817-161-113-653; 099-207-234-104-153; 102-097-033-826-67X; 103-113-481-401-222; 103-299-737-804-227; 104-693-574-883-494; 106-888-996-773-263; 118-120-259-970-483; 118-468-260-457-182; 118-798-092-302-166; 123-363-868-238-877; 123-367-462-333-805; 130-787-360-210-77X; 131-423-542-523-282; 131-916-000-947-553; 133-583-326-987-715; 139-483-455-681-00X; 146-443-434-752-064; 148-238-307-112-718; 148-671-973-659-421; 154-814-708-369-274; 159-542-584-292-425; 163-035-883-557-09X; 163-737-404-824-645; 173-254-516-850-14X; 197-505-097-401-781; 199-737-597-609-074,5,true,cc-by,gold
065-074-505-012-438,"""Mislim, realno, tko voli školu?"": Iskustvo školovanja osnovnoškolskih dječaka s ADHD-om",2021-06-24,2021,journal article,Hrvatska revija za rehabilitacijska istraživanja,18487734; 13313010,"Faculty of Education and Rehabilitation Sciences, University of Zagreb",Croatia,Andreja Bartolac,"<jats:p>Iako je deficit pažnje/hiperaktivni poremećaj (ADHD) najčešći neurorazvojni poremećaj u dječjoj dobi, istraživanja ADHD-a u Republici Hrvatskoj iznimno su rijetka, a posebice se to odnosi na istraživanja u kojima su sudionici sama djeca s ADHD-om. Stoga je opći cilj ovog rada opisati osobno, doživljeno iskustvo svakodnevnog života vezanog uz školovanje osnovnoškolskih dječaka s ADHDom. U istraživanje je uključen namjeran uzorak sudionika, 14 dječaka s ADHD-om kronološke dobi od 8 do 11 godina, koji su uključeni u redovan sustav obrazovanja. Sa svakim su dječakom provedena tri polustrukturirana fenomenološka intervjua. Posebna pažnja u ovom istraživanju posvećena je metodološkom pristupu usmjerenom na dijete, prilagođenom djetetovim razvojnim osobinama te sigurnom za dijete. Podaci su obrađeni metodom interpretativne fenomenološke analize (IPA), a iskustvo školovanja dječaka s ADHD-om prikazano je kroz dvije teme: (1) Izazovi školovanja s ADHD-om te (2) Podrška u školi: važnost uvažavanja, senzibiliziranosti i odnosa. Istraživanje je pokazalo da dječaci s ADHD-om prepoznaju svoje izazove vezane uz školovanje, a njihove teškoće najviše dolaze do izražaja u obrazovnim aktivnostima koje od njih zahtijevaju usmjeravanje i održavanje pozornosti, organiziranost, ustrajnost, fleksibilnu pažnju i radno pamćenje. Posljedično se suočavaju s iskustvom školskog neuspjeha, frustracije te sniženog samopouzdanja kad su posrijedi njihove sposobnosti. Dječaci prepoznaju podršku koju u školi dobivaju od učiteljice i pomoćnice u nastavi, ali i ograničenja koja doživljavaju radi nerazumijevanja, manjka senzibiliziranosti za njihovu neurorazličitost te neprimjenjivanja IOOP-a. Dječaci vrlo jasno opisuju koje prilagodbe bi im olakšale iskustvo školovanja. Rezultati ovog istraživanja upozoravaju da su djeca s ADHD-om u posebnom psihosocijalnom riziku, dok je u smislu participativnih prava djece, njihova iskustva potrebno uvažiti kao ravnopravnih dionika obrazovnih politika.</jats:p>",57,1,1,39,Psychoanalysis; Interpretative phenomenological analysis; Psychology; Neurodiversity,neurodiversity; child interview; interpretative phenomenological analysis,,,,https://www.bib.irb.hr/1145247 https://www.ceeol.com/search/article-detail?id=994756 https://hrcak.srce.hr/file/377052 https://hrcak.srce.hr/index.php?show=clanak&id_clanak_jezik=377053,http://dx.doi.org/10.31299/hrri.57.1.1,,10.31299/hrri.57.1.1,3174224258,,0,002-012-839-363-490; 017-846-033-119-726; 019-039-595-253-726; 036-893-820-848-961; 041-376-256-522-121; 081-416-390-631-438; 114-503-065-656-720; 127-074-754-298-69X,3,true,cc-by-nc,gold
065-143-803-824-895,"Dyslexia Primer for Social Work: Translational Research to Update Strengths-Based Practice, Advocacy, and Attitudes",2021-06-14,2021,journal article,Advances in Social Work,23314125; 15278565,IUPUI University Library,,Michelle D. Garner,"Dyslexia is a lifelong epigenetic neurobiological difference (neurodiversity) in brain formation and processing. Though highly prevalent, most people, including social workers, know little about dyslexia. Whereas dyslexia predicts common cognitive strengths and weaknesses, it is most often associated only with weaknesses, due to misinformation or a simple lack of information. As a result, pervasive myths (e.g., laziness, low IQ) drive beliefs, attitudes, and policies that contribute to disproportionally poorer educational, financial, justice system, and mental health outcomes for individuals with dyslexia – a cycle of externally and internally applied stigmas with significant practical effects. This analysis applies a person-in-environment conceptual framework to explain this cycle, as a step toward disrupting it. The analysis uses translational research methods, drawing from current science, to provide positive framing to dispel common stigmatizing myths and to foster strengths-based social work practice and advocacy by and for individuals with dyslexia.",21,1,26,44,Mental health; Developmental psychology; Psychology; Framing (social sciences); Social work; Misinformation; Neurodiversity; Special education; Dyslexia; Strengths and weaknesses,Dyslexia; special education; disability; stigma; neurodiversity; translational research,,,,http://journals.iupui.edu/index.php/advancesinsocialwork/article/download/24035/23773 https://journals.iupui.edu/index.php/advancesinsocialwork/article/view/24035 https://digitalcommons.tacoma.uw.edu/socialwork_pub/556/ http://advancesinsocialwork.iupui.edu/index.php/advancesinsocialwork/article/view/24035 http://134.68.190.31/index.php/advancesinsocialwork/article/view/24035,http://dx.doi.org/10.18060/24035,,10.18060/24035,3172755259,,0,002-872-995-034-453; 005-420-699-966-469; 006-318-712-917-73X; 009-074-157-074-235; 012-994-042-575-419; 015-233-316-795-383; 022-723-645-003-67X; 027-438-437-874-103; 027-809-865-824-524; 029-158-100-700-470; 031-657-945-466-530; 032-311-335-447-912; 032-425-960-998-053; 034-260-944-999-443; 038-708-213-372-514; 048-296-959-723-872; 051-308-144-785-881; 056-142-502-831-142; 056-173-849-824-920; 056-673-008-844-661; 062-083-302-897-323; 062-318-401-498-217; 063-349-327-015-19X; 070-584-032-613-559; 084-049-245-495-107; 098-212-689-004-765; 106-010-139-807-902; 113-103-136-272-494; 113-234-355-660-614; 123-695-572-940-131; 127-701-411-575-755; 129-872-112-709-855; 133-116-039-413-230; 146-640-118-585-279; 174-358-553-968-633,9,true,cc-by,gold
066-745-423-503-824,Representing Dis/ability in Young Children's Books,2021-01-01,2021,dissertation,,,San Francisco State University,,Sara Burton Ucar,"This research explores how stories that represent characters with different backgrounds and ability levels can help children's positive social and emotional skills. Character representation in books can influence a child's schema about community, sense of self, and understanding of others. Through picturebooks, children learn important concepts about social values and belonging. As young children from all ability levels are making meaning of the world around them and the materials they engage with in their classrooms, this research explores what early childhood special educators' favorite books look like, and who students see in favorite books. The research analyzed how books in current Early Childhood Special Education classrooms represent diversity in general and disability in particular. It is analyzed from the perspective that complex character development and strength-based narratives of human difference support more connection and belonging, as children see themselves and their families reflected in their classrooms. The research shares findings of favorite books in 15 early childhood special education classrooms, to consider how students with dis/abilities are reflected and how books support children's awareness of human diversity. Data analysis shows how more recently published books include more diverse voices. The research discusses how representation of character's with dis/abilities is evolving, and the application of critical book selection in early childhood special education classrooms. The research considers how picturebooks support classroom inclusion and belonging in early childhood special education classrooms, and their relevance to all early childhood settings and homes.",,,,,Early childhood education; Narrative; Early childhood; Psychology; Diversity (politics); Meaning (existential); Inclusion (mineral); Schema (genetic algorithms); Developmental psychology; Representation (politics); Special education; Picture books; Pedagogy; Social psychology; Sociology; Literature; Art; Machine learning; Anthropology; Psychotherapist; Political science; Politics; Law; Computer science,Information About Book Selection; Acquisition; & Use,,,,http://scholarworks.calstate.edu/downloads/8910k0882 https://doi.org/10.46569/20.500.12680/d217qw01w,http://dx.doi.org/10.46569/20.500.12680/d217qw01w,,10.46569/20.500.12680/d217qw01w,,,0,,0,true,,gold
071-475-084-855-780,Understanding the impact of developmental coordination disorder on Belgian children and families: A national survey study.,2025-04-22,2025,journal article,PloS one,19326203,Public Library of Science (PLoS),United States,Amy De Roubaix; Griet Warlop; Dorine Van Dyck; Delphine Van Crombrugge; Silke Van den Abbeele; Melissa Licari; Hilde Van Waelvelde; Lynn Bar-On,"<AbstractText Label=""BACKGROUND"" NlmCategory=""BACKGROUND"">Developmental Coordination Disorder (DCD) is an under-recognized and often trivialized neurodevelopmental condition impacting five to six percent of children. This study aimed to map the impact of DCD on children and their families in Belgium.</AbstractText>;           <AbstractText Label=""METHODS"" NlmCategory=""METHODS"">The Australian 'Impact for DCD' questionnaire was translated and adapted to suit the Belgian context. Parents of 4-to-18-year-old children living in Belgium with movement difficulties consistent with DCD were invited to complete the online survey covering diagnosis, activities, school, therapy, and social and emotional impact.</AbstractText>;           <AbstractText Label=""RESULTS"" NlmCategory=""RESULTS"">A total of 491 children were included in the analyses. First concerns emerged primarily at home (61.4%) at age 3.3 ± 2.25y, with help sought at age 4.7 ± 2.57y. Formal diagnosis occurred at age 6.9 ± 2.36y, with DCD (76.5%) and/or dyspraxia (38.4%) the most frequently received terms. DCD was generally unknown, especially within school settings. Nearly one in four children (23.2%) repeated a year of school. Reduced sleep quality (50.6%), fatigue after school (76.0%), difficulties with toilet training (47.9%) and speech articulation (52.3%), as well as elevated emotional problems (52.7%) and peer-related issues (46.4%), were prevalent. Most children received therapy (89.2%) but 59.1% of parents did not feel adequately supported to assist their child. Moreover, 37.5% of parents regularly took time off work to facilitate their child's therapy attendance, while 49.1% had reduced their working hours or were contemplating doing so (16.7%). Parents expressed concerns about their child's future and well-being, with a prominent plea for guidance on supporting their child and increased awareness. Parents reported important strengths in their children, including empathy, creativity, cognitive abilities, perseverance, and good social and/or language skills.</AbstractText>;           <AbstractText Label=""CONCLUSIONS"" NlmCategory=""CONCLUSIONS"">These results highlight the significant impact of DCD from parents' perspectives. The next step is to explore ways to empower and support parents, raise awareness, and collaborate with policymakers to address these challenges.</AbstractText>;           <CopyrightInformation>Copyright: © 2025 De Roubaix et al. This is an open access article distributed under the terms of the Creative Commons Attribution License, which permits unrestricted use, distribution, and reproduction in any medium, provided the original author and source are credited.</CopyrightInformation>",20,4,e0320311,e0320311,Context (archaeology); Attendance; Medicine; Psychology; Pediatrics; Clinical psychology; Biology; Paleontology; Economics; Economic growth,,"Humans; Child; Belgium/epidemiology; Male; Female; Motor Skills Disorders/epidemiology; Adolescent; Child, Preschool; Surveys and Questionnaires; Family; Parents/psychology",,University Foundation of Belgium; Legacy GE37 children rehabilitation fund; ENLIGHT Scientific Research Network,https://biblio.ugent.be/publication/01JSXVZHBX4DQDJ9M52H1MB1PF/file/01JSXWBZ6C18NFJ0V7S6RVK2YJ.pdf http://hdl.handle.net/1854/LU-01JSXVZHBX4DQDJ9M52H1MB1PF,http://dx.doi.org/10.1371/journal.pone.0320311,40261859,10.1371/journal.pone.0320311,,PMC12013903,0,000-920-769-428-826; 005-684-108-549-671; 008-895-874-973-251; 009-703-866-802-695; 010-884-562-576-810; 011-158-693-759-123; 011-828-885-245-047; 011-922-851-968-950; 014-000-331-970-174; 014-723-421-865-131; 015-630-805-623-645; 017-258-811-960-36X; 018-071-334-735-763; 018-906-158-902-122; 019-108-249-880-010; 019-363-874-467-49X; 019-534-939-299-700; 024-138-930-582-119; 024-628-907-181-749; 024-710-420-133-14X; 025-044-986-026-778; 027-825-062-708-802; 029-663-000-108-493; 031-905-787-752-100; 034-784-338-186-642; 036-421-326-365-483; 037-443-821-969-608; 037-493-559-800-246; 037-765-146-318-597; 039-730-357-009-48X; 039-821-022-097-338; 041-230-671-349-643; 042-190-241-457-006; 042-319-906-827-388; 043-045-518-826-042; 043-375-031-117-705; 043-650-991-310-012; 043-833-553-950-222; 048-034-723-598-50X; 051-500-502-061-85X; 063-173-646-072-443; 073-854-600-212-62X; 076-947-775-711-422; 080-098-416-962-220; 085-832-979-355-964; 096-746-256-849-467; 100-398-875-456-667; 101-947-453-555-628; 108-140-382-308-730; 111-092-886-564-564; 113-839-155-895-605; 119-142-034-889-573; 128-017-435-953-496; 129-636-809-423-369; 131-644-299-422-500; 132-815-862-940-279; 137-179-294-123-728; 138-086-101-118-054; 139-082-104-022-347; 145-170-841-489-067; 160-289-088-775-195; 160-414-758-914-845; 166-983-973-313-522; 182-807-336-212-697; 183-650-410-307-410,7,true,cc-by,gold
076-411-860-072-519,Sociocultural context and autistics' quality of life: A comparison between Québec and France,2021-07-30,2021,journal article,Autism : the international journal of research and practice,14617005; 13623613,SAGE Publications,United States,Vicky Caron; Nuria Jeanneret; Mathieu Giroux; Lucila Guerrero; Mélanie Ouimet; Baudouin Forgeot d’Arc; Isabelle Soulières; Isabelle Courcy,"Quality of life is important for the development and evaluation of interventions for autistic people. It is a multidimensional concept, anchored in a sociocultural context and based on a person’s s...",26,4,13623613211035229,913,Social environment; Developmental psychology; Psychology; Stigma (botany); Work (electrical); Autism; Psychological intervention; Quality of life (healthcare); Psychiatric comorbidity,adults; autism spectrum; environmental factors; gender; psychiatric comorbidity; quality of life; stigma; work,Adult; Autism Spectrum Disorder/epidemiology; Autistic Disorder; Humans; Interpersonal Relations; Quality of Life; Quebec,,Fonds de Recherche du Québec - Santé; CIUSSS Nord-de-l’Île-de-Montréal,https://journals.sagepub.com/doi/pdf/10.1177/13623613211035229 http://journals.sagepub.com/doi/10.1177/13623613211035229 https://journals.sagepub.com/doi/10.1177/13623613211035229 https://pubmed.ncbi.nlm.nih.gov/34325546/,http://dx.doi.org/10.1177/13623613211035229,34325546,10.1177/13623613211035229,3185575176,PMC9008549,0,001-255-625-086-141; 002-141-612-699-10X; 003-022-115-840-402; 003-721-885-376-434; 004-260-140-298-811; 009-224-240-036-695; 009-636-042-234-616; 009-683-045-370-500; 012-192-547-578-223; 012-625-356-528-769; 016-259-986-023-093; 020-197-966-214-005; 021-251-318-441-905; 022-309-911-826-57X; 023-082-037-621-000; 028-204-580-067-931; 029-178-353-330-824; 035-671-412-103-696; 042-787-663-227-499; 043-608-257-976-953; 045-955-100-838-260; 049-596-533-266-644; 052-596-448-474-498; 055-491-239-957-555; 060-273-009-237-742; 062-675-400-919-257; 067-740-132-755-160; 069-853-988-485-106; 071-520-754-950-577; 074-399-009-176-830; 076-411-860-072-519; 080-886-520-291-727; 081-487-462-584-57X; 082-352-545-881-236; 086-259-868-548-752; 091-772-795-858-861; 097-670-647-321-73X; 097-978-601-257-542; 101-197-768-591-252; 109-025-293-925-131; 111-238-333-444-502; 112-713-193-636-92X; 119-233-437-984-739; 121-225-985-510-421; 135-789-465-025-117; 138-137-403-763-160; 144-805-828-219-02X,28,true,cc-by-nc,hybrid
078-480-022-105-82X,"Investigation of associations between self-reported sensory processing, eating disorder symptoms, neurodivergence, and gender congruence from a lived experience lens.",2026-02-25,2026,journal article,Journal of eating disorders,20502974,Springer Science and Business Media LLC,United Kingdom,Laurence Cobbaert; Kai Schweizer; Kai S Thomas; Rosiel Elwyn; Caide Bier; Sam L Sharpe; Phillipa Hay; Philip B Mitchell; Jane Miskovic-Wheatley,"<AbstractText Label=""BACKGROUND"" NlmCategory=""BACKGROUND"">Eating disorders (EDs) are increasingly recognised among neurodivergent and transgender and gender diverse (TGD) individuals, yet most assessment and treatment models remain grounded in cisnormative and neuronormative assumptions and frameworks. Sensory processing, spanning interoception and exteroception, has been proposed as a potential factor that may help explain observed associations between neurodivergent traits, gender incongruence, and EDs. Empirical evidence, however, remains limited. This study examined whether sensory processing characteristics accounted for variance in observed associations between neurodivergent traits (with a focus on Autism and attention deficit/hyperactivity disorder, ADHD), gender incongruence, and ED symptoms in an adult community sample.</AbstractText>;           <AbstractText Label=""METHODS"" NlmCategory=""METHODS"">Participants (N = 195) completed an online Qualtrics survey involving validated self-report measures of exteroception, interoceptive sensibility, gender congruence, and ED symptoms (for example, Eating Disorder Examination Questionnaire Short, EDE-QS and Nine Item Avoidant or Restrictive Food Intake Disorder Screener, NIAS). Correlation, regression, and effects analyses were used to explore associations among self-reported neurodivergent traits, gender incongruence, sensory processing, and ED symptoms.</AbstractText>;           <AbstractText Label=""RESULTS"" NlmCategory=""RESULTS"">Gender incongruence and Autistic traits showed positive associations with restrictive and avoidant ED symptoms. ADHD traits showed positive associations with a broader range of ED symptoms, including restrictive, avoidant, and binge eating presentations. Gender incongruence also showed positive associations with sensory processing differences across both exteroceptive and interoceptive domains: namely, elevated visual and auditory sensitivity and reduced body trust. Furthermore, interoceptive sensibility, particularly lower body trust, showed significant statistical relations with ADHD motor traits and EDE-QS scores. Interoceptive sensibility also showed significant statistical relations in models including gender incongruence and EDE-QS scores. Exteroceptive hypersensitivity showed a partial statistical relation in models examining gender incongruence and NIAS scores.</AbstractText>;           <AbstractText Label=""CONCLUSIONS"" NlmCategory=""CONCLUSIONS"">To the authors' knowledge, this study provides the first lived experience-led empirical intersectional investigation linking interoception and exteroception with neurodivergent traits, gender incongruence, and ED symptoms. Results highlight the relevance of intersectional, sensory-informed, and identity-affirming perspectives for future research and the ongoing development of ED assessment and care.</AbstractText>;           <CopyrightInformation>© 2026. The Author(s).</CopyrightInformation>",14,1,,,Lived experience; Psychology; Congruence (geometry); Relevance (law); Developmental psychology; Empirical research; Interoception; Social psychology; Lens (geology); Cognitive psychology; Perception; Clinical psychology; Phenomenology (philosophy); Sensory system; Self-image; Qualitative research; Eating disorders; Photo elicitation,Eating disorders; Exteroception; Gender diversity; Interoception; Neurodiversity; Sensory processing,,,,,http://dx.doi.org/10.1186/s40337-026-01551-8,41742218,10.1186/s40337-026-01551-8,,PMC13040833,0,000-302-650-808-903; 000-558-915-628-879; 001-667-660-595-751; 002-959-310-780-835; 003-700-395-170-369; 004-778-105-195-776; 005-236-718-967-652; 005-753-978-485-671; 006-371-893-231-085; 007-084-519-517-942; 007-400-343-313-488; 007-545-143-708-247; 008-476-780-912-320; 008-547-728-660-838; 008-627-019-316-065; 008-793-352-216-790; 010-250-257-603-718; 011-577-492-858-850; 011-886-949-372-797; 013-495-845-617-766; 014-706-722-036-332; 015-008-625-587-544; 015-512-397-159-398; 016-801-534-784-374; 017-781-567-113-914; 018-064-851-958-652; 021-409-927-788-143; 025-209-028-116-166; 025-235-274-750-161; 025-246-304-034-136; 025-404-748-434-131; 025-675-133-793-837; 026-063-482-774-721; 026-065-509-860-363; 026-387-879-697-913; 026-562-944-938-003; 026-806-744-134-551; 028-979-498-961-137; 030-265-231-559-277; 030-502-072-959-295; 032-442-022-779-465; 033-276-263-877-424; 034-737-998-176-093; 035-403-642-477-078; 035-873-579-911-543; 036-693-667-426-060; 036-791-393-239-039; 039-532-886-377-993; 039-838-750-946-191; 040-582-090-554-860; 042-336-299-280-257; 043-497-084-232-462; 044-847-768-245-997; 045-939-420-023-327; 051-107-675-155-044; 051-200-234-345-607; 051-822-883-394-560; 053-550-866-483-920; 054-515-626-901-954; 055-718-673-783-387; 060-724-034-034-12X; 060-797-506-102-90X; 062-962-233-460-013; 063-275-565-932-488; 064-613-873-610-064; 065-166-976-668-490; 065-561-698-826-160; 070-507-768-694-233; 071-728-059-560-094; 071-948-999-461-082; 072-475-764-390-67X; 072-606-397-017-116; 073-121-530-982-347; 076-257-595-438-336; 076-274-709-405-028; 076-697-504-634-649; 081-600-377-803-944; 082-079-904-329-642; 084-089-409-247-940; 084-957-118-560-213; 086-931-573-400-892; 087-810-842-128-969; 087-955-366-436-596; 088-196-182-799-896; 088-283-168-928-984; 088-578-728-544-419; 090-041-017-518-62X; 090-687-477-357-217; 090-959-034-171-268; 091-740-310-036-151; 092-521-627-274-031; 093-605-601-627-892; 093-762-216-907-379; 094-503-080-031-207; 096-762-091-885-362; 101-543-079-745-876; 102-439-177-565-496; 103-751-701-043-102; 104-305-680-138-976; 104-519-909-880-380; 104-682-967-474-938; 105-213-139-100-580; 106-422-310-204-281; 107-364-067-499-756; 108-489-817-298-378; 110-144-408-537-313; 110-826-075-864-700; 112-589-181-663-888; 113-404-697-624-698; 114-947-639-285-445; 119-825-308-967-763; 121-323-430-304-113; 121-467-792-000-507; 122-335-729-275-024; 125-362-231-725-289; 126-389-492-451-542; 128-137-415-039-476; 130-181-401-060-67X; 130-861-292-194-765; 132-884-584-272-897; 135-662-546-452-091; 140-048-489-214-273; 145-325-846-885-871; 147-958-281-589-399; 148-975-606-199-85X; 150-053-575-396-260; 150-869-982-924-384; 151-678-661-789-315; 155-575-298-076-663; 160-931-902-962-178; 163-569-599-058-820; 165-475-269-069-207; 168-466-978-944-339; 174-046-230-071-191; 174-412-907-660-56X; 178-465-947-855-606; 179-053-301-042-53X; 179-667-602-802-789; 180-277-572-010-909; 181-959-856-834-840; 187-016-649-322-919; 193-887-657-749-438; 195-689-288-199-957,0,true,"CC BY, CC BY-NC-ND",gold
080-803-235-262-250,A Sunny Disposition and a Big Heart: Thematic Analysis of Parent-Reported Socio-Emotional Strengths in Dyslexia.,2025-08-25,2025,journal article,"Dyslexia (Chichester, England)",10990909; 10769242,Wiley,United States,Belinda Y Zhang; Gabriela V Gocheva; Ana Tyler; Amie Wallman-Jones; Marni Shabash; Jiwoo Han; Christa Watson-Pereira; Zachary A Miller; Maria Luisa Gorno-Tempini; Virginia E Sturm; Eleanor R Palser,"Children with dyslexia have persistent and well-characterised reading difficulties but may also have less well-known socio-emotional abilities. Socio-emotional abilities in dyslexia could be leveraged in remediation efforts to improve outcomes, including resilience. Our aim was to characterise these socio-emotional abilities from parents' perspectives, to inform strength-based curricula. We analysed 97 parent responses to an open-ended question on the behavioural and emotional strengths of their child with dyslexia using a reflexive thematic analysis approach. We identified five themes, including: (1) social skills, (2) positivity, (3) reliability, (4) determination and (5) creativity. Subthemes indicated children with dyslexia had particular strengths in prosocial behaviour, empathy, optimism, conscientiousness and originality. The frequency of reported strengths was variable, with rarer descriptions of creativity alongside widespread social skills. Our findings suggest that dyslexia may be associated with previously overlooked socio-emotional strengths which could be harnessed in remediation efforts to improve outcomes by reducing stigma and fostering resilience and self-esteem.",31,3,e70010,e70010,Psychology; Dyslexia; Developmental psychology; Thematic analysis; Prosocial behavior; Empathy; Psychological resilience; Cognitive psychology; Reading (process); Social psychology; Qualitative research; Sociology; Social science; Law; Political science,,Humans; Dyslexia/psychology; Male; Female; Child; Parents/psychology; Social Skills; Emotions; Empathy; Social Behavior,,UCSF Dyslexia Center; NIH HHS (K24DC015544) United States; The Charles and Helen Schwab Foundation; NINDS NIH HHS (R01NS050915) United States; NINDS NIH HHS (R01 NS050915) United States; NIDCD NIH HHS (K24 DC015544) United States,https://onlinelibrary.wiley.com/doi/pdfdirect/10.1002/dys.70010 https://doi.org/10.1002/dys.70010,http://dx.doi.org/10.1002/dys.70010,40855633,10.1002/dys.70010,,PMC12379068,0,000-836-643-369-240; 001-294-266-332-92X; 001-607-656-035-132; 005-463-066-635-985; 005-751-240-128-636; 006-318-712-917-73X; 006-780-704-618-385; 008-770-928-419-557; 009-794-173-825-006; 010-004-403-204-181; 010-600-198-599-321; 012-186-505-543-339; 015-062-181-604-055; 017-669-090-420-019; 020-495-649-308-564; 020-727-269-131-55X; 020-860-623-666-26X; 021-696-293-107-637; 024-511-288-197-581; 025-934-094-310-794; 027-743-019-612-849; 028-587-125-034-178; 029-313-003-747-16X; 032-051-918-322-902; 032-667-003-242-870; 033-014-166-301-001; 034-119-873-766-876; 034-237-440-986-600; 036-304-476-601-75X; 036-415-109-086-137; 037-031-829-598-265; 037-550-015-414-716; 038-190-370-715-652; 039-015-896-421-729; 039-615-693-695-059; 041-703-627-174-150; 042-384-115-599-121; 043-541-637-516-816; 043-543-840-591-538; 046-369-458-955-95X; 050-635-431-398-843; 054-048-516-685-429; 054-384-567-525-145; 056-120-260-909-834; 057-385-678-914-235; 057-637-283-305-070; 058-852-004-976-452; 060-455-594-478-05X; 060-466-710-902-879; 061-917-891-982-893; 062-643-906-835-302; 063-780-311-259-104; 065-143-803-824-895; 065-494-364-347-269; 067-378-835-513-812; 067-428-186-662-246; 068-667-539-906-15X; 071-461-855-627-536; 077-037-212-827-636; 078-015-200-310-92X; 079-072-190-064-987; 080-653-881-961-397; 080-803-235-262-250; 084-433-075-683-602; 089-712-664-398-643; 092-545-148-413-440; 093-057-284-041-34X; 098-966-667-982-809; 102-735-875-778-348; 103-124-876-683-192; 103-942-998-262-77X; 107-577-054-480-799; 107-855-081-651-300; 113-234-355-660-614; 120-245-918-600-031; 125-128-127-734-18X; 129-704-627-637-86X; 131-598-959-858-904; 131-836-539-319-614; 135-626-704-346-596; 147-447-297-686-930; 151-142-618-417-326; 160-211-280-274-681; 162-209-459-379-491; 162-588-918-031-500; 187-128-929-943-37X,3,true,cc-by-nc-nd,hybrid
081-059-613-442-632,"1. 'Tag, You've Got Coronavirus!' Chase Games in a Covid Frame",2023-06-01,2023,book chapter,Play in a Covid Frame,,Open Book Publishers,,Julia Bishop,"<jats:p>Children in many parts of the world commonly play games of touch chase, in which the chaser catches the other players by tapping them, the role of chaser often then transferring to the caught player. At the time of the global spread of the Covid-19 pandemic in early 2020, reports began to crop up, especially on social media, of children playing chasing games with names like Coronavirus Tag, Corona Tip, Infection and Covid Tiggy. In these, the chaser was the virus and had to chase the others who, when caught, then ‘got the virus’. Games with ‘corona rules’ also emerged, in which children adapted the chase games to circumvent or accommodate social distancing measures imposed on them.  The chapter draws on children’s testimony and adults’ observations of these coronavirus tag games, particularly Twitter posts, to trace their rapid emergence on an international scale, their varied and ingenious forms and potential functions. The focus is on the players’ perceptions and experiences in order to emphasize the fluidity and dynamism of this play and to trouble adults’ tendency to adult-centric and monolithic interpretations. The chapter argues that it is essential to consider such games both in the context of the pandemic and from a comparative and historical perspective. This highlights that what children did in making their games of coronavirus tag is in fact just one example of what they do on a day-to-day basis when there is no pandemic, drawing on mediascapes, and the material, environmental and temporal resources available to them, in often overlooked and undervalued acts of everyday creativity and resourcefulness.</jats:p>",,,3,32,Pandemic; Dynamism; Context (archaeology); Coronavirus disease 2019 (COVID-19); Social distance; Coronavirus; Psychology; Sociology; History; Epistemology; Medicine; Infectious disease (medical specialty); Archaeology; Disease; Philosophy; Pathology,,,,,,http://dx.doi.org/10.11647/obp.0326.01,,10.11647/obp.0326.01,,,0,003-469-188-712-664; 015-941-770-034-821; 023-499-254-344-760; 025-992-237-434-563; 028-737-534-736-69X; 031-859-490-681-765; 035-494-980-548-787; 035-827-601-399-99X; 040-852-072-257-181; 048-795-638-778-107; 049-066-409-249-849; 064-589-359-150-993; 064-814-408-020-000; 072-750-282-793-306; 094-351-357-709-122; 101-563-272-457-698; 144-414-262-297-468; 147-948-065-864-991; 149-213-350-164-64X; 156-279-676-077-39X; 189-722-367-928-702,2,true,cc-by-nc,hybrid
087-141-131-544-768,Precision neurodiversity: personalized brain network architecture as a window into cognitive variability.,2025-11-12,2025,journal article,Frontiers in human neuroscience,16625161,Frontiers Media SA,Switzerland,Suleiman Ibrahim Mohammad; Eman Raeed Azzam; Asokan Vasudevan; Sayed M Ismail; Hina Ayaz; K D V Prasad,"Precision neurodiversity marks a shift in neuroscience from pathological models to personalized frameworks that view neurological differences as adaptive variations. This review synthesizes current knowledge on the Personalized Brain Network architecture and its relationship with cognitive variability in both typical and neurodiverse populations. The study examines advancements in connectome-based prediction modeling, normative modeling, dynamic fingerprinting, and machine learning methods that characterize individual-specific neural networks. Recent findings indicate that the Personalized Brain Network profile reliably predicts cognitive, behavioral, and sensory phenomena. Additionally, deep generative models demonstrate high fidelity in synthesizing connective cells. Recent studies have identified distinct neurobiological subgroups in conditions such as attention-deficit hyperactivity disorder (ADHD) and autism spectrum disorder that were previously undetectable by conventional diagnostic criteria. However, research has revealed significant network-level differences among these subgroups. Researchers have identified age-resistant biomarkers in specific brain regions, and genetic mutations significantly influence the connectivity patterns of individuals. Clinical applications span a range of neurodevelopmental conditions, including autism, ADHD, dyslexia, and talent. Network variability predicts executive functioning, social perception, and sensory processing abilities. However, successful translation requires overcoming challenges related to statistical power, reproducibility, ethical implementation and community participation. The convergence of advanced neuroimaging, artificial intelligence, and personalized medicine offers unprecedented opportunities for tailored interventions, while celebrating neurological diversity as a source of human strength.",19,,1669431,1669431,Autism spectrum disorder; Cognition; Computer science; Sensory processing; Autism; Artificial intelligence; Neuroscience; Neuroimaging; Artificial neural network; Machine learning; Psychology; Deep learning; Cognitive neuroscience; Personalized medicine; Normative; Network architecture; Feature (linguistics); Fidelity; Precision medicine; Sensory system; Window (computing); Cognitive science; Adaptation (eye); Perception; Normative model of decision-making; Cognitive psychology,brain connectome; machine learning; magnetic resonance imaging; neurodevelopmental disorders; neurodiversity; precision medicine,,,,https://public-pages-files-2025.frontiersin.org/journals/human-neuroscience/articles/10.3389/fnhum.2025.1669431/pdf https://doi.org/10.3389/fnhum.2025.1669431,http://dx.doi.org/10.3389/fnhum.2025.1669431,41311990,10.3389/fnhum.2025.1669431,,PMC12647089,0,000-200-131-008-325; 000-233-026-303-26X; 000-324-822-804-237; 001-381-134-737-437; 001-551-284-135-625; 003-779-025-811-32X; 003-990-169-141-349; 004-267-558-883-374; 005-172-583-162-514; 005-294-531-982-452; 005-978-051-166-795; 009-478-783-643-264; 009-906-232-588-738; 010-226-465-449-17X; 011-278-607-045-21X; 011-430-581-475-839; 011-710-678-557-968; 012-086-170-463-055; 012-454-687-333-006; 012-539-307-973-718; 012-674-159-961-652; 012-808-101-071-80X; 015-513-358-820-491; 016-075-336-632-907; 016-787-323-033-732; 017-084-104-291-18X; 019-262-674-777-300; 019-471-938-103-862; 019-976-811-654-556; 020-571-156-307-741; 020-676-052-649-457; 020-768-536-198-54X; 021-111-843-600-973; 021-510-935-342-99X; 024-202-850-989-094; 024-367-742-489-32X; 027-553-901-351-562; 028-279-694-212-11X; 029-955-179-269-856; 030-080-449-853-929; 030-535-902-495-786; 032-423-308-748-193; 032-514-269-753-961; 032-850-080-621-01X; 033-130-953-053-017; 035-435-799-268-895; 036-072-125-098-400; 036-259-317-032-131; 036-741-508-008-658; 037-146-804-508-470; 037-177-527-977-923; 037-310-687-825-531; 038-437-398-441-659; 038-897-690-664-128; 040-290-931-952-069; 040-347-233-978-987; 040-522-561-527-910; 043-431-800-271-55X; 044-904-852-071-326; 045-761-089-195-181; 047-763-962-026-289; 047-873-357-912-984; 048-078-140-240-607; 050-405-603-486-767; 050-809-066-741-507; 051-000-111-732-694; 051-317-435-528-230; 052-869-503-888-556; 053-062-476-175-68X; 053-093-963-184-198; 056-691-858-110-102; 057-068-246-336-110; 057-505-127-440-532; 058-049-379-892-818; 058-367-836-833-308; 058-985-141-133-290; 059-716-609-668-33X; 062-054-937-482-233; 064-134-146-293-041; 064-552-237-924-744; 064-657-444-691-809; 065-893-241-293-000; 068-232-403-334-33X; 070-264-213-341-051; 070-290-909-807-920; 071-105-341-394-076; 071-686-807-847-136; 073-309-740-386-29X; 073-606-162-066-497; 073-958-518-169-171; 074-907-736-923-482; 075-877-960-750-960; 076-483-640-597-009; 076-559-722-691-11X; 076-728-293-199-067; 077-689-901-369-144; 081-378-174-160-390; 084-126-480-235-221; 085-488-690-003-431; 085-929-267-213-926; 085-940-373-019-868; 088-376-939-815-519; 089-101-274-841-512; 089-527-337-961-318; 091-502-616-168-241; 092-025-844-547-953; 092-381-021-096-961; 092-499-321-071-073; 095-520-910-251-155; 095-607-152-696-922; 096-595-997-631-478; 096-763-762-171-665; 098-014-018-914-20X; 098-119-198-282-457; 100-496-919-086-944; 101-098-056-545-908; 102-372-492-164-744; 104-808-601-076-602; 106-281-817-200-187; 106-791-712-733-366; 107-119-840-435-452; 107-264-193-971-849; 107-522-679-301-713; 108-228-693-983-385; 108-295-418-937-763; 108-677-786-170-838; 110-216-185-747-320; 110-926-547-085-43X; 110-978-005-714-38X; 111-170-244-686-376; 112-697-737-244-258; 115-180-847-344-134; 115-721-144-286-90X; 117-422-274-274-803; 117-547-438-166-905; 118-031-787-993-502; 118-368-925-401-645; 118-379-650-010-39X; 118-857-585-423-609; 119-001-213-394-649; 119-655-479-175-331; 119-876-137-625-178; 120-653-571-836-549; 121-243-139-638-345; 121-606-188-884-374; 125-265-189-252-793; 125-397-063-272-435; 125-933-851-572-072; 126-054-009-679-447; 126-118-465-746-615; 128-924-951-318-21X; 129-922-736-397-709; 131-632-726-380-926; 132-940-542-667-712; 133-348-377-683-930; 133-475-083-636-807; 134-573-093-374-99X; 134-826-059-181-310; 135-320-055-727-521; 135-776-563-891-366; 136-240-524-785-211; 136-790-540-555-148; 138-578-550-057-884; 138-941-671-269-166; 139-158-888-084-105; 139-436-227-594-48X; 139-981-033-102-014; 140-843-137-063-806; 140-916-136-679-996; 141-522-675-304-805; 142-127-881-780-649; 142-749-578-840-764; 142-807-773-614-917; 144-027-607-118-155; 144-167-247-898-956; 146-326-173-753-006; 148-100-197-972-757; 149-133-598-873-482; 150-424-306-191-021; 156-946-673-322-288; 158-049-121-192-094; 158-786-627-690-103; 158-855-616-608-078; 160-072-110-810-659; 160-741-424-226-67X; 161-396-526-938-573; 163-395-729-579-361; 166-078-091-455-30X; 166-224-949-005-32X; 166-725-601-064-607; 168-444-150-837-456; 168-569-919-517-056; 174-383-059-417-929; 174-615-936-419-759; 174-741-819-683-208; 175-568-899-412-714; 175-965-287-445-813; 176-051-313-427-391; 178-231-746-779-684; 178-647-423-061-044; 179-983-819-788-847; 180-326-076-532-511; 180-460-159-589-414; 180-979-835-861-489; 181-434-561-019-126; 182-059-928-932-814; 184-253-120-514-056; 184-470-132-979-222; 185-865-197-103-566; 186-015-275-118-129; 188-964-261-235-831; 189-254-089-833-871; 189-317-465-543-786; 189-515-771-323-017; 189-616-383-477-017; 191-044-170-803-115; 191-322-839-757-972; 193-732-218-117-387; 196-537-481-106-832; 196-554-818-703-726; 196-682-465-373-181; 198-062-301-670-791; 199-474-723-802-229,6,true,cc-by,gold
087-719-751-447-457,Emotionally entwined narratives: a polyphonic trialogue on learning disability history research.,2025-04-23,2025,journal article,Frontiers in sociology,22977775,Frontiers Media SA,Switzerland,Owen Barden; Rhiannon Currie; Ian Davies; Helena Gunnarsdóttir; Jónína Hjartardóttir; Nathaniel Lawford; Jonathon Lyons; Sólveig Ólafsdóttir; Emily Oldnall; Sarah Oldnall; Guðrún Valgerður Stefánsdóttir; Amber Tahir; Samantha Taylor; Liz Tilley; Katrín Tryggvadóttir; Steven J Walden; Heather Watts; Clare Wright; Christine Wright,"This paper offers a critical analysis of the concept of ""emotional community"" in the context of our research into histories of learning disability. Emotional communities are places where people feel, express and make sense of emotions. They help us to understand that emotions are something we experience socially and not just individually. The paper is presented in the form of a conversation between many researchers. This is what we mean by ""polyphonic,"" which translates as ""many voices."" Some of us have learning disabilities, and some of us do not. Although there are many voices, the authors belong to teams who worked on three learning disability history projects. Each team comprises researchers and self-advocates with learning disabilities and academics without. We use the word ""trialogue"" to mean discussion involving the three teams. In the discussion, we first talk about what we mean by ""emotional community."" Then we talk about the purpose of emotional communities, and their ""light"" (good) and ""dark"" (bad) aspects. We also talk about a process called ""commoning,"" which is working to understand what we have in common. This leads into a discussion of the ethics of emotional communities. We conclude by reflecting on some of the possibilities and problems we see with emotional communities.",10,,1401521,1401521,Narrative; Polyphony; Sociology; Psychology; Gender studies; Aesthetics; Anthropology; Art; Literature; Pedagogy,activism; autobiography; critical disability studies; emotional community; emotions; inclusive research; learning disability studies; polyphonic conversation,,,,https://www.frontiersin.org/journals/sociology/articles/10.3389/fsoc.2025.1401521/pdf https://doi.org/10.3389/fsoc.2025.1401521 https://www.tara.tcd.ie/bitstreams/19a9c0e5-3c81-41ee-8c0f-c1e53ea56874/download https://hdl.handle.net/2262/111567,http://dx.doi.org/10.3389/fsoc.2025.1401521,40342802,10.3389/fsoc.2025.1401521,,PMC12060435,0,005-289-516-395-333; 011-143-073-199-987; 019-330-349-843-476; 037-210-499-610-754; 042-274-678-492-443; 043-068-119-789-821; 049-723-553-785-280; 051-652-215-776-628; 059-593-324-030-87X; 062-768-035-512-119; 067-862-700-695-991; 079-831-577-440-697; 098-627-461-399-574; 107-804-793-022-625; 112-029-924-715-314; 121-737-590-569-09X; 129-134-249-846-389; 131-312-945-449-96X; 149-652-748-898-12X; 157-559-623-935-867; 167-742-631-455-271; 191-052-222-373-509; 197-288-483-927-572,1,true,cc-by,gold
090-004-228-564-367,Pre-service teachers' explicit and implicit stereotypes towards pupils with different special educational needs.,2025-10-07,2025,journal article,The British journal of educational psychology,20448279; 00070998,Wiley-Blackwell,United States,Charlotte S Schell; Hannah Kleen; Charlotte Dignath; Nathalie John; Mareike Kunter,"<AbstractText Label=""BACKGROUND"" NlmCategory=""BACKGROUND"">Successful inclusion in education depends heavily on the attitudes of teachers, and stereotypes play a significant role in shaping these attitudes. However, social desirability bias may limit direct measures of stereotypes. Combining direct and indirect measures offers better insights. But studies on SEN-specific stereotypes combining these measures are rare.</AbstractText>;           <AbstractText Label=""AIMS"" NlmCategory=""OBJECTIVE"">This study aims to investigate and compare pre-service teachers' explicit and implicit stereotypes towards autistic pupils, pupils with Down syndrome, and pupils with dyslexia using direct and indirect measures.</AbstractText>;           <AbstractText Label=""SAMPLE"" NlmCategory=""METHODS"">Our sample consisted of N = 76 German pre-service teachers with an average age of 22.75 years (SD = 3.32), of which 61% identified as female.</AbstractText>;           <AbstractText Label=""METHODS"" NlmCategory=""METHODS"">We assessed explicit stereotypes via a questionnaire and implicit stereotypes using lexical decision tasks. To compare explicit and implicit stereotypes, we computed Kendall's tau correlation coefficients.</AbstractText>;           <AbstractText Label=""RESULTS"" NlmCategory=""RESULTS"">Participants rated stereotypical adjectives significantly above the neutral midpoint for all three groups. They responded significantly faster to stereotypical than to non-stereotypical words in the lexical decision tasks, with large effect sizes for explicit ratings and medium effect sizes for implicit measures. Explicit and implicit stereotypes did not correlate significantly with one another.</AbstractText>;           <AbstractText Label=""CONCLUSION"" NlmCategory=""CONCLUSIONS"">The study found that pre-service teachers clearly endorsed explicit stereotypes and showed implicit associations in line with these stereotypes, especially towards autistic pupils and those with Down syndrome, while patterns for dyslexia were less pronounced. These results underline how common such stereotypes are in educational contexts and suggest that interventions should address both explicit and implicit bias.</AbstractText>;           <CopyrightInformation>© 2025 The Author(s). British Journal of Educational Psychology published by John Wiley &amp; Sons Ltd on behalf of British Psychological Society.</CopyrightInformation>",96,2,612,630,Psychology; Dyslexia; Developmental psychology; Special educational needs; Implicit attitude; Psychological intervention; Social psychology; Cognitive psychology; Implicit personality theory; Educational research; Special education; Cognition,Down syndrome; autism; direct methods; dyslexia; inclusion; indirect methods; stereotypes,,,German Federal Ministry of Education and Research (01NV2115),https://onlinelibrary.wiley.com/doi/pdfdirect/10.1111/bjep.70041 https://doi.org/10.1111/bjep.70041,http://dx.doi.org/10.1111/bjep.70041,41058132,10.1111/bjep.70041,,,0,002-144-695-286-952; 003-384-280-186-81X; 007-288-866-254-117; 010-146-562-381-20X; 015-977-397-746-728; 019-487-710-987-282; 020-682-010-729-61X; 025-183-782-873-06X; 025-384-339-742-357; 030-669-566-333-588; 030-722-500-785-346; 033-809-018-855-642; 034-246-608-594-26X; 035-367-776-005-150; 042-254-874-339-608; 042-777-601-972-523; 049-499-173-201-614; 050-257-141-186-062; 050-684-571-250-956; 052-417-655-620-850; 054-430-086-661-853; 058-423-696-785-976; 060-218-258-693-00X; 060-575-757-575-521; 062-904-199-013-643; 080-431-766-996-785; 087-236-841-930-155; 089-044-289-751-191; 102-942-395-725-679; 104-967-220-356-473; 116-604-979-029-710; 126-073-821-291-797; 127-809-566-632-894; 130-748-188-494-018; 131-423-542-523-282; 135-046-995-392-291; 140-843-764-687-773; 145-937-455-418-691; 153-983-627-632-000; 179-134-479-270-067; 182-026-716-742-735; 182-594-165-541-624,1,true,cc-by,hybrid
091-272-581-267-934,Neurodivergent Mental Health Through Oscillatory Information Exchange,2025-12-07,2025,standard,Zenodo (CERN European Organization for Nuclear Research),,,,Justin Adil Vukelic,"Neurodivergent Mental Health Through Oscillatory Information Exchange: A Multi-Channel Systems Framework Reframing Individual Pathology as Environmental Circulation Dysfunction Abstract This framework integrates oscillatory information exchange theory with neurodivergent lived experience to propose that what we label as mental health pathology often represents normal adaptive responses to environments lacking appropriate multi-channel diastolic capacity. By examining mental health through the lens of environmental receptivity to diverse information processing patterns rather than individual deficits, we can design interventions addressing root causes rather than suppressing adaptive responses. The framework synthesizes six complementary theoretical approaches—Intersectional Psychology, Validation Economy Dynamics, Agency-Identity-Thought dimensions, Epistemic Trauma theory, Environmental Systems Analysis, and Fear-Love neurobiological dynamics—unified through oscillatory exchange mechanisms operating across multiple parallel information channels. I. Foundational Framework and Lived Experience Validation 1.1 Central Insight: Neurology vs. Psychology Core Principle: Understanding neurodivergence (particularly autism) as neurological wiring rather than psychological causation represents essential wisdom that any comprehensive theoretical framework must honor. Critical Distinction: Authentic neurodivergent traits: Fundamental information processing differences requiring environmental accommodation Trauma responses: Adaptive reactions to chronic invalidation requiring healing and environmental change Environmental distortions: Apparent “pathologies” emerging from mismatch between neurology and environment The framework must maintain absolute clarity about what constitutes authentic neurodivergent traits versus defensive adaptations to hostile environments, while recognizing that both require environmental modification rather than individual correction. 1.2 The Sensitivity-Environment Interaction Epistemic Trauma and Intelligence Weaponization: When extreme sensitivity in childhood meets distorted or self-protective parental narratives, internalized confusion around logic and truth develops. When gifted or sensitive children’s accurate perceptions are systematically invalidated by caregivers who need to maintain their own psychological defenses, children learn to doubt their most fundamental capability: their ability to perceive and understand reality accurately. Key insight: These aren’t defective genes—they’re sensitivity genes in invalidating environments. Genetic variations creating enhanced sensitivity encounter environments that cannot accommodate or support those capabilities, leading to adaptive responses that are then pathologized. The Masking Paradox: Support withdrawal occurs because masking works too well. When individuals test as extremely intelligent while years of masking, people-pleasing, confusion, and burnout remain invisible, they are punished for adaptive success. Support withdrawal happens precisely when continued support is most crucial. 1.3 Autism as Neurological Foundation: The Soil Metaphor Central Hypothesis: Autism might be the underlying thread connecting many mental health presentations—not as sole cause, but as misunderstood baseline that becomes distorted by chronic invalidation and trauma. The Soil Metaphor: Autism as neurological “soil” from which other presentations grow when the soil is “ignored, poisoned, or paved over”: Emotional dysregulation in autism mirrors BPD when masking systems collapse under chronic invalidation Intense identity shifts from camouflaging and burnout are mistaken for Bipolar cycling Self-focused communication or difficulty with theory of mind can resemble NPD traits despite completely different neurodevelopmental foundations Enhanced sensitivity and pattern recognition may be pathologized as psychotic symptoms when consensus reality becomes completely invalidating Two-Layer Model: Layer 1 - Autistic Neurology (Substrate): Sensory processing differences Monotropic (deep-focus) processing Direct emotional processing Non-standard communication patterns Enhanced pattern recognition Executive function variations Layer 2 - Environmental Response (What Grows): Accommodating environment → Gifts, strengths, expertise, thriving Invalidating environment → Apparent pathology, distress, dysfunction Critical insight: Same neurological substrate produces radically different outcomes based on environmental diastolic capacity. II. Comprehensive Theoretical Integration 2.1 Six-Framework Synthesis The framework integrates six complementary theoretical approaches, unified through oscillatory information exchange as the common mechanism: Framework 1: Intersectional Psychology (Three-Domain Model) Domains: Intrapsychological: Internal processing systems (cognition, emotion, identity, beliefs) Interpsychological: Social and relational functioning across contexts Extrapsychological: Meaning-making, existential understanding, worldview Integration with oscillatory exchange: Each domain involves multi-channel information exchange with distinct preparation-exchange-resolution-circulation dynamics. Neurodivergent relevance: Neurodivergent traits manifest distinctly across all three domains, with environmental invalidation creating pressure accumulation at each level. Framework 2: Validation Economy Dynamics Core concept: Social validation functions as measurable currency with economic properties—scarcity, exchange rates, accumulation, distribution patterns. Mathematical formulation: V(source → target) = I(source_state; target_state) × F(integration_quality) Where: I = mutual information between source and target states F = integration quality factor (environment's ability to receive and respond) For neurodivergent individuals in standard environments: F often negative → Net negative validation currency Validation Poverty: Chronic validation scarcity creates systemic mental health crises, particularly for individuals whose natural expression patterns don’t match environmental preferences. Oscillatory exchange connection: Validation = successful completion of exchange-resolution-circulation cycle. Invalidation = blocked circulation creating pressure accumulation. Framework 3: Agency-Identity-Thought (AIT) Dimensions Three foundational dimensions of all relationships and self-understanding: Agency: Autonomy, self-determination, control over one’s choices and actions Identity: Self-concept, authenticity, understanding of who one is Thought: Reality-testing, perception accuracy, cognitive validation Defensive splitting: Under chronic invalidation, conscious/unconscious splits develop along these dimensions: Agency splitting: Conscious belief in lack of autonomy while unconscious autonomous functioning continues Identity splitting: Conscious self-doubt while unconscious authentic identity persists Thought splitting: Conscious doubt about perception while unconscious accurate assessment continues Oscillatory exchange view: Invalidation blocks circulation in specific dimensions, creating dimension-specific pressure accumulation and forced discharge patterns. Framework 4: Epistemological Trauma Definition: Invalidation of accurate perceptions in sensitive individuals creates injury to fundamental sense of knowing. Mechanism: Level 1: Direct experience (sensory, emotional, cognitive perception) Level 2: Recognition of experience (""I perceive X"") Level 3: Expression of recognition (""X is happening"") Epistemic trauma occurs at Level 2: - Child accurately perceives environmental dysfunction - Caregiver invalidates perception to maintain own defenses - Child learns: ""My perception itself is unreliable"" Developmental pathway: Enhanced sensitivity provides accurate environmental assessment Caregivers with own trauma cannot tolerate accurate perception Child’s perception systematically invalidated Intelligence and perceptual accuracy become sources of fear rather than confidence Defensive beliefs form: “I cannot trust my perception” Oscillatory exchange breakdown: Not just expression blocked, but trust in the preparation phase (perception itself) undermined. Creates meta-level pressure around fundamental epistemic uncertainty. Framework 5: Environmental Systems Analysis Core premise: Mental health emerges from environmental circulation patterns, not individual pathology. System levels: Family systems: Primary diastolic capacity for child development Educational systems: Learning environment receptivity to diverse processing Workplace systems: Professional environment accommodation capacity Community systems: Social network validation patterns Cultural systems: Broader societal acceptance of neurodiversity Assessment metric: System Diastolic Capacity = (Receptivity Range × Response Flexibility × Circulation Efficiency) / Judgment Intensity Healthy systems: High receptivity, flexible responses, efficient circulation, low judgment Pathological systems: Low receptivity, rigid responses, blocked circulation, high judgment Oscillatory exchange view: Each system either enables or blocks information circulation across multiple channels, with cumulative effects on individual mental health. Framework 6: Fear-Love Neurobiological Dynamics Neurobiological substrate: Mutual inhibition between fear system (amygdala-centered) and connection/love system (oxytocin/parasympathetic-mediated). Mathematical formulation: F_total = F_base × (1 + αE[F_future]) / (1 + δL) Where: F_total = total fear experience F_base = current environmental stressors α = future threat anticipation coefficient (0.3-0.6) E[F_future] = expected future fear δ = love system activation coefficient (0.4-0.8) L = love system activation level (0-10) Key insight: Love system activation can reduce fear experience by 40-80%",,,,,Causation; Psychology; CLARITY; Mental health; Information exchange; Perception; Information processing; Psychological intervention; Cognitive psychology; Allostasis; Cognitive science; Social psychology; Information processing theory; Cognitive reframing; Circumstantial evidence; Nexus (standard); Complex adaptive system; Conceptual framework; Conceptualization; Adaptation (eye); Developmental psychology; Adaptive behavior; Balance (ability); Cognition; Psychological resilience; Public health; Adaptability,,,,,https://zenodo.org/doi/10.5281/zenodo.18149880,http://dx.doi.org/10.5281/zenodo.18149880,,10.5281/zenodo.18149880,,,0,,0,true,cc-by,green
091-877-415-256-772,"Neurodiversity, Gender, and Work",2024-11-19,2024,journal article,"Gender, Work & Organization",09686673; 14680432,Wiley,United Kingdom,Sophie Hennekam; Susan M. Hayward; Bettina Lynda Bastian,"Interest in neurodiversity, which encompasses variations in brain function and lifelong differences in cognition and perception (American Psychiatric Association [APA], 2013), is growing in workplace discussions. Both employers and researchers are beginning to recognize neurodiversity and neurodivergent individuals as valuable assets to organizations, offering unique strengths that can significantly benefit them (Austin and Pisano 2017; Bruyère and Colella 2022). Many organizations have launched neurodiversity programs to select, recruit, retain, and support neurodivergent workers and tap into this population (S. Hennekam and Follmer 2024). For example, in 2013, software provider Systems, Applications and Products in data processing (SAP) launched diversity program specifically for neurodivergent individuals called “Autism at Work”. SAP reports a retention rate of 90% among employees with autism. Other examples are Dell's Neurodiversity Hiring Program that provides career readiness training and possible full time career opportunities for neurodivergent job seekers. Additionally, Splunk's Neurodiversity Employee Resource Group that provide community and allies, offer support, mentoring, and networking opportunities. Despite efforts to create a more inclusive workplace and to generate more opportunities in the labor market for neurodivergent individuals, little is known about the relation between neurodiversity, gender, and work. Yet, gender may play a critical role in the way neurodivergent individuals experience and navigate the workplace or labor market. In this commentary we consider neurodiversity as a gendered concept that influences how neurodevelopmental conditions are understood across genders influencing individuals' workplace experiences. This is important as our limited understanding of gender diversity within the neurodivergent population perpetuates inequalities and adverse experiences for these individuals. There are many conditions formally included under the neurodiversity umbrella. These are autism spectrum conditions, attention deficit and hyperactivity disorder (ADHD), specific learning disabilities (such as dyslexia, dysgraphia, and dyscalculia), developmental coordination disorder (DCD; also called dyspraxia), and Tourette's disorder (APA 2013). It is common for neurodevelopmental conditions to co-occur with each other (APA 2013). Others, however, adopt a broader view and argue that all neurological differences such as conditions like bipolar disorder, schizophrenia, giftedness, and epilepsy can or should be included as neurodivergence (Nelson 2021). It has been estimated that one person out of five is neurodivergent (Centers for Disease Control and Prevention 2022; Doyle 2020). The neurodiversity paradigm positions all neurocognitive differences as natural variations that should not be pathologized (Walker 2024). It thus rejects the idea that there is a ‘normal’ or ‘healthy’ type of brain or mind or a ‘right’ style of neurocognitive functioning (Walker 2024). Although all neurocognitive conditions have different behavioral and cognitive indicators, they all relate to differences in how one perceives and experiences the world. For instance, autism is associated with differences in communication, social interaction, repetitive behaviors, and/or restricted interests (APA 2013). Attention deficit and hyperactivity disorder frequently presents in the form of inattentiveness and/or hyperactivity or impulsiveness. Common symptoms of learning disabilities are challenges related to reading (dyslexia), writing (dysgraphia), and numeracy (dyscalculia) but can also involve difficulties to plan and organize, stay focused, and memorize information (APA 2013). Finally, DCD impacts physical coordination and Tourette’s disorder is characterized by involuntary movements and/or sounds (APA 2013). In this commentary we adopt the broad definition of neurodiversity to be inclusive of all neurological differences and community preferences for language. In the labor market, neurodivergent individuals frequently encounter significant challenges such as difficulties with communication, sensory sensitivities, and executive functioning. These challenges can lead to misunderstandings with colleagues and employers (Longmire, Vogus, and Colella 2024) resulting in reduced job opportunities (Hennekam and Follmer in press). Neurodivergent individuals face high rates of unemployment and underemployment (Krzeminska et al. 2019; Ezerins et al. 2024). They often end up in jobs with fewer career development opportunities and lower salaries compared to their neurotypical counterparts (Branicki et al. 2024) and frequently encounter discrimination and negative stereotypes (Khan et al. 2023). Their workplace challenges have been framed against neurotypical norms (Patton 2019). Additionally, most research has focused on the difficulties they face in relation to their neurocognitive differences (Ali, Grabarski, and Baker 2013) positioning them as dysfunctional (Radulski 2022). In alignment with the medical model of disability, disabilities and cognitive differences are depicted as ‘problems’ that need to be fixed or cured (Oliver 1990). It places the burden of one's differences on the individual and focuses on what is wrong (P. Dwyer et al. 2024). This perspective is often rejected by disabled and neurodivergent individuals themselves because it does not consider other factors that contribute to the experience of disability (P. Dwyer et al. 2024). Neurodivergent individuals can find the emphasis on receiving treatment to become more ‘normal’ inappropriate and offensive (P. Dwyer et al. 2024). The medical model of disability has led to a stream of critical disability scholarship in which the focus has been on oppression and social exclusion (Thomas 2006). Rejecting what Foucault termed the “medical gaze” (O'Callaghan 2022), referring to the tendency of medical professionals to reduce individuals to their symptoms or diseases rather than recognizing their full humanity, the social model of disability takes a different approach. The social model posits that disability is the consequence of the ways society is organized, including societal attitudes and environments (Oliver 2013). Removing these barriers would enhance inclusivity and accessibility, by, for example, promoting universal design. Though it is not without its critics (Doyle 2020; P. Dwyer 2022), this perspective is more in line with the neurodiversity paradigm which is the position taken in this commentary. The neurodiversity paradigm aims to change perceptions about neurodivergent individuals by replacing negative stereotypes about neurodivergence (Snyder, Brueggemann, and Garland-Thomson 2022). Instead, it focuses on deficits with a more balanced perspective in which the strengths and skills of neurodivergence are also recognized. The objective is to show society that neurodivergent individuals are full members of society that bring value to organizations (P. Dwyer et al. 2024). These objectives align with the goals of the disability rights movement that equally aimed to enhance inclusion and representation while debunking negative preconceived ideas. The neurodiversity paradigm accounts for intersectionality in that the dynamics that co-exist with neurodivergence include aspects such as gender, class, or ethnicity (Sang, Richards, and Marks 2016; Dobusch 2021; Snyder, Brueggemann, and Garland-Thomson 2022). Gottardello (2023) states that individuals with multiple and partly marginalized identities often face compounded discrimination in organizations that hinders career advancement and workplace inclusion. In this context, the research conducted by Sang, Richards, and Marks (2016) on gender and disability in masculine work environments is pertinent as it shifts the focus from individual impairment to social structures and relations and explains how these shape experiences of concerned individuals. The neurodiversity paradigm accounts for these intersectional experiences. Aligned with the neurodiversity affirming movement we wish to stress the positive aspects of neurodivergence, while we concomitantly acknowledge the challenges neurodivergent individuals experience in the context of work (Nocon, Roestorf, and Menéndez 2022). Indeed, many neurocognitive differences have been associated with positive attributes. Examples are detail orientation and pattern recognition, creativity, critical thinking, entrepreneurialism, and problem solving (Krzeminska et al. 2019; Wiklund, Patzelt, and Dimov 2016). However, scholars also warn for the creation of stereotypes and the stigma for neurodivergent individuals who do not fit these stereotypes (Odegard and Dye 2024). Despite efforts to create a more inclusive workplace and to generate more opportunities for neurodivergent individuals, little is known about the relationship between neurodiversity, gender, and work. Yet, gender may play a critical role in the above-mentioned experiences and challenges in the workplace or labor market (Hayward, Stokes, and McVilly 2022). For example, neurodivergent women may face additional biases related to gendered societal expectations and stereotypes regarding femininity, which can hinder their career advancement compared to neurodivergent men (Mo, Viljoen, and Sharma 2022). The current commentary seeks to promote research that enhances our understanding of the intersection between neurodivergence and gender, aiming to foster inclusive workplaces that cater to diverse needs. Below, we consider that neurodivergence is a gendered concept shaped by gender biases and societal norms. We then outline several key issues or factors related to the gendered nature of neurodivergence. This commentary concludes with avenues to spur research in this area. In this commentary we consider that neurodivergence is a gendered concept, which reflects in a complex interplay of biological, social, and cultural factors that influence how neurodevelopmental conditions are understood across genders. In the following, we outline some factors that lead to and sustain the lack of comprehension of gender diversity in neurodivergence which limits our understanding of gendered workplace experiences of neurodivergent individuals. Although about 15%–20% of the population is neurodivergent (CDCP 2022; Doyle 2020), significant gender disparities exist which tends to favor greater male identification and diagnoses. For example, ADHD is diagnosed more frequently in males than females, with a male-to-female ratio of approximately 3:1 (Hinshaw et al. 2022). The ratio of men to women diagnosed with ADHD in adulthood, however, is much closer to 1:1 (Hinshaw et al. 2022). With regards to ASCs, data reveal a male-to-female ratio of 3.8:1 among children (Maenner 2023) although the diagnostic gender gap is reducing (Russell et al. 2022). Tourette’s disorder has a male-to-female ratio of approximately 3:1 (Garris and Quigg 2021) with females experiencing increased complexity of symptoms and greater tic severity as they age (Baizabal-Carvallo and Jankovic 2023). Equally, ratios regarding diagnosed learning disabilities reveal great discrepancies between boys and girls (Arnett et al. 2017) with boys being diagnosed two to five times more frequently (Daniel and Wang 2023). Research has identified reasons for gender differences in the diagnosis of neurodevelopmental conditions, such as different presentations of symptoms in males and females (Baizabal-Carvallo and Jankovic 2023). Indeed, diagnostic criteria for many neurodevelopmental conditions have been developed using the presentation of these conditions in males which does not always correspond to the way these conditions present in women (Slobodin and Davidovitch 2019; Littman and Wagenberg 2023) or gender-diverse individuals (Adamou, Johnson, and Alty 2018) leading to underdiagnosis and misdiagnosis. Another reason is referral bias as teachers and clinicians refer boys more often for evaluation due to their more noticeable and socially disruptive behaviors (Slobodin and Davidovitch 2019). Women often conceal their difficulties and are more likely to have internalized symptoms such as anxiety (Garris and Quigg 2021). Coping strategies may also be gendered, with masking and camouflaging possibly being used more frequently by girls and women, which serve to cover up symptoms and can delay diagnosis (Littman and Wagenberg 2023; Slobodin and Davidovitch 2019). Neurosexism essentially claims that inert and fixed differences exist between male and female brains that are associated with variations in empathy, language processing, and spatial thinking (Rippon 2016). This perpetuates gendered stereotypes that justify unfavorable differences between men and women and therefore women's ‘unsuitability’ for certain roles (Fine 2010). Neurodivergent women may not conform to gendered societal expectations and norms, while simultaneously not complying with prevailing ableist norms. Consequently, they may face persisting struggles for acceptance, workplace discrimination, and misogyny in the sense that they are punished for perceived violations of patriarchal norms and expectations (Manne 2017). It has been argued that being male and autistic is closer to being male and neurotypical than it is for women (Moore et al. 2022). “It's probably harder for girls with Asperger's in a way […] being a boy with Asperger's you're probably more similar to neurotypical boys whereas an Asperger's girl is different to neurotypical girls” (Tierney, Burns, and Kilbey 2016, p. 77). Similarly, a restless boy who moves a lot is socially more acceptable than a girl behaving in the exact same way. These gendered expectations are deeply ingrained in society and often internalized by its members. In addition, ableist discourses delegitimize gender diversity as they tend to draw on the medical model of disability and therefore put the focus on the deficits and challenges neurodivergent individuals experience, essentially delegitimizing individuals who self-identify as gender non-conforming (Toft, Franklin, and Langley 2020). This also impacts how women and gender-diverse individuals cope with their neurodivergent conditions and perform their gender identities. For instance, some women are more likely to downplay or hide their neurocognitive features to appear neurotypical. Gender-diverse individuals also engaged in a discussion about 'passing' to describe similar strategies (Miller, Nachman, and Wynn 2020). Neurosexism and the derived gendered norms of how men and women are supposed to behave thus seem to incite women to conceal the characteristics of their condition(s) that are socially associated with masculinity. While this helps them to go unnoticed, it simultaneously can prevent them from obtaining workplace accommodations. Many neurodivergent individuals also express diverse gender identities (Gratton et al. 2023). These individuals transgress not only ableist or neurotypical norms, but also gender norms. Research shows that neurodivergent individuals might experience pressure to adhere to neurotypical behavioral standards, resulting in stress and anxiety (Hennekam, Kulkarni, and Beatty 2024). This pressure might be especially pronounced for women and non-binary individuals who often contend with additional societal expectations related to their behavior and roles. Indeed, neurodivergent individuals within Lesbian, Gay, Bisexual, Transgender, Queer and other identities communities accumulate challenges as they already face social marginalization and stigma (Barnett 2024) For example, vulnerability to bullying and harassment (Sandberg, Rosqvist, and Grigorovich 2021), which can engender feelings of social isolation and misconception (Walker 2021) as well as mental health issues (Maroney and Horne 2022). Walker (2021) considers that both neurodiversity and gender diversity should be seen as a spectrum, requiring analytical approaches that transcend traditional binary definitions. In this context, the term ""neuroqueer"" (Yergeau 2018) emerged through discussions in neurodiversity spaces. Neuroqueer serves as both a verb to describe the act of subverting neuro-normativity and heteronormativity, an adjective to characterize related concepts and practices, and as a social identity label for individuals whose identities are shaped by these intersections (Walker 2021). There is some evidence that compared to the general population for some conditions under the neurodiversity umbrella, such as ADHD and autism, these conditions are more prevalent in gender non-conforming individuals (Hayward et al. 2024; Thrower et al. 2020). Yet, we understand little about how neurodevelopmental conditions affect individuals across the gender spectrum. Hayward, McVilly, and Stokes (2020 2024) acknowledged that more research is needed to understand the experiences of neurodivergent people outside the gender binary of men and women. Acknowledging the existence of and greater understanding of these co-occurrences is paramount in providing tailored psycho-social support (Bölte et al. 2023). Common misconceptions assume similarity among neurodivergent individuals in terms behavior, experiences, and talents (Brown and Fisher 2023). For example, dyslexic people are often assumed to have difficulty reading. It is less common to associate dyslexia with executive functioning challenges such as forgetfulness and disorganization (Macdonald 2010). Similarly, the hyperactive/impulsive type of ADHD conforms to the stereotype people have of the condition, while the inattentive type is more easily overlooked (Fresson et al. 2019). Stereotypical portrayals of neurodivergent conditions in films, series, and books reinforce limited and often inaccurate ideas, contributing to the stigma that individuals with these conditions are socially awkward or incapable (Aspler, Harding, and Cascio 2022). There are also very narrow perspectives that often emphasize certain traits while ignoring challenges or other strengths such as genius-level intellect (Loftis 2015). The co-occurrence of neurodivergence as well as its intersection with other marginalized or stigmatized attributes or identities. Research could investigate how multiple forms of neurodivergence intersect with other marginalized identities such as class (Hennekam, Kulkarni, and Beatty 2024) and ethnicity (Lewis and Arday 2023). Understanding these intersections can illuminate the unique experiences of individuals who navigate both neurodivergent and gender-diverse identities in the workplace. Alternative methodologies for inclusive research. There is a pressing need for different methodologies to tap into other forms of knowledge that do not necessarily comply with academic ways of perceiving, interpreting and describing experiences that embrace diverse ways of knowing. More specifically, neuroinclusive research methods that build on participative research principles and actionable research outcomes that benefit the neurodivergent and gender-diverse communities are needed. Examples include collaborative autoethnographies of neurodivergent individuals or diary studies. Collaboration with rather than on neurodivergent individuals can empower this population. Contextually sensitive research in understudied areas in the world. Investigating how different cultures perceive neurodiversity and gender can provide valuable insights into the diverse experiences of individuals globally. For example, many cultures recognize more than two genders, such as the Hijra, a non-binary identity in India or the Muxe community in Mexico who have male sexual characteristics but identify in a variety of ways along the gender continuum (Gonzalez-Salzberg and Perisanidi 2021). Additionally, in Samoa, there are widely socially accepted fa'afafine and fa'atama. The former referring to males who do not identify as men and are another gender distinct from men and women, but they express femineity (Vasey and VanderLaan 2021). Their female counterpart, fa'atama are females who express masculinity (Treagus and Enari 2024). Similarly, neurodivergence is perceived in different ways across the globe. More specifically, in some African countries, neurocognitive differences are seen as a curse, witchcraft, or as being possessed by an evil spirit (Baloyi et al. 2024). These cultural and religious contexts influence the experiences neurodivergent individuals undergo and merit more attention to tailor interventions and support mechanisms. Understanding gender expression through neurodivergent lenses. Neurodivergent gender-diverse individuals are a unique population who could enhance our understanding of the socially constructed nature of gender. Especially autistic individuals who may perceive the pressure of social norms and codes differently or feel unable or unwilling to comply with them (Peachey and Crane 2024). Consequently, they may feel less restraint in terms of their gender expression or identity. They may perceive gender identity in non-neurotypical ways that could shed more light on its fluid, and socially constructed stereotypes and in the workplace. The stereotypes neurodivergence often lead to discrimination and hinder career Research could focus on how these stereotypes specifically affect women and gender-diverse individuals. We scholars and to these critical issues at the intersection of neurodiversity and gender. these we can our understanding and create more inclusive workplaces that recognize and be from",32,5,1715,1721,Work (physics); Psychology; Sociology; Gender studies; Social psychology; Developmental psychology; Mechanical engineering; Engineering,,,,,https://onlinelibrary.wiley.com/doi/pdfdirect/10.1111/gwao.13218 https://doi.org/10.1111/gwao.13218,http://dx.doi.org/10.1111/gwao.13218,,10.1111/gwao.13218,,,0,000-780-341-148-32X; 001-438-693-702-323; 001-879-564-088-826; 004-529-281-276-842; 008-295-486-170-693; 009-478-783-643-264; 012-402-709-841-710; 014-341-361-741-693; 016-100-358-142-02X; 018-156-900-763-930; 018-195-444-280-776; 022-193-295-746-645; 022-887-026-345-129; 024-179-252-364-577; 026-355-795-879-414; 031-892-179-869-479; 032-982-684-232-853; 034-600-343-153-723; 034-954-016-848-796; 036-130-205-613-516; 040-166-377-662-014; 043-499-142-054-051; 046-830-875-109-810; 063-643-345-413-818; 071-662-162-770-111; 073-625-014-649-264; 078-230-267-147-663; 078-734-648-398-465; 082-731-648-129-813; 083-472-229-009-932; 086-523-408-133-177; 086-998-185-255-829; 089-128-019-014-51X; 091-446-324-691-774; 093-747-246-094-334; 093-759-903-485-342; 100-159-643-226-186; 100-171-667-635-04X; 110-830-194-920-711; 120-325-670-678-897; 127-658-064-034-784; 127-926-697-490-219; 128-883-451-550-655; 129-453-681-412-182; 130-378-585-581-275; 131-423-542-523-282; 132-324-366-004-178; 133-583-193-963-68X; 134-785-158-169-968; 134-918-388-674-691; 146-985-623-584-81X; 147-719-719-008-010; 173-450-512-390-965; 175-243-711-701-958; 186-778-995-908-722; 194-995-016-770-354,6,true,cc-by-nc-nd,hybrid
092-735-512-912-439,"""For a Long Time Our Voices have been Hushed"": Using Student Perspectives to Develop Supports for Neurodiverse College Students.",2017-04-18,2017,journal article,Frontiers in psychology,16641078,Frontiers Media SA,Switzerland,Kristen Gillespie-Lynch; Dennis Bublitz; Annemarie Donachie; Vincent Wong; Patricia J. Brooks; Joanne D’Onofrio,"Although the challenges that autistic students face adapting to college are often pronounced, they are similar to the challenges that students with other disabilities face (e.g., difficulties with social interaction, self-advocacy, and executive functioning). However, extant evaluations of services for autistic college students are very limited despite an emerging literature examining supports for college students with a range of other disabilities. Given that many autistic students do not self-identify as autistic in college, and consequently might avoid autism-specific services, autistic students might benefit from services that are designed to support a broad range of neurodiverse students, or services that are structured according to the principles of Universal Design. In order to develop such services, we assessed the self-reported needs of autistic college students and their peers with other disabilities. Guided by needs assessments and feedback from students, we developed and evaluated two semesters of mentor-led group programming for autistic college students and students with other disabilities. The first semester of the program focused on social skills; after receiving feedback from participants, the curriculum for the second semester focused on self-advocacy. Participation in social-skills groups was associated with decreased anxiety and autism symptoms. Participation in self-advocacy groups was associated with increased perceived social support from friends, academic self-efficacy, and more accurate definitions of self-advocacy. This research suggests that supports for neurodiverse college students should be developed with their input and should include opportunities to engage with diverse peers.",8,,544,,Social relation; Psychology; Autism; Social support; Self-advocacy; Needs assessment; Curriculum; Medical education; Applied psychology; Social skills; Universal design,autism; college students; disabilities; self-advocacy; social skills; universal design,,,,http://journal.frontiersin.org/article/10.3389/fpsyg.2017.00544/full https://www.frontiersin.org/articles/10.3389/fpsyg.2017.00544/pdf https://academicworks.cuny.edu/cgi/viewcontent.cgi?article=1146&context=si_pubs https://doi.org/10.3389/fpsyg.2017.00544 https://www.ncbi.nlm.nih.gov/pubmed/28458645 https://www.frontiersin.org/articles/10.3389/fpsyg.2017.00544/full https://academicworks.cuny.edu/si_pubs/135/ https://www.ncbi.nlm.nih.gov/pmc/articles/PMC5394111/ https://pubmed.ncbi.nlm.nih.gov/28458645/ http://doi.org/10.3389/fpsyg.2017.00544,http://dx.doi.org/10.3389/fpsyg.2017.00544,28458645,10.3389/fpsyg.2017.00544,2606961386,PMC5394111,0,003-078-143-901-682; 004-944-781-554-78X; 005-667-693-894-198; 005-849-641-783-821; 006-574-567-740-167; 007-121-233-503-289; 007-478-592-254-917; 008-131-187-474-223; 011-482-837-304-801; 012-917-856-492-007; 013-652-376-421-766; 013-788-791-798-90X; 014-931-462-179-396; 015-593-203-910-348; 015-776-949-897-559; 018-607-799-847-59X; 020-824-681-455-796; 025-434-101-908-33X; 026-576-609-391-124; 031-425-673-031-337; 032-742-754-987-395; 033-076-573-867-153; 033-885-654-619-872; 036-219-292-948-170; 036-259-839-732-848; 037-550-015-414-716; 038-996-278-720-902; 042-039-154-144-907; 043-133-342-744-288; 046-199-576-503-090; 047-248-063-445-15X; 050-320-033-905-882; 053-012-534-262-787; 054-875-654-783-720; 058-915-805-211-754; 062-199-275-095-361; 062-373-059-637-913; 065-469-543-521-07X; 067-965-228-552-55X; 068-297-137-123-253; 073-140-127-753-564; 074-326-183-286-798; 076-230-789-373-307; 083-196-996-322-067; 085-583-178-665-271; 085-661-054-261-444; 093-881-363-206-54X; 103-078-530-229-107; 113-256-892-279-250; 115-564-330-606-966; 119-934-620-554-894; 145-471-173-515-838; 149-956-399-707-892; 167-556-776-587-639; 170-889-104-716-948,82,true,cc-by,gold
097-978-601-257-542,Changes in the diagnosis of autism: how parents and professionals act and react in france.,2013-07-17,2013,journal article,"Culture, medicine and psychiatry",1573076x; 0165005x,Springer Science and Business Media LLC,Netherlands,Brigitte Chamak; Béatrice Bonniau,"The category of autism has undergone huge changes over the past 20 years. This study was undertaken to analyze the changes and how parents have experienced the diagnostic process in France. Data were obtained from in-depth interviews with parents and psychiatrists, and from 248 questionnaires with open-ended questions filled in by parents. We compared the experiences of parents with adult autistic children to those of parents with young autistic children. Progressively earlier age at diagnosis was evidenced. These changes occurred later than in North America and the UK, due to the reluctance of French professionals to adopt the new classifications of diseases which they viewed as undervaluing both the physician's holistic clinical skills, and psychoanalytical interpretations. Parents' experiences and interviews with psychiatrists were analyzed in order to document changes over time in the diagnostic process following tensions between parents and professionals, and intra-professional debates in psychiatry. Our data support the notion that the diagnosis of autism is historically and nationally contingent. The interactions between changes in the diagnostic process, policy, and parental experiences have led to changes in the way autism is defined, understood, and experienced.",37,3,405,426,Psychiatry; Public health; Qualitative research; Cross-cultural studies; Autism; Patient satisfaction; Clinical skills; Age at diagnosis; Child and adolescent psychiatry; Medicine,"autism; parents"" experiences; diagnosis; child psychiatry; France Category: Illness narrative autisme; expérience parentale; diagnostic; France",Adult; Autistic Disorder/diagnosis; Child Psychiatry/standards; Cross-Cultural Comparison; France; Humans; Parents/psychology; Patient Satisfaction; Physician-Patient Relations; Qualitative Research,,,https://hal.archives-ouvertes.fr/halshs-00854648 https://halshs.archives-ouvertes.fr/halshs-00854648/document https://halshs.archives-ouvertes.fr/halshs-00854648 https://europepmc.org/article/MED/23860618 https://link.springer.com/article/10.1007/s11013-013-9323-1 https://www.ncbi.nlm.nih.gov/pubmed/23860618 https://pubmed.ncbi.nlm.nih.gov/23860618/ https://link.springer.com/article/10.1007/s11013-013-9323-1/fulltext.html https://www.researchgate.net/profile/Beatrice_Bonniau/publication/249965854_Changes_in_the_Diagnosis_of_Autism_How_Parents_and_Professionals_Act_and_React_in_France/links/53f30b5a0cf2da87974440e3.pdf?origin=publication_detail https://core.ac.uk/download/pdf/52194819.pdf,http://dx.doi.org/10.1007/s11013-013-9323-1,23860618,10.1007/s11013-013-9323-1,2062105935,,0,000-378-270-062-75X; 000-684-140-729-718; 001-766-334-702-682; 002-564-127-897-377; 002-804-073-704-241; 005-270-728-237-812; 006-603-007-511-710; 007-456-690-070-241; 010-535-421-311-178; 012-949-123-271-633; 013-529-516-253-634; 013-788-791-798-90X; 013-837-326-678-652; 015-025-983-213-184; 015-363-312-089-743; 018-080-891-667-526; 018-667-264-597-330; 019-959-408-672-485; 020-571-209-752-495; 022-478-213-841-139; 022-759-230-229-102; 022-972-801-267-704; 024-068-644-305-646; 024-397-833-160-594; 024-803-010-031-24X; 025-150-818-320-336; 028-031-115-270-026; 029-895-118-848-203; 035-621-904-574-982; 038-227-892-072-048; 038-426-941-998-341; 038-664-875-667-977; 039-253-742-782-293; 039-577-199-925-213; 044-527-863-600-27X; 046-600-165-124-553; 046-676-144-668-253; 046-922-736-107-450; 047-162-057-579-429; 047-368-851-364-20X; 048-334-931-205-971; 049-166-997-861-273; 050-334-513-936-650; 052-927-871-591-492; 058-835-699-958-052; 065-291-359-258-325; 068-615-041-891-46X; 073-637-631-429-636; 073-650-654-753-910; 074-456-528-234-842; 076-065-125-053-128; 076-428-379-907-437; 076-805-276-140-414; 077-960-393-076-964; 080-099-910-529-259; 086-489-965-182-901; 086-619-651-620-14X; 089-098-082-053-496; 089-110-643-220-450; 098-925-169-552-936; 099-233-693-285-589; 102-559-955-295-944; 106-613-209-711-256; 110-938-962-919-487; 117-837-988-692-083; 126-132-756-623-384; 130-397-448-541-270; 134-935-650-569-112; 143-297-271-527-660; 143-389-199-667-586; 146-153-475-186-032; 148-571-180-308-199; 161-336-705-453-606; 164-845-856-767-64X; 166-484-272-786-785; 181-438-724-663-783; 188-585-273-853-274; 192-272-387-717-294; 193-131-172-971-671; 195-345-592-480-736,56,true,,green
098-997-681-819-727,Autism in science - 'through the looking glass' and the role of empathy in the equation.,2022-04-01,2022,journal article,Journal of cell science,14779137; 00219533,The Company of Biologists,United Kingdom,Mariana De Niz,"I was diagnosed with autism around the time I turned 19 years old, back in 2006. The diagnosis brought with it both a sense of relief and a sense of fear. On one hand, I knew at last why I had felt most of my life as an outsider. On the other hand, I knew that great prejudice existed against people with my neurotype. So I decided at that time to remain silent. It would be another 13 years before I shared this diagnosis with anyone.If you have ever read Lewis Carroll's book Alice in Wonderland (or watched any of the movie adaptations), there are many parts where I feel it describes very much the autistic experience (from my point of view). In Tim Burton's film version, Alice begins as a ‘misfit’ in the ‘real’ world, but when she enters Wonderland, everyone still questions whether she is the ‘real’ Alice (and whether she is enough, or whether she is the person they expect), and she spends most of her initial journey trying to convince everyone that she is. Only after much struggle and as she matures within the story, does she eventually reach this dialogue:Alice: From the moment I fell down that rabbit hole I've been told what I must do and who I must be. I've been shrunk, stretched, scratched, and stuffed into a teapot. I've been accused of being Alice and of not being Alice, but this is my dream. I'll decide where it goes from here.Bayard: But if you diverge from the path…Alice: I make the path!I feel I only reached this point in my own life aged 31, once I shared this diagnosis, and saw the huge impact this had for me in my career as a cell biologist and in my personal life.Before I knew I was autistic, my ‘special interests’ had been a lifeline for me. As a young child, I found it very easy to learn new things, and was fascinated by a few (science included). My teachers at the time described me as gifted or extremely talented, but very shy. However, I never understood social interactions, making it a lonely journey – to say the least. Aged 15, I entered an institute that changed my life: this turned out to be the first time in my life where I felt welcome. Most importantly, it was here I realized I could use my ‘special interests’ to build a career as a scientist. Aged 18, I entered university to study a degree in immunology, and again felt that my ‘social’ skills were required, yet barely existent.As I've come to learn more about autism, I realized that among ‘survival’ strategies that many autistic people use, consciously or otherwise, are avoidance and masking. Masking is a term used to describe a behaviour whereby we ‘act’ or ‘wear a mask’ to hide our autistic traits in order to fit in, be better understood, and avoid rejection. As a young adult at university, avoidance was almost impossible, and so, unknowingly, I began masking. Sadly, both of these ‘survival’ methods can cause a lot of damage in a person in the long term. The suicide rate among the autistic population is high. I found ‘masking’ extremely harmful. I sought help and a doctor explored the big picture with me, and eventually tested me and gave a diagnosis of high-functioning autism.For the next 13 years, I enjoyed a wonderful career in science, while still resorting to masking. None of the initiatives of equity, diversity and inclusion I saw during my early career included neurodiversity. This reinforced my view that if there wasn't even awareness of this, I couldn't just be openly autistic and a successful scientist. I thus tried to navigate academia in a different way, and decided to ‘split’ myself into two: ‘the scientist’ and ‘the person’. Successfully separating both, I did my best to show people around me ‘the scientist’ only, and I feel I was valued as such. But at the end of the day, we are not robots, and this ‘split’ took its toll. I suppose I wanted what every person wants – to belong. All the while, I was constantly changing countries, thus leaving anyone I felt even slightly close to behind.Aged 30, I began a postdoc at the Institute of Molecular Medicine in Lisbon, Portugal. While I had hoped to continue being only the ‘scientist’ that previous colleagues and principal investigators seemed to value before, this was unsuccessful in the lab I joined. My principal investigator at the time was Dr Luisa Figueiredo – a world renowned expert in parasitology. The way I ‘the scientist’ communicate was not easily understandable to her, and we failed time and again in discussing science. This eventually became overwhelmingly frustrating.For the second time since my diagnosis 13 years earlier, I again sought help. My doctor convinced me that ‘the view on autism has changed’, and that perhaps the right path would be to share the diagnosis. I was hesitant, but eventually reached the conclusion that if ever I was going to share it, this was the right time. When I shared it, to my surprise, Luisa offered more than anyone else has ever offered in any other program of equity, diversity and inclusion I have known: she wanted to learn more about autism in general; she asked about resources available for her to learn; she asked what an institute could do to better integrate people like me; she wanted to know from me what my challenges were; and she wanted to know how she, herself, could help. This was unique in my career and perhaps in my life. In my experience, many equity, diversity and inclusion programs and initiatives want to be helpful – to women, or minorities, or people with physical disabilities, but fall short in their attempts to reach their aims. It remains a poll, or a statement on a website, or a poster, or a box one ticks without a tangible effect, rather than an honest, human-to-human conversation with compassion and an open mind that aims to ‘change the game’. I think what Luisa showed me is not only what someone neurodiverse would want, but what anyone in any marginalized group would want too.I have readdressed the question originally posed for this essay: “has equity, diversity and/or inclusion shaped your experience as a cell biologist in some way?” to “how has being autistic shaped my experience in cell biology? And what would I change to improve equity, diversity and inclusivity when it comes to autism?”.Being autistic helped me become ‘the scientist’ I am today: my ‘special interests’ and my wish to understand them better are the basis for my career. Beyond that, I can easily recognize patterns in biological data. I have very high dexterity and spatial intelligence, both of which have been pivotal in my career. I have a very high capacity to work in a focused state for a very long time. This is one of the stereotypes commonly shown in film (albeit not always correctly): an autistic person being oblivious of the rest of the world while performing a task that brings them comfort. While a valued trait in science, it still poses its own challenges: the most important being that it can become physically taxing in the long term (my ophthalmologist often complains), and this includes an inability to stop a task to sleep. Finally, I have very high visual and acoustic memory. The first has been key for my career as a microscopist; the second in activities that help my interactions with others, such as learning multiple languages (the ones I find interesting) or playing music.A major challenge for me ‘the scientist’, is that scientists are expected to be excellent communicators. While in writing I have enough time to shape the scientific messages I wish to convey, in speaking I do not – I try very hard though. When I have had colleagues that favour oral communication (and disfavour written), this can be problematic. Equally, science is also about networking – and for someone autistic, this can be overwhelming and exhausting. Virtual meetings have come a long way to make this more manageable. While I've faced other challenges in addition to these, I believe increasing awareness of autism, including communication challenges and needs, and promoting empathy and tolerance, would make it easier to find a compromise.While those have been some of the realities for me ‘the scientist, I ‘the person’ have faced enormous challenges, mostly of two types: physical and social/emotional. I'll touch on a few below, but this is by no means exhaustive. As perhaps do many other autistic people, I have hypersensitivity to sensory stimuli (light, noises, smells, tastes and touch). Sensory stimuli in a lab can be overwhelming, because they are ubiquitous and omnipresent – and painful. Most labs have an immense amount of light; they are full of noises, some of them very strong (including the noises other people don't hear, like electricity everywhere); and they are full of smells – of chemicals or media. A comparison I read for overload sensory stimuli is being hungover. Imagine being hungover, in a room full of bright lights, with the loudest timer in the lab beeping, and an open bottle of β-mercaptoethanol near you. I believe accommodations can be made to diminish this overload. Moreover, better awareness would mean that autistic colleagues can wear protective items without being thought of as ‘exaggerating’.When combined with social/emotional challenges, sensory overload can result in what in autism is known as a meltdown or a shutdown (perhaps the equivalent of the fight or flight/freeze response, respectively). While I try to make sure that when it happens it is only a shutdown, this is not always possible. Most of the social/emotional challenges I have personally faced come from the fact that I have masked for decades and unfortunately this is still expected – but it's a harmful practice. While I have many examples of how masking, together with unfair situations or prejudices I do notice, impacts mental health and daily interactions, suffice to say that added to cultural adaptations (many relying on ‘unsaid’ things), linguistic adaptations (where even simple things may have different meanings in different languages), and the career demands of science, this can easily result in a shutdown (or meltdown). People and institutes can provide better support. Moreover, I believe autism – and the challenges of autistic personnel in science – should be discussed at an institute and at a group level, both to improve support but most importantly, to remove stigma. To do so, the input of autistic scientists should be sought too.Finally, when I shared my diagnosis, most of my friends who knew became an invaluable source of support. I do not always understand what people mean, or how best to communicate a message. My friends help me navigate this: “Was this a joke? What did this person mean?”. I think their support has been game-changing for me, and perhaps is something that could exist within groups to help non-autistic and autistic colleagues to better communicate and understand one another.While science is a very demanding career, to be truly inclusive to all the talented people forming the scientific community, I believe we are all capable of dedicating our time to listen and understand (Fig. 1). I hope that sharing this experience makes science a safer ‘place’ for other autistic scientists who haven't felt comfortable disclosing their diagnosis, or who suspect but ‘fear’ this diagnosis, as well as to young autistic people who wish to become scientists. I hope I have managed to convey to my non-autistic colleagues that perhaps people you know mask or avoid – and suffer in silence, facing challenges you are not aware of. Ultimately, I hope this is a small step towards creating an atmosphere of belonging and tolerance, where neurodiversity can be recognized and valued equally to other forms of diversity.I'd like to thank Joana, Jenny, Sonia and Sara for reading this essay and sharing their opinions with me. Thanks to Luisa Figueiredo for her comments but most importantly, for ‘changing the game’, and to Claudio Franco for his role in making it all work out. Thanks to the friends who have shown me kindness: those who were there long before I made the diagnosis public, and especially to those who unknowingly, saved my life (Gesine, Caro and MC). Thanks to the friends who stood by, and showed me enormous kindness and support before and after knowing I am autistic (Idalio, Sara, Lara, Juan, Ludmilla, Kannan), and to those who have helped me ‘translate’ both ways to facilitate communication (Sara, Idalio, and Aline).The author, Mariana De Niz, is a Human Frontier Science Fellow at Institut Pasteur, Paris, France, and can be contacted at mariana.denizh@gmail.com (Twitter: @mariana_deniz).",135,7,,,Autism; Alice (programming language); Dream; Psychoanalysis; Empathy; Psychology; Aesthetics; Art history; Social psychology; History; Art; Developmental psychology; Psychotherapist,,Autistic Disorder; Empathy; Humans,,,https://journals.biologists.com/jcs/article-pdf/135/7/jcs259976/2139998/jcs259976.pdf https://doi.org/10.1242/jcs.259976,http://dx.doi.org/10.1242/jcs.259976,35411384,10.1242/jcs.259976,,,0,,1,true,,bronze
101-597-008-451-153,"""Why can't you be normal?"": an urgent call for social and institutional inclusivity of neurodivergent scientists in STEM workplaces.",2025-11-19,2025,journal article,mBio,21507511; 21612129,American Society for Microbiology,United States,John Houston Gardiner,"The number of autistic people is growing rapidly. Among other traits, autism results in significantly more rational and objective thought patterns, and thus, neurodivergent students pursue education and employment in STEM fields at higher rates. However, autistic scientists experience discrimination and more career setbacks than neurotypical scientists. Despite the myth of scientific meritocracy, there are pervasive social expectations to ""behave normally"" and ""fit in,"" encouraging the camouflaging of autistic traits, which can contribute to anxiety, depression, and suicidality. The literature is conclusive: it is the obligation not of autistic scientists to change but of their managers, coworkers, administrators, and society to be more inclusive, accommodating, and tolerant of neurodivergent perspectives in work environments.",16,12,e0087325,e0087325,Neurotypical; Autism; Obligation; Public relations; Political science; Work (physics); Mythology; Mainstream; Sociology; Engineering ethics; Psychology; Social issues; Intentionality; Pedagogy; Social change; Higher education; Social science; Inclusion (mineral),autism; conduct of scientific research; neurodiversity; research environments,Humans; Workplace; Autistic Disorder/psychology; Research Personnel/psychology; Science,,,,http://dx.doi.org/10.1128/mbio.00873-25,41258721,10.1128/mbio.00873-25,,PMC12691616,0,000-219-935-318-054; 001-946-737-900-34X; 001-948-371-333-799; 002-441-088-999-409; 002-539-694-134-566; 003-051-059-423-649; 004-313-993-416-521; 005-048-596-327-180; 005-849-641-783-821; 007-183-650-528-173; 007-188-283-333-384; 008-153-371-670-977; 009-049-786-736-479; 010-516-243-637-293; 012-218-154-518-986; 012-398-127-805-649; 013-652-376-421-766; 014-830-090-834-317; 016-029-638-127-749; 016-187-036-849-326; 017-439-018-896-887; 019-049-503-004-087; 019-368-619-096-671; 019-602-837-152-312; 020-502-970-374-704; 021-113-613-673-842; 021-269-716-982-470; 022-998-465-429-190; 024-375-460-744-900; 024-453-757-793-43X; 025-331-390-561-720; 025-539-652-220-524; 026-071-221-991-226; 026-114-880-108-297; 026-710-745-216-413; 029-015-370-178-979; 029-909-045-752-263; 030-182-286-599-299; 031-433-637-850-183; 031-777-970-716-948; 032-106-286-895-424; 032-742-766-625-674; 032-982-684-232-853; 034-004-357-065-942; 036-290-520-869-960; 036-664-281-228-683; 036-900-819-515-222; 038-724-829-619-247; 039-640-060-567-123; 039-813-357-006-338; 040-630-365-789-997; 040-667-623-930-893; 044-780-516-031-278; 046-019-079-267-524; 046-422-250-329-351; 048-453-515-539-501; 049-337-863-389-595; 050-722-025-289-954; 051-980-840-124-361; 052-357-108-047-563; 052-526-044-316-166; 052-596-448-474-498; 054-282-440-396-000; 055-491-239-957-555; 057-810-847-217-524; 058-395-068-339-814; 058-936-607-957-646; 060-793-183-108-638; 062-460-775-764-521; 064-684-925-403-306; 066-055-610-235-580; 066-249-813-569-607; 066-456-894-789-039; 067-091-201-508-298; 069-157-403-966-184; 069-703-794-532-003; 072-894-731-741-134; 074-097-448-219-720; 076-201-099-307-094; 078-723-351-911-906; 080-876-439-910-448; 081-030-427-213-511; 081-919-140-664-741; 082-789-219-575-673; 083-079-720-145-650; 084-907-251-657-772; 085-477-854-041-431; 085-849-560-836-479; 085-889-414-705-506; 087-720-738-123-739; 087-779-676-661-481; 088-378-719-434-326; 092-506-501-025-384; 097-823-967-418-703; 099-160-001-063-404; 100-171-667-635-04X; 101-054-316-308-403; 101-164-912-552-717; 101-199-819-354-329; 103-549-245-597-697; 107-514-338-386-173; 108-974-132-056-404; 111-903-588-034-078; 112-533-744-435-596; 112-911-398-109-995; 113-261-371-656-23X; 115-736-891-453-937; 116-686-569-064-486; 120-367-879-846-340; 130-230-013-711-205; 130-813-664-579-265; 132-183-828-717-521; 138-503-504-588-258; 146-484-193-152-068; 148-480-236-411-109; 152-029-909-087-322; 153-602-527-083-735; 155-306-573-673-548; 158-300-426-428-771; 161-271-125-326-104; 163-839-712-122-407; 171-357-870-140-764; 171-554-363-033-30X; 175-474-099-523-849; 176-736-879-793-456; 179-876-298-296-332; 183-818-603-436-151; 187-264-592-001-788; 192-136-601-094-707; 192-179-967-115-226,0,true,cc-by,gold
105-645-785-796-630,Neurodivergent Mental Health Through Oscillatory Information Exchange,2025-12-07,2025,standard,Zenodo (CERN European Organization for Nuclear Research),,,,Justin Adil Vukelic,"Neurodivergent Mental Health Through Oscillatory Information Exchange: A Multi-Channel Systems Framework Reframing Individual Pathology as Environmental Circulation Dysfunction Abstract This framework integrates oscillatory information exchange theory with neurodivergent lived experience to propose that what we label as mental health pathology often represents normal adaptive responses to environments lacking appropriate multi-channel diastolic capacity. By examining mental health through the lens of environmental receptivity to diverse information processing patterns rather than individual deficits, we can design interventions addressing root causes rather than suppressing adaptive responses. The framework synthesizes six complementary theoretical approaches—Intersectional Psychology, Validation Economy Dynamics, Agency-Identity-Thought dimensions, Epistemic Trauma theory, Environmental Systems Analysis, and Fear-Love neurobiological dynamics—unified through oscillatory exchange mechanisms operating across multiple parallel information channels. I. Foundational Framework and Lived Experience Validation 1.1 Central Insight: Neurology vs. Psychology Core Principle: Understanding neurodivergence (particularly autism) as neurological wiring rather than psychological causation represents essential wisdom that any comprehensive theoretical framework must honor. Critical Distinction: Authentic neurodivergent traits: Fundamental information processing differences requiring environmental accommodation Trauma responses: Adaptive reactions to chronic invalidation requiring healing and environmental change Environmental distortions: Apparent “pathologies” emerging from mismatch between neurology and environment The framework must maintain absolute clarity about what constitutes authentic neurodivergent traits versus defensive adaptations to hostile environments, while recognizing that both require environmental modification rather than individual correction. 1.2 The Sensitivity-Environment Interaction Epistemic Trauma and Intelligence Weaponization: When extreme sensitivity in childhood meets distorted or self-protective parental narratives, internalized confusion around logic and truth develops. When gifted or sensitive children’s accurate perceptions are systematically invalidated by caregivers who need to maintain their own psychological defenses, children learn to doubt their most fundamental capability: their ability to perceive and understand reality accurately. Key insight: These aren’t defective genes—they’re sensitivity genes in invalidating environments. Genetic variations creating enhanced sensitivity encounter environments that cannot accommodate or support those capabilities, leading to adaptive responses that are then pathologized. The Masking Paradox: Support withdrawal occurs because masking works too well. When individuals test as extremely intelligent while years of masking, people-pleasing, confusion, and burnout remain invisible, they are punished for adaptive success. Support withdrawal happens precisely when continued support is most crucial. 1.3 Autism as Neurological Foundation: The Soil Metaphor Central Hypothesis: Autism might be the underlying thread connecting many mental health presentations—not as sole cause, but as misunderstood baseline that becomes distorted by chronic invalidation and trauma. The Soil Metaphor: Autism as neurological “soil” from which other presentations grow when the soil is “ignored, poisoned, or paved over”: Emotional dysregulation in autism mirrors BPD when masking systems collapse under chronic invalidation Intense identity shifts from camouflaging and burnout are mistaken for Bipolar cycling Self-focused communication or difficulty with theory of mind can resemble NPD traits despite completely different neurodevelopmental foundations Enhanced sensitivity and pattern recognition may be pathologized as psychotic symptoms when consensus reality becomes completely invalidating Two-Layer Model: Layer 1 - Autistic Neurology (Substrate): Sensory processing differences Monotropic (deep-focus) processing Direct emotional processing Non-standard communication patterns Enhanced pattern recognition Executive function variations Layer 2 - Environmental Response (What Grows): Accommodating environment → Gifts, strengths, expertise, thriving Invalidating environment → Apparent pathology, distress, dysfunction Critical insight: Same neurological substrate produces radically different outcomes based on environmental diastolic capacity. II. Comprehensive Theoretical Integration 2.1 Six-Framework Synthesis The framework integrates six complementary theoretical approaches, unified through oscillatory information exchange as the common mechanism: Framework 1: Intersectional Psychology (Three-Domain Model) Domains: Intrapsychological: Internal processing systems (cognition, emotion, identity, beliefs) Interpsychological: Social and relational functioning across contexts Extrapsychological: Meaning-making, existential understanding, worldview Integration with oscillatory exchange: Each domain involves multi-channel information exchange with distinct preparation-exchange-resolution-circulation dynamics. Neurodivergent relevance: Neurodivergent traits manifest distinctly across all three domains, with environmental invalidation creating pressure accumulation at each level. Framework 2: Validation Economy Dynamics Core concept: Social validation functions as measurable currency with economic properties—scarcity, exchange rates, accumulation, distribution patterns. Mathematical formulation: V(source → target) = I(source_state; target_state) × F(integration_quality) Where: I = mutual information between source and target states F = integration quality factor (environment's ability to receive and respond) For neurodivergent individuals in standard environments: F often negative → Net negative validation currency Validation Poverty: Chronic validation scarcity creates systemic mental health crises, particularly for individuals whose natural expression patterns don’t match environmental preferences. Oscillatory exchange connection: Validation = successful completion of exchange-resolution-circulation cycle. Invalidation = blocked circulation creating pressure accumulation. Framework 3: Agency-Identity-Thought (AIT) Dimensions Three foundational dimensions of all relationships and self-understanding: Agency: Autonomy, self-determination, control over one’s choices and actions Identity: Self-concept, authenticity, understanding of who one is Thought: Reality-testing, perception accuracy, cognitive validation Defensive splitting: Under chronic invalidation, conscious/unconscious splits develop along these dimensions: Agency splitting: Conscious belief in lack of autonomy while unconscious autonomous functioning continues Identity splitting: Conscious self-doubt while unconscious authentic identity persists Thought splitting: Conscious doubt about perception while unconscious accurate assessment continues Oscillatory exchange view: Invalidation blocks circulation in specific dimensions, creating dimension-specific pressure accumulation and forced discharge patterns. Framework 4: Epistemological Trauma Definition: Invalidation of accurate perceptions in sensitive individuals creates injury to fundamental sense of knowing. Mechanism: Level 1: Direct experience (sensory, emotional, cognitive perception) Level 2: Recognition of experience (""I perceive X"") Level 3: Expression of recognition (""X is happening"") Epistemic trauma occurs at Level 2: - Child accurately perceives environmental dysfunction - Caregiver invalidates perception to maintain own defenses - Child learns: ""My perception itself is unreliable"" Developmental pathway: Enhanced sensitivity provides accurate environmental assessment Caregivers with own trauma cannot tolerate accurate perception Child’s perception systematically invalidated Intelligence and perceptual accuracy become sources of fear rather than confidence Defensive beliefs form: “I cannot trust my perception” Oscillatory exchange breakdown: Not just expression blocked, but trust in the preparation phase (perception itself) undermined. Creates meta-level pressure around fundamental epistemic uncertainty. Framework 5: Environmental Systems Analysis Core premise: Mental health emerges from environmental circulation patterns, not individual pathology. System levels: Family systems: Primary diastolic capacity for child development Educational systems: Learning environment receptivity to diverse processing Workplace systems: Professional environment accommodation capacity Community systems: Social network validation patterns Cultural systems: Broader societal acceptance of neurodiversity Assessment metric: System Diastolic Capacity = (Receptivity Range × Response Flexibility × Circulation Efficiency) / Judgment Intensity Healthy systems: High receptivity, flexible responses, efficient circulation, low judgment Pathological systems: Low receptivity, rigid responses, blocked circulation, high judgment Oscillatory exchange view: Each system either enables or blocks information circulation across multiple channels, with cumulative effects on individual mental health. Framework 6: Fear-Love Neurobiological Dynamics Neurobiological substrate: Mutual inhibition between fear system (amygdala-centered) and connection/love system (oxytocin/parasympathetic-mediated). Mathematical formulation: F_total = F_base × (1 + αE[F_future]) / (1 + δL) Where: F_total = total fear experience F_base = current environmental stressors α = future threat anticipation coefficient (0.3-0.6) E[F_future] = expected future fear δ = love system activation coefficient (0.4-0.8) L = love system activation level (0-10) Key insight: Love system activation can reduce fear experience by 40-80%",,,,,Causation; Psychology; CLARITY; Mental health; Information exchange; Perception; Information processing; Psychological intervention; Cognitive psychology; Allostasis; Cognitive science; Social psychology; Information processing theory; Cognitive reframing; Circumstantial evidence; Nexus (standard); Complex adaptive system; Conceptual framework; Conceptualization; Adaptation (eye); Developmental psychology; Adaptive behavior; Balance (ability); Cognition; Psychological resilience; Public health; Adaptability,,,,,https://zenodo.org/doi/10.5281/zenodo.18149881,http://dx.doi.org/10.5281/zenodo.18149881,,10.5281/zenodo.18149881,,,0,,0,true,cc-by,green
110-957-691-326-99X,"Klerman's ""credo"" reconsidered: neo-Kraepelinianism, Spitzer's views, and what we can learn from the past.",2022-01-11,2022,journal article,World psychiatry : official journal of the World Psychiatric Association (WPA),17238617; 20515545,Wiley,United States,Jerome C Wakefield,"In 1978, G. Klerman published an essay in which he named the then-nascent ""neo-Kraepelinian"" movement and formulated a ""credo"" of nine propositions expressing the movement's essential claims and aspirations. Klerman's essay appeared on the eve of the triumph of neo-Kraepelinian ideas in the DSM-III. However, this diagnostic system has subsequently come under attack, opening the way for competing proposals for the future of psychiatric nosology. To better understand what is at stake, in this paper I provide a close reading and consideration of Klerman's credo in light of the past forty years of research and reflection. The credo is placed in the context of two equally seminal publications in the same year, one by S. Guze, the leading neo-Kraepelinian theorist, and the other by R. Spitzer and J. Endicott, defining mental disorder. The divergences between Spitzer and standard neo-Kraepelinianism are highlighted and argued to be much more important than is generally realized. The analysis of Klerman's credo is also argued to have implications for how to satisfactorily resolve the current nosological ferment in psychiatry. In addition to issues such as creating descriptive syndromal diagnostic criteria, overthrowing psychoanalytic dominance of psychiatry, and making psychiatry more scientific, neo-Kraepelinians were deeply concerned with the conceptual issue of the nature of mental disorder and the defense of psychiatry's medical legitimacy in response to antipsychiatric criticisms. These issues cannot be ignored, and I argue that proposals currently on offer to replace the neo-Kraepelinian system, especially popular proposals to replace it with dimensional measures, fail to adequately address them.",21,1,4,25,Context (archaeology); Legitimacy; Psychoanalysis; Psychology; Epistemology; Political science; Philosophy; Politics; Law; History; Archaeology,DSM-III; Hierarchical Taxonomy of Psychopathology; Klerman's credo; Neo-Kraepelinian movement; R. Spitzer; Research Domain Criteria; antipsychiatry; dimensional approaches; harmful dysfunction; mental disorder,,,,,http://dx.doi.org/10.1002/wps.20942,35015356,10.1002/wps.20942,,PMC8751581,0,000-249-416-753-342; 000-432-803-267-745; 000-541-819-204-258; 000-912-448-158-781; 001-060-317-187-688; 001-062-956-214-127; 001-352-644-369-483; 001-485-889-717-764; 001-591-969-592-462; 002-406-487-137-634; 002-621-294-721-019; 002-697-483-104-520; 002-873-609-352-07X; 003-634-290-284-500; 003-929-455-161-567; 006-289-952-779-794; 009-264-012-069-395; 011-797-761-681-542; 012-047-496-555-812; 012-412-331-876-565; 013-286-222-944-823; 013-848-263-677-559; 014-470-795-716-349; 016-723-650-264-674; 016-995-673-770-210; 017-390-020-074-888; 017-752-336-252-738; 018-084-619-390-730; 018-383-484-737-142; 019-280-070-411-016; 019-392-238-561-787; 020-619-334-950-976; 020-938-241-374-138; 021-030-602-322-12X; 021-476-704-744-039; 021-489-438-911-342; 022-237-243-679-681; 022-763-988-489-938; 023-274-102-262-654; 024-638-386-993-15X; 025-007-123-108-599; 025-537-494-731-687; 026-522-105-803-451; 026-630-865-674-769; 026-904-174-449-306; 027-625-230-573-948; 029-678-044-749-278; 030-339-438-027-12X; 030-952-996-231-139; 031-934-176-505-963; 032-603-318-355-826; 033-308-348-084-611; 033-914-034-924-198; 034-596-588-129-423; 036-578-276-833-538; 037-548-319-206-93X; 038-608-712-194-89X; 040-790-298-240-074; 044-466-512-809-710; 045-426-212-087-330; 045-808-493-612-544; 047-452-314-420-87X; 048-042-748-820-613; 048-379-559-387-543; 048-474-192-477-07X; 049-477-016-140-03X; 050-378-988-566-109; 051-164-885-134-912; 053-237-332-263-068; 054-648-296-887-756; 055-644-930-517-196; 056-563-716-205-476; 057-381-825-029-538; 058-229-186-837-730; 059-318-556-115-745; 059-543-758-558-369; 060-036-347-460-200; 062-930-365-883-986; 063-709-251-386-256; 064-314-965-605-019; 066-367-027-397-948; 066-583-581-328-620; 069-125-017-777-565; 069-404-678-258-369; 072-909-501-445-953; 076-888-883-564-100; 077-529-454-884-992; 079-428-878-604-317; 081-347-364-209-114; 082-648-597-656-674; 083-700-962-359-697; 085-753-624-418-393; 085-953-922-103-169; 086-613-719-808-935; 089-216-088-098-809; 092-533-858-137-868; 093-392-162-429-459; 094-188-992-456-18X; 094-816-302-478-248; 097-527-470-838-327; 099-100-267-350-633; 099-351-079-810-141; 099-463-018-015-79X; 104-538-613-739-525; 104-844-449-221-374; 106-835-912-982-57X; 107-283-171-745-684; 107-986-839-984-003; 108-999-395-346-586; 112-542-209-838-38X; 112-686-616-045-478; 115-224-492-154-56X; 118-087-854-808-825; 119-683-451-487-374; 121-150-064-943-173; 121-898-760-558-674; 125-017-864-771-042; 126-045-484-746-122; 128-247-104-515-743; 132-284-857-365-345; 134-331-554-994-998; 141-315-582-042-533; 142-946-454-089-844; 147-971-370-638-718; 151-439-512-628-069; 159-698-672-168-150; 164-677-933-230-441,29,true,,green
111-952-633-492-731,Invisible social identity in the workplace,2020-01-01,2020,dissertation,,,Northeastern University Library,,Debra J. Leven,"This dissertation explored the stories of choice around disclosure in the workplace, for autistic adults. To date, there is relatively little research on the process of workplace disclosure of invisible identities, such as Asperger Syndrome (AS) or Autism (ASD) (Johnson &amp; Joshi, 2014). While early studies have shown disclosure and supported employment increase the rate of employment, job level, volume of productive time, and wage rate for adults with AS/ASD (Howlin, Alcock, &amp; Burkin, 2005; Mawhood &amp; Howlin, 1999), autistic adults have been found to keep their identity a secret due to perceived potential risks of disclosure (Brownlow, 2010; Krieger, Kinebanian, Prodinger, &amp; Heigl, 2010; Morris, Begel, &amp; Wiedermann, 2015; Rebholz, 2012; Van Wieren, Reid, &amp; McMahon, 2008), attempting to manage their work environment without accommodations. To explore the stories of choice around disclosure, this research utilized The Conceptual Model of the Decision to Pass or Reveal (Clair, Beatty &amp; MacLean, 2005), as the primary theoretical framework. Routed in Identity Theory (Haslam, Jetten, Postmes &amp; Haslam, 2009; Tajfel &amp; Turner, 1985), specific to invisible social identities (Olney &amp; Brockelman, 2003; Tsui &amp; Gutek, 1999; Watson, 2002), this model described a process through which individuals assess the benefits and risks of identity disclosure in the workplace. Clair, Beatty, and MacLean (2005) posit an individual's choice to disclose is influenced by 1) an individual's awareness and sense of self with regard to their diagnosis, 2) an individual's past experiences with disclosing their identity, and 3) an individual's awareness of their workplace environment. To engage in an understanding of the experience of choice, a narrative inquiry approach was utilized in this study. 10 autistic adults, above the age of 21, either currently employed or previously employment in a professional setting were interviewed. During the interview, the participants shared stories about their awareness and sense of self with regard to their diagnosis, discussing past experiences with their families and in school, current experiences within the workplace, and future hopes around employment. Analysis of their stories identified six themes influencing their choice around disclosure. The research supported the influences as identified by Clair, Beatty and MacLean (2005), while also highlighting some new influences. In line with Clair, Beatty &amp; MacLean (2005), the conducted research identified the following six categories of influences on the decision to disclose in the workplace: (a) coming to terms with a diagnosis, (b) identity development with regard to diagnosis, (c) previous experiences with identity management, (d) experiences requesting and receiving supports, (e) management of self-esteem, and (f) experiences with employment. The additional influences were subthemes found in the category of individual differences, and the category of past experiences. The subthemes found in the category of individual differences included identity acceptance, access to positive role models, and self-care skills. The subthemes found in the category of part experiences included past experiences requesting and receiving supports from family, school, friends, and professional agencies. Concluding statements suggested: (1) identity matters to autistic individuals, (2) removing stigma at every age is crucial, (3) a late diagnosis can be empowering, (4) maintaining a positive self-esteem is crucial, (5) prior experiences linger, (6) access to positive autistic role models is critical, and (7) respectful work environments matter. These findings reinforced the need for autistic individuals to be treated respectfully, at every point in their lives, to ensure they maintain positive self-esteem. Positive self-esteem influences identity acceptance, which influences identity disclosure in the workplace.",,,,,Identity (music); Psychology; Social psychology; Social identity theory; Social group; Art; Aesthetics,Asperger Syndrome (AS)  Autism (ASD)  disclosure model  invisible identity  self-esteem  self-care  supportive workplace  workplace disclosure SC  Some College; A  Associates Degree  C  College Degree; AD  Advanced Degree; DC  Doctoral Candidate. Weights  Gaiam Ball Chair  Yoga  Mindfulness Challenge/Early Years  Challenges/School  Challenges/Work  Challenges/Autism Emotions/Various  Family Stress Depression  Melt Downs  Financial Struggles  Loneliness Negative Self-esteem Opportunities  Job search strategies  Assistance making connections  Unemployment  Interviews Challenges/ various  Communication  Feedback  Accommodations  Growth  Ideal Work Environment  Inclusion/Diversity  Equity Industry choice  Training  Underemployment  Distrust of HR  Work Culture Asking for Supports  Headphones  Lights  Quiet WorkSpace  Flexible work hours  Clear Communication  Hyperfocusing   Positive Reinforcement  Coping Strategies  Ideal Manager  Positive Manager  Self-Directed Work  Flexible Work  Goal Driven Work Manager supports  Coworkers  Limited Opportunities,,,,https://repository.library.northeastern.edu/files/neu:m0463814c/fulltext.pdf https://doi.org/10.17760/d20361062,http://dx.doi.org/10.17760/d20361062,,10.17760/d20361062,,,0,,2,true,,gold
113-002-449-694-337,Finding more constructive ways forward in the debate over vaccines with increased disability cultural competence.,2022-04-29,2022,journal article,Medical humanities,14734265; 1468215x,BMJ,United Kingdom,Carolin Ahlvik-Harju,"The aim of this article is to study the discursive construction of disability that takes place in the vaccine-autism controversy from the 1990s to 2000s, and an attempt to develop a more holistic framework to understand vaccine decisions and their motivations. It is argued that the debate over vaccines produces knowledge and meanings about disability, and that the vaccine-autism controversy is kept alive largely because of how it reproduces stigmatising accounts of disability and autism. The suggestion is that if the stigmatising elements of disability were removed in the debate over vaccines, there would be no controversy to keep alive in the broader vaccine debate. Hence, this article is an attempt to increase disability cultural competence in the media and among health authorities and health professionals and therethrough broaden the shared understanding of what it means to be or become disabled. By investigating the driving forces for past vaccine controversies, the goal is to find more constructive ways forward in present day and future debates over vaccines.",49,1,9,16,Autism; Constructive; Competence (human resources); Psychology; Disability studies; Sociology; Developmental psychology; Social psychology; Gender studies; Operating system; Process (computing); Computer science,medical ethics/bioethics; medical humanities; philosophy of medicine/health care; public health; science communication,Humans; Bioethics; Cultural Competency; Persons with Disabilities; Vaccines,Vaccines,Academy of Finland,https://mh.bmj.com/content/medhum/early/2022/04/28/medhum-2021-012342.full.pdf https://doi.org/10.1136/medhum-2021-012342,http://dx.doi.org/10.1136/medhum-2021-012342,35487682,10.1136/medhum-2021-012342,,PMC9985754,0,000-118-214-593-90X; 000-469-271-189-916; 002-143-596-278-450; 006-484-848-117-962; 009-799-607-914-261; 011-716-686-454-827; 016-762-136-486-399; 017-465-688-382-171; 017-660-776-948-60X; 025-256-656-525-261; 026-581-975-258-696; 028-491-422-320-887; 032-662-134-688-132; 045-088-600-903-257; 053-392-616-967-681; 058-119-447-240-266; 059-873-773-607-108; 062-749-972-579-98X; 063-812-153-614-505; 073-470-253-683-693; 081-114-026-042-051; 081-758-813-478-309; 085-583-178-665-271; 099-896-301-183-127; 109-930-708-096-794; 117-769-561-530-737; 120-255-899-727-190; 125-642-399-794-057; 126-043-644-118-848; 127-518-499-445-625; 131-100-842-072-237; 132-299-806-330-697; 143-610-766-557-499; 146-508-280-960-104; 159-628-299-100-049,0,true,cc-by,hybrid
114-148-037-373-551,"""Just be careful"": Sexual Desire and Autism in YA Novels",2022-11-02,2022,journal article,The International Journal of Young Adult Literature,26345277,Fincham Press,,Audrey Coussy,"<p class=""first-line-indent-western"">The past two decades have witnessed a rise in the number of autistic characters in YA literature, particularly autistic protagonists. In line with progress made by researchers and the self-advocacy from organizations and activists that have brought nuance in our understanding of autism, YA novels are offering more diverse representation of the spectrum, even if there is still room for improvement – for instance, the inclusion of more non-white autistic characters, non-binary people, and queer love stories. Autistic characters are now romantic leads in their own rights, and authors explore the way they experience sexual desire and sexuality through their neurodifference (e.g., the need to accommodate their heightened sensory sensitivities). Their desirability is also underlined through the loving eyes of their love interests, sometimes in the form of alternating narratives. All this counters the societal tendency to desexualize autistic people, and disabled people in general. This article explores how desire emerges from a mix of alterity and kinship in my primary corpus: all the love interests are neurotypical and they recognize the differences of the autistic characters while also sharing some of their special interests and feeling out of step with the world. It also considers how authors make use of autistic traits, such as sensory hypersensitivities and doing extensive research on topics of interest, to invite readers to take their time and be well informed when it comes to sexual intimacy.",3,1,1,1,Neurotypical; Psychology; Autism; Feeling; Narrative; Human sexuality; Inclusion (mineral); Queer; Aesthetics; Social psychology; Gender studies; Psychoanalysis; Developmental psychology; Sociology; Autism spectrum disorder; Literature; Art,,,,,http://www.ijyal.ac.uk/articles/10.24877/IJYAL.79/galley/299/download/ https://doi.org/10.24877/ijyal.79,http://dx.doi.org/10.24877/ijyal.79,,10.24877/ijyal.79,,,0,,2,true,cc-by,gold
116-372-668-664-450,Can sharing education between home and school benefit the child with autism,,,dissertation,,,Sheffield Hallam University,,Clare Lawrence,"This qualitative research exploration uses interpretative phenomenological analysis of case studies to investigate the diversity and congruity of the lived experiences of families sharing education between home and school for children with autism. Using semi-structured interview and follow-up questionnaire it examines the perspectives of five mothers, and includes further input from wider family members and professionals.; ; Findings are presented as idiographic cases, examined through the ‘lens’ of nine research propositions to have emerged through the researcher’s complete-member orientation, and further presented in cross-case synthesis under three super-ordinate themes to have emerged: that shared education is a response to need; that it is a response to both perceived positives and perceived negatives in the school experience; and that it is used by parents as a ‘bridge’. Findings are considered in the light of similar studies (Kidd and Kaczmarek, 2010; Hurlbutt, 2011) into the experience of parents home-educating their children with autism, together with a study (McDonald and Lopes, 2014) into parents sharing the education of their autistic children between home and the Schools of Isolated and Distance Education in Western Australia.; ; Findings suggest that there is considerable agreement on the challenges faced by the child with autism in school, on the parents’ motivations for intervening and on the parents' endorsement of the literature-supported report on the importance of parental involvement in a child's education. Participants agree that sharing education between home and school can lead to benefit for their child, although the heterogeneity of the autistic population and the diversity of individual participant circumstances lead to a lack of congruity as to the form that this benefit may take.",,,,,Interpretative phenomenological analysis; Developmental psychology; Psychology; Nomothetic and idiographic; Qualitative research; Autism; Diversity (politics); Population; Lived experience; Distance education; Social psychology,,,,,https://shura.shu.ac.uk/16597/ https://bgro.repository.guildhe.ac.uk/id/eprint/267/ https://ethos.bl.uk/OrderDetails.do?uin=uk.bl.ethos.722845 http://bgro.collections.crest.ac.uk/267/ https://core.ac.uk/download/pdf/96709609.pdf,http://dx.doi.org/10.7190/shu-thesis-00030,,10.7190/shu-thesis-00030,2751906747,,0,000-760-308-483-152; 001-835-327-388-345; 001-979-006-105-108; 002-718-607-506-231; 003-771-976-546-836; 004-508-560-908-977; 005-283-299-672-033; 005-307-138-385-387; 005-639-246-093-200; 005-894-011-085-212; 005-941-462-513-465; 007-568-019-614-472; 009-406-361-873-219; 010-027-967-887-346; 011-839-177-352-005; 012-038-412-072-684; 014-885-244-183-149; 014-939-097-509-76X; 015-764-244-026-43X; 015-888-904-016-857; 015-909-953-717-385; 016-022-995-569-279; 016-296-438-142-473; 016-807-216-535-142; 019-880-681-710-073; 021-935-837-109-59X; 022-830-665-719-396; 023-230-431-075-089; 024-068-759-797-900; 025-395-549-921-744; 025-803-894-139-729; 026-800-374-789-261; 027-285-405-779-449; 027-372-124-161-592; 028-081-260-387-146; 029-117-597-685-884; 029-895-118-848-203; 030-524-774-290-44X; 030-627-591-156-725; 030-996-649-252-300; 031-399-146-498-422; 034-656-485-387-704; 036-387-230-461-327; 036-453-950-686-447; 036-875-343-531-144; 037-303-138-420-210; 038-405-393-064-296; 039-613-915-068-802; 040-947-615-843-892; 041-019-291-188-864; 042-948-358-443-659; 044-401-301-230-103; 045-756-043-934-149; 045-763-785-285-083; 046-885-769-120-299; 048-180-130-520-817; 048-500-563-293-752; 049-298-459-454-595; 049-547-543-915-985; 049-617-520-087-946; 049-944-113-176-667; 050-261-060-947-167; 050-869-546-723-53X; 051-673-537-338-56X; 054-074-326-892-901; 054-541-627-333-96X; 055-214-995-958-355; 055-341-706-908-143; 058-282-963-186-104; 058-453-595-695-645; 058-915-805-211-754; 060-517-205-244-833; 060-687-321-685-523; 060-992-581-590-070; 062-058-346-191-360; 062-295-783-845-181; 062-362-242-435-267; 063-538-806-275-960; 063-581-946-825-585; 064-750-295-317-579; 065-753-972-653-554; 067-362-193-816-064; 068-809-804-054-658; 069-824-662-057-395; 069-875-027-423-122; 071-748-983-986-697; 072-210-628-251-137; 072-732-800-332-288; 075-168-840-155-778; 075-179-507-142-520; 075-559-002-727-018; 075-971-542-006-822; 076-468-787-859-936; 076-987-331-617-415; 078-042-000-907-282; 080-039-000-092-356; 080-624-722-150-877; 081-567-361-068-189; 081-580-301-925-851; 081-774-234-233-585; 082-241-440-995-614; 083-425-701-230-541; 084-487-152-333-045; 084-836-310-644-977; 085-583-178-665-271; 085-629-602-773-417; 088-089-686-821-459; 091-446-324-691-774; 091-599-304-089-927; 093-348-254-946-850; 094-600-995-842-82X; 095-708-553-230-771; 097-231-653-592-187; 098-344-019-567-950; 101-880-808-113-64X; 102-132-441-347-820; 102-522-540-131-156; 102-676-954-862-305; 103-408-558-518-487; 104-117-385-805-096; 107-790-538-621-343; 107-857-059-170-438; 110-064-141-758-722; 110-968-657-601-39X; 111-354-357-471-781; 111-709-968-888-690; 111-780-267-738-755; 115-158-059-857-501; 115-532-304-539-361; 119-749-360-142-054; 120-082-323-363-299; 121-394-960-426-634; 124-081-950-218-219; 125-160-589-329-947; 127-074-754-298-69X; 127-393-280-760-181; 132-464-497-884-587; 132-982-384-176-226; 134-655-927-241-042; 135-000-380-315-368; 135-595-212-014-836; 140-760-318-639-030; 143-389-199-667-586; 144-042-988-199-782; 145-937-455-418-691; 147-317-125-758-090; 148-986-202-502-780; 150-606-503-332-628; 150-913-047-992-779; 151-835-366-982-426; 151-932-955-242-236; 156-976-583-259-593; 164-015-014-897-517; 165-365-166-588-007; 167-556-776-587-639; 169-099-598-806-561; 173-204-293-542-469; 173-302-479-464-63X; 175-658-759-454-460; 181-425-778-108-491; 182-961-416-467-361; 188-396-652-698-275; 196-760-367-925-609; 197-081-547-567-433,2,true,cc-by-nc-nd,hybrid
117-156-328-296-057,Formal Versus Self-Identified Neurodivergence: A Comparative Study in Work Environments.,2025-03-25,2025,journal article,"Behavioral sciences (Basel, Switzerland)",2076328x,,Switzerland,Jan van Rijswijk; Petru Lucian Curșeu,"This study investigated the added value of using self-identification of neurodivergence next to formal diagnosis in predicting cognitive differences. We collected and analyzed data from neurodivergent and neurotypical employees in a sample of 357 participants in 19 organizations across seven industries. Our results are aligned with previous results that support a systematic information processing tendency in highly gifted and autistic employees and decision impulsiveness in those with ADHD and ADD. Supporting previous findings, our results show different cognitive profiles of dyslexia and dyscalculia. Finally, our results show that self-identified neurodivergence adds to the predictive value of formally diagnosed conditions and that in empirical organizational research, self-identified neurodivergence is sufficient to capture the cognitive differentiation tied to neurodivergence.",15,4,420,420,Neurotypical; Cognition; Dyslexia; Psychology; Value (mathematics); Sample (material); Identification (biology); Empirical research; Cognitive psychology; Developmental psychology; Computer science; Autism; Machine learning; Reading (process); Autism spectrum disorder; Chromatography; Law; Philosophy; Chemistry; Neuroscience; Political science; Botany; Epistemology; Biology,cognitive styles; decision-making styles; neurodivergence; rationality; self-awareness; self-identification,,,,https://www.mdpi.com/2076-328X/15/4/420/pdf?version=1742913742 https://doi.org/10.3390/bs15040420,http://dx.doi.org/10.3390/bs15040420,40282042,10.3390/bs15040420,,PMC12024047,0,007-188-283-333-384; 012-297-662-570-770; 015-700-524-655-393; 017-682-451-999-06X; 022-887-026-345-129; 025-025-066-356-228; 031-050-001-659-393; 032-849-025-890-833; 034-319-794-069-059; 036-661-180-510-221; 041-797-267-699-905; 044-746-026-565-577; 045-935-212-773-547; 049-602-286-010-622; 052-208-370-078-606; 055-807-088-113-125; 057-589-761-570-634; 057-886-368-894-481; 066-762-749-533-50X; 075-807-807-377-799; 077-230-446-983-329; 078-230-267-147-663; 080-843-239-513-076; 089-026-677-910-36X; 104-305-680-138-976; 136-396-145-105-344; 141-886-986-467-916; 153-447-618-729-16X; 191-226-039-565-964,5,true,cc-by,gold
117-188-277-328-026,Bridging the Empathy Gap,2016-04-29,2016,dissertation,,,University of Szeged,,Péter Kristóf Makai,"and my first academic paper, respectively. They have given me confidence",,,,,Bridging (networking); Empathy; Psychology; Computer science; Social psychology; Computer security,,,,,http://doktori.bibl.u-szeged.hu/2876/1/MPK%20-%20Dissertation%20-%20FINAL.pdf https://doi.org/10.14232/phd.2876,http://dx.doi.org/10.14232/phd.2876,,10.14232/phd.2876,,,0,,0,true,other-oa,gold
117-392-905-946-844,John Dewey’s educational theory and educational implications of Howard Gardner’s multiple intelligences theory,,2016,journal article,"International Journal of Cognitive Research in Science, Engineering and Education",2334847x; 23348496,FSFEI HE Don State Technical University,Serbia,Elena Achkovska Leshkovska; Suzana Miovska Spaseva,"Since 1983, when Howard Gardner published his theory of multiple intelligences, educators have begun to incorporate this new model into school programs. However, the idea of multimodal teaching is hardly a new concept. Many pioneers of modern education, such as: J. J. Rousseau, J.H. Pestalozzi, M. Montessory, J. Dewey, suggested educational models that oppose uniformity and predominantly verbal teaching. The aim of the research presented in this paper is to identify and compare compatible elements of educational ideas of John Dewey and Howard Gardner. The research is based on historical-comparative method and content analysis technique and is focused on exploring three key elements of intersection: curriculum, methods of teaching and learning, and teachers' role. Regarding the curriculum, both authors prefer integrated and thematic curriculum based on real-life context. They also agree on student-centred teaching where implementation of variety of active methods of learning will give opportunity to students to express their specific identity. Teacher's role in both concepts is to link students' personal experiences and characteristics to the material being studied and to the school life in general. The findings imply that educational implications of Gardner's theory can be considered as a continuation of Dewey's progressive vision of classroom teaching and school organization.",4,2,57,66,Sociology; Mathematics education; Content analysis; Theory of multiple intelligences; Pedagogy; Identity (social science); Context (language use); Education theory; Personal experience; Curriculum; Teaching method,alk; paper) 1; Teaching; Cognitive styles; Learning; Multiple intelligences; Association for Supervision and Curriculum Development; II; Title,,,,https://scindeks.ceon.rs/article.aspx?artid=2334-847X1602057A https://cyberleninka.ru/article/v/john-dewey-s-educational-theory-and-educational-implications-of-howard-gardner-s-multiple-intelligences-theory https://dialnet.unirioja.es/descarga/articulo/5763509.pdf https://www.airitilibrary.com/Publication/alDetailedMesh?DocID=P20160218003-201612-201702100063-201702100063-57-66 https://cyberleninka.ru/article/n/john-dewey-s-educational-theory-and-educational-implications-of-howard-gardner-s-multiple-intelligences-theory https://dialnet.unirioja.es/servlet/articulo?codigo=5763509 https://www.ceeol.com/search/article-detail?id=524141 https://www.mendeley.com/catalogue/fd9b6023-c887-383f-968c-6bf7b889219e/ https://scindeks-clanci.ceon.rs/data/pdf/2334-847X/2016/2334-847X1602057A.pdf https://core.ac.uk/download/pdf/267069475.pdf,http://dx.doi.org/10.5937/ijcrsee1602057a,,10.5937/ijcrsee1602057a,2567446631,,0,,11,true,cc-by-nc-nd,gold
120-421-824-449-238,Characterizing Creative Thinking and Creative Achievements in Relation to Symptoms of Attention-Deficit/Hyperactivity Disorder and Autism Spectrum Disorder.,2022-07-01,2022,journal article,Frontiers in psychiatry,16640640,Frontiers Media SA,Switzerland,Marije Stolte; Victoria Trindade-Pons; Priscilla Vlaming; Babette Jakobi; Barbara Franke; Evelyn H Kroesbergen; Matthijs Baas; Martine Hoogman,"Previous research on ADHD and ASD has mainly focused on the deficits associated with these conditions, but there is also evidence for strengths. Unfortunately, our understanding of potential strengths in neurodevelopmental conditions is limited. One particular strength, creativity, has been associated with both ADHD and ASD. However, the distinct presentations of both conditions beg the question whether ADHD and ASD associate with the same or different aspects of creativity. Therefore, the current study investigated the links between ADHD and ASD symptoms, creative thinking abilities, and creative achievements. To investigate the spectrum of ADHD and ASD symptoms, self-reported ADHD and ASD symptoms, convergent (Remote Associations Test) and divergent thinking (Alternative Uses Task) and creative achievements (Creative Achievement Questionnaire) were assessed in a self-reportedly healthy sample of adults (<i>n</i> = 470). We performed correlation analysis to investigate the relation between ADHD/ASD symptoms and creativity measures. In a second phase of analysis, data from an adult ADHD case-control study (<i>n</i> = 151) were added to investigate the association between ADHD symptoms and divergent thinking in individuals with and without a diagnosis of ADHD. Our analysis revealed that having more ADHD symptoms in the general population was associated with higher scores on all the outcome measures for divergent thinking (fluency, flexibility, and originality), but not for convergent thinking. Individuals with an ADHD diagnosis in the case-control sample also scored higher on measures of divergent thinking. Combining data of the population based and case-control studies showed that ADHD symptoms predict divergent thinking up to a certain level of symptoms. No significant associations were found between the total number of ASD symptoms and any of the creativity measures. However, explorative analyses showed interesting links between the ASD subdomains of problems with imagination and symptoms that relate to social difficulties. Our findings showed a link between ADHD symptoms and divergent thinking abilities that plateaus in the clinical spectrum of symptoms. For ASD symptoms, no relation was found with creativity measures. Increasing the knowledge about positive phenotypes associated with neurodevelopmental conditions and their symptom dimensions might aid psychoeducation, decrease stigmatization and improve quality of life of individuals living with such conditions.",13,,909202,909202,Autism spectrum disorder; Attention deficit hyperactivity disorder; Psychology; Attention deficit; Attention deficit disorder; Relation (database); Developmental psychology; Psychiatry; Autism; Cognitive psychology; Clinical psychology; Computer science; Database,ADHD; ASD; Creative Achievement Questionnaire (CAQ); convergent thinking; creativity; divergent thinking; neurodevelopmental disorders (NDDs),,,Nederlandse Organisatie voor Wetenschappelijk Onderzoek; Nederlandse Organisatie voor Wetenschappelijk Onderzoek; Nederlandse Organisatie voor Wetenschappelijk Onderzoek; National Institutes of Health; FP7 Health; FP7 Health; FP7 Health; FP7 Health; Horizon 2020 Framework Programme; Horizon 2020 Framework Programme; European College of Neuropsychopharmacology,,http://dx.doi.org/10.3389/fpsyt.2022.909202,35845437,10.3389/fpsyt.2022.909202,,PMC9283685,0,000-123-732-549-673; 002-071-789-074-526; 002-909-990-750-30X; 002-981-023-609-77X; 003-218-308-775-111; 003-359-375-193-882; 003-389-702-206-474; 003-512-821-072-908; 006-230-023-484-506; 006-512-384-458-683; 006-514-899-118-564; 008-223-552-509-577; 008-909-510-959-883; 010-589-591-121-530; 011-329-087-518-93X; 012-116-767-558-449; 013-283-501-482-293; 013-343-514-655-415; 013-447-024-760-841; 013-516-926-702-452; 013-970-187-577-167; 015-629-178-731-402; 015-736-612-167-300; 016-160-883-946-012; 016-171-881-521-153; 017-059-496-171-333; 019-717-144-368-09X; 020-377-476-138-124; 020-567-184-780-323; 021-734-708-471-663; 023-426-613-191-704; 024-210-465-144-968; 024-277-885-701-640; 024-846-744-861-373; 026-001-356-618-45X; 027-636-651-776-587; 028-698-032-876-685; 029-023-295-509-749; 029-098-009-544-778; 029-524-253-296-242; 030-411-321-553-883; 031-433-637-850-183; 032-035-878-003-586; 032-097-597-060-588; 032-496-155-761-908; 034-260-944-999-443; 034-611-650-183-432; 034-694-807-463-077; 036-218-265-971-637; 037-172-410-368-355; 037-211-833-776-077; 038-133-504-916-96X; 038-344-235-765-875; 038-660-330-019-306; 039-445-519-756-988; 041-342-655-422-739; 042-897-689-334-409; 043-713-328-158-136; 044-083-902-972-099; 047-203-003-219-952; 047-373-773-866-920; 048-232-806-633-62X; 054-191-359-146-385; 054-277-591-621-571; 054-464-602-538-129; 056-943-681-779-967; 058-119-291-184-957; 058-497-138-888-761; 058-723-487-207-170; 059-303-327-018-931; 059-765-595-953-260; 060-511-835-453-085; 061-667-022-476-754; 061-818-608-996-656; 064-580-416-183-847; 064-755-474-629-853; 064-757-414-503-086; 065-670-117-400-595; 066-998-448-687-24X; 067-740-132-755-160; 069-859-379-204-206; 070-214-470-325-508; 073-053-844-129-275; 077-821-416-749-499; 078-329-203-766-123; 078-567-736-856-141; 078-974-546-974-719; 079-746-231-248-511; 080-299-507-702-580; 080-324-278-683-540; 080-657-289-540-081; 081-611-019-597-830; 082-037-276-460-475; 083-020-850-807-660; 083-079-720-145-650; 085-535-579-073-06X; 086-676-076-997-979; 088-308-701-456-507; 095-372-054-178-490; 098-594-623-373-150; 101-034-145-253-306; 102-191-842-071-984; 102-812-995-302-965; 104-364-917-558-195; 105-240-332-562-967; 106-136-227-054-73X; 106-315-842-550-472; 107-818-882-346-792; 111-283-097-631-404; 113-189-629-592-517; 121-510-259-843-080; 121-755-099-816-168; 128-214-483-012-239; 133-235-171-938-933; 137-363-379-532-950; 144-821-361-054-363; 149-528-730-973-349; 151-478-975-308-362; 153-519-665-597-921; 157-728-361-936-29X; 184-713-062-673-36X,32,true,cc-by,gold
123-887-077-700-997,"The Madwoman and the blindman: Jane Eyre, discourse, disability",2013-07-01,2013,journal article,Choice Reviews Online,00094978; 15238253,American Library Association,,,"The work of these and other such groups and the coming together of scholars-in both actual and virtual environments-to question, challenge, and support one another is vital to the scholarly innovation that we hope is represented by this volume. Many thanks are due, of course, to Heather Cunningham, Ria Cheyne, and the rest of our colleagues in the Centre for Culture & Disability Studies",50,11,50,6044-50-6044,,Jane Eyre; discourse; disability / Edited by David Bolt,,,,,http://dx.doi.org/10.5860/choice.50-6044,,10.5860/choice.50-6044,,,0,,0,true,,green
124-097-742-526-619,Whose Expertise Is It? Evidence for Autistic Adults as Critical Autism Experts.,2017-03-28,2017,journal article,Frontiers in psychology,16641078,Frontiers Media SA,Switzerland,Kristen Gillespie-Lynch; Steven K. Kapp; Patricia J. Brooks; Jonathan Pickens; Ben Schwartzman,"Autistic and non-autistic adults’ agreement with scientific knowledge about autism, how they define autism, and their endorsement of stigmatizing conceptions of autism has not previously been examined. Using an online survey, we assessed autism knowledge and stigma among 636 adults with varied relationships to autism, including autistic people and nuclear family members. Autistic participants exhibited more scientifically based knowledge than others. They were more likely to describe autism experientially or as a neutral difference, and more often opposed the medical model. Autistic participants and family members reported lower stigma. Greater endorsement of the importance of normalizing autistic people was associated with heightened stigma. Findings suggest that autistic adults should be considered autism experts and involved as partners in autism research.",8,,438,438,Medical model; Developmental psychology; Psychology; Sociology of scientific knowledge; Autism; Neurodiversity; Nuclear family,autism; autistic expertise; knowledge; neurodiversity; stigma,,,,http://journal.frontiersin.org/article/10.3389/fpsyg.2017.00438/abstract https://puredev.port.ac.uk/en/publications/whose-expertise-is-it-evidence-for-autistic-adults-as-critical-au https://www.ncbi.nlm.nih.gov/pmc/articles/PMC5368186 https://academicworks.cuny.edu/si_pubs/134/ https://researchportal.port.ac.uk/portal/en/publications/whose-expertise-is-it-evidence-for-autistic-adults-as-critical-autism-experts(801de73d-1348-4161-b345-2d5b3c01efa6).html https://philpapers.org/rec/GILWEI https://pubmed.ncbi.nlm.nih.gov/28400742/ https://academicworks.cuny.edu/cgi/viewcontent.cgi?article=1145&context=si_pubs https://core.ac.uk/display/82855112 https://www.frontiersin.org/articles/10.3389/fpsyg.2017.00438/pdf https://researchportal.port.ac.uk/portal/files/16544516/Whose_expertise_is_it.pdf https://www.frontiersin.org/articles/10.3389/fpsyg.2017.00438/full https://ore.exeter.ac.uk/repository/handle/10871/36772 https://europepmc.org/article/MED/28400742 https://core.ac.uk/download/pdf/82855112.pdf,http://dx.doi.org/10.3389/fpsyg.2017.00438,28400742,10.3389/fpsyg.2017.00438,2601691194,PMC5368186,0,000-215-856-275-30X; 000-611-565-082-326; 001-946-737-900-34X; 001-989-105-656-051; 002-455-535-742-929; 003-619-045-594-550; 003-935-044-622-702; 004-910-735-189-229; 004-962-515-303-872; 004-992-599-621-671; 005-210-859-888-733; 005-753-978-485-671; 006-201-523-571-443; 008-512-345-162-110; 009-761-930-153-323; 012-795-843-355-641; 012-829-116-838-180; 013-985-008-694-037; 014-851-100-715-753; 015-169-921-622-372; 015-193-948-995-232; 016-193-280-297-798; 016-354-662-789-020; 016-928-495-704-332; 017-791-527-613-278; 019-353-695-519-267; 020-147-504-774-643; 021-175-557-974-344; 021-915-982-313-564; 022-124-095-013-798; 022-311-835-705-188; 022-775-887-064-971; 022-873-290-041-75X; 023-082-546-451-775; 025-395-549-921-744; 026-867-960-022-270; 028-253-571-359-968; 030-591-434-566-243; 034-823-391-802-909; 037-131-462-008-094; 038-566-422-551-69X; 042-787-663-227-499; 043-985-698-461-14X; 045-166-831-101-80X; 047-169-264-563-122; 048-015-449-534-824; 050-469-046-209-435; 057-355-322-992-892; 064-370-984-176-260; 065-742-066-302-468; 066-456-894-789-039; 067-762-258-099-91X; 069-859-400-189-793; 069-867-864-922-164; 074-761-491-979-226; 075-269-939-541-487; 077-984-562-849-419; 078-494-053-592-509; 081-030-427-213-511; 083-011-999-689-522; 084-756-267-743-59X; 085-583-178-665-271; 086-492-380-907-740; 088-762-849-260-48X; 089-697-867-515-51X; 091-185-302-710-222; 092-441-128-507-160; 096-052-687-411-145; 096-158-719-965-819; 101-173-249-237-837; 111-085-132-895-185; 113-103-136-272-494; 113-798-414-990-247; 117-726-565-268-262; 131-423-542-523-282; 136-011-428-596-681; 155-473-219-493-26X; 161-336-705-453-606; 167-556-776-587-639; 195-881-781-263-588,306,true,cc-by,gold
124-856-018-743-115,"Neurodivergent Themed Neighbourhoods as A Strategy to Enhance the Liveability of Cities: The Blueprint of an Autism Village, Its Benefits to Neurotypical Environments",2018-04-30,2018,journal article,Urban Science,24138851,MDPI AG,,Eurydice Rayanna Lo Chan,"In the next decades, it is expected that there will be a significant number of adults living with Autism Spectrum Disorder (ASD) who will continue to strive in the neurotypical environment. Despite the recent rise of developments that deviate from the institutional type of facility, many parents continue to voice their struggle to find safe and appropriate living environments for their adult children. The problem is not just the limited option on where to live, financing a home is also another dilemma. Thus, the challenge to provide appropriate living environments coincide with the need to provide meaningful opportunities that allows them to thrive and function in the society. This paper explores the existing design guidelines through recommendations on how spaces can be articulated by considering the value of savant skills and productive vocational skills for individuals living with ASD. This optimistic approach hopes to enlighten built environment practitioners in designing spaces where different populations can co–exist, particularly those with varied abilities. The environmental needs of ASDs and the proposed spatial interventions also extend its benefits to the well–being of neurotypicals. In addition, the participation of the ASD population in the built environment bridges accessibility and spatial experience. Therefore, designing neurodivergent neighbourhoods can be employed as a strategy to improve and enhance the liveability of urban regions.",2,2,42,,Sociology; Built environment; Blueprint; Sustainable community; Autism; Well-being; Neurotypical; Dilemma; Population; Public relations,liveable; autism housing; well-being; inclusive neighbourhoods; sustainable communities,,,,https://www.mdpi.com/2413-8851/2/2/42/pdf https://www.mdpi.com/2413-8851/2/2/42/htm https://core.ac.uk/display/156970361,http://dx.doi.org/10.3390/urbansci2020042,,10.3390/urbansci2020042,2799779183,,0,000-685-104-533-827; 001-662-206-045-802; 002-621-369-233-141; 005-120-410-687-975; 007-625-513-602-248; 007-785-474-265-025; 009-149-695-354-457; 009-360-511-401-989; 013-788-791-798-90X; 017-174-125-797-357; 017-805-070-420-381; 026-136-505-209-704; 033-194-190-227-463; 033-770-803-031-168; 034-260-944-999-443; 035-908-686-082-194; 036-616-049-977-19X; 037-677-589-313-293; 038-425-431-934-458; 038-684-229-020-704; 038-886-345-873-750; 039-117-381-557-747; 057-253-608-149-473; 059-366-652-876-380; 061-715-507-349-060; 063-424-943-553-327; 068-789-359-453-515; 069-747-817-170-75X; 074-541-163-713-571; 094-362-384-329-241; 094-546-756-331-569; 101-847-951-114-632; 108-427-862-588-231; 113-576-649-353-249; 115-976-574-737-998; 116-501-680-323-032; 120-741-895-111-069; 122-943-949-189-370; 124-222-574-709-036; 136-291-321-368-266; 139-278-981-271-008; 145-471-173-515-838; 157-469-267-875-941; 178-126-066-819-166,10,true,cc-by,gold
129-575-362-183-170,Autistics' Perspectives of Autism Funding in Ontario,2020-01-01,2020,dissertation,,,Carleton University,,Margaret Janse van Rensburg,"Ontario overhauled their autism program in 2019 seeking to replace the flexible service-or funding-based 2018 Ontario Autism Program with a cash-based benefit called the Childhood Budgets program. Using Grounded Theory and Participatory Action Research, with a Structural Social Work and Critical Autism Studies lens, I used",,,,,Autism; Psychology; Cash; Medical education; Business; Psychiatry; Medicine; Finance,,,,,http://repository.library.carleton.ca/downloads/1r66j224r https://doi.org/10.22215/etd/2020-14124,http://dx.doi.org/10.22215/etd/2020-14124,,10.22215/etd/2020-14124,,,0,,0,true,,gold
130-634-214-594-915,"Associations between identity perception, symptom severity, and quality of life in adolescents with ADHD.",2025-11-28,2025,journal article,Scientific reports,20452322,Springer Science and Business Media LLC,United Kingdom,Adi Stern; Liron Lamash,"Adolescence is a key stage for identity formation. Attention deficit hyperactivity disorder (ADHD) is a lifelong neurodevelopmental condition that significantly affects adolescents' daily functioning and quality of life and plays an important role in shaping their identity. Illness identity refers to the extent to which a chronic diagnosis is integrated into an individual's self-concept. This study examined how ADHD symptom severity relates to diagnosis identity dimensions and health-related quality of life (HRQoL) in adolescents with ADHD. A cross-sectional study was conducted with 154 adolescents aged 11 to 18 years (M = 15.40, SD = 1.83). Participants completed validated measures of ADHD symptom severity, diagnosis identity (engulfment, rejection, acceptance, enrichment), and HRQoL. Statistical analyses included correlations, regression, and mediation models to clarify the relationships among these variables. Acceptance was significantly higher than other identity dimensions, while engulfment and rejection were lower. Higher ADHD symptom severity, especially inattention, was linked to greater engulfment. Engulfment predicted lower quality of life more strongly than symptom severity itself, and positive social experiences supported healthier identity integration. Mediation analysis showed that only engulfment significantly explained the link between symptom severity and HRQoL. Findings highlight the role of diagnosis identity, particularly engulfment, in the well-being of adolescents with ADHD. Interventions that combine symptom management with identity-focused approaches and social support may more effectively enhance adolescents' outcomes.",15,1,42762,42762,Mediation; Identity (music); Quality of life (healthcare); Psychology; Clinical psychology; Psychological intervention; Developmental psychology; Attention deficit hyperactivity disorder; Psychiatry; Social identity theory; Social relationship; Identity change; Self-concept; Social support; Medicine; Young adult; Social identity approach,ADHD; Adolescence; Illness identity; Quality of life,Humans; Adolescent; Attention Deficit Disorder with Hyperactivity/psychology; Quality of Life/psychology; Male; Female; Child; Cross-Sectional Studies; Severity of Illness Index; Self Concept,,,https://www.nature.com/articles/s41598-025-26963-5.pdf https://doi.org/10.1038/s41598-025-26963-5,http://dx.doi.org/10.1038/s41598-025-26963-5,41315553,10.1038/s41598-025-26963-5,,PMC12663321,0,001-498-582-761-659; 002-554-315-315-160; 003-446-596-122-952; 003-713-581-549-375; 006-071-341-079-877; 006-520-668-941-706; 007-301-137-569-366; 008-242-995-380-892; 010-036-309-036-683; 010-790-699-527-465; 013-801-831-635-835; 017-043-066-690-276; 017-883-932-323-627; 020-493-172-052-83X; 021-502-863-995-755; 021-591-012-266-324; 022-048-312-783-261; 022-481-381-367-744; 025-897-883-857-194; 026-187-805-662-48X; 027-825-062-708-802; 032-049-177-406-929; 036-644-835-730-539; 041-926-905-028-427; 044-120-007-290-235; 045-068-483-545-105; 058-724-336-899-83X; 065-478-375-366-748; 065-677-772-384-247; 072-027-084-209-882; 072-243-178-631-300; 074-677-073-001-709; 079-732-448-165-859; 081-727-538-750-758; 083-951-144-776-946; 086-589-527-502-205; 089-981-851-196-508; 101-981-615-896-863; 106-315-842-550-472; 110-336-092-131-697; 114-651-437-355-940; 115-431-584-279-847; 117-865-968-911-785; 125-746-944-700-80X; 131-423-542-523-282; 133-583-169-256-010; 137-887-066-101-76X; 150-803-755-611-992; 158-903-222-972-110; 161-853-814-620-966; 163-478-542-956-562; 168-199-364-758-773; 181-632-785-664-48X; 190-684-133-716-468,0,true,"CC BY, CC BY-NC-ND",gold
131-746-003-800-830,General Ecology : The New Ecological Paradigm,,2017,book,,,Bloomsbury Academic,,,"He has previously taught in the areas of cultural theory, the history and philosophy of art, and media and communications. From 2014-16 he was a research fellow at the ICI Berlin: Institute for Cultural Inquiry. From 2011-13, he was an Alexander von Humboldt research fellow at the Institut für Medienwissenschaft at the Ruhr University, Bochum. Working across the fields of cultural/media theory, philosophy, and literature, his current research looks at non-and posthuman approaches to error and the role of (meta)fiction in the context of modern technologized culture and ecology. He is the author of The Philosophy of Science Fiction: Henri Bergson and the Fabulations of Philip K. Dick (Bloomsbury, 2015), and several articles on the philosophy of memory, theories of fiction, ecology and science fiction.",,,,,,Ecologies of communion; contagion; &c; especially Bataille 235,,,,,http://dx.doi.org/10.5040/9781350014725,,10.5040/9781350014725,,,0,,1,true,,green
132-489-653-344-63X,'Autistic person' or 'person with autism'? Person-first language preference in Dutch adults with autism and parents.,2022-08-11,2022,journal article,Autism : the international journal of research and practice,14617005; 13623613,SAGE Publications,United States,Riley Buijsman; Sander Begeer; Anke M Scheeren,"There are different words to describe people with an autism diagnosis. For instance, we can put the person before autism (e.g. 'person with autism'), or we can put autism before the person (e.g. 'autistic person'). Previous research showed that autistic adults in English-speaking countries generally liked it better when autism is placed before the person. Yet, people also greatly differ in the words they like and dislike. In this study, we examined word preference in Dutch autistic adults (<i>n</i> = 1026; 16-84 years; 57% women) and parents of autistic children (<i>n</i> = 286). Via an online questionnaire, we asked our participants to select one term for autistic people that they liked best. The results showed that most adults with autism (68.3%) and parents (82.5%) preferred to put the person before autism. Younger adults, with a higher intelligence, and with more autistic traits, were a bit more likely to put autism before the person. We conclude that there are large differences in the words that people prefer. Because we found different results in our Dutch participants compared to participants in English-speaking countries, we think that the Dutch language or culture may also play a role in word preference. For now, we advise autism researchers to use both person-first and autism-first language.",27,3,788,795,Autism; Psychology; Preference; Developmental psychology; Terminology; Linguistics; Economics; Microeconomics; Philosophy,adults; advocacy; autism; identity-first language; person-first language; terminology,Child; Humans; Adult; Female; Male; Autistic Disorder; Autism Spectrum Disorder; Parents; Emotions; Language,,Nederlandse Organisatie voor Wetenschappelijk Onderzoek,https://pmc.ncbi.nlm.nih.gov/articles/PMC10074744/pdf/10.1177_13623613221117914.pdf https://www.ncbi.nlm.nih.gov/pmc/articles/10074744,http://dx.doi.org/10.1177/13623613221117914,35957517,10.1177/13623613221117914,,PMC10074744,0,005-531-475-528-39X; 008-229-028-155-650; 021-903-341-770-089; 024-839-783-811-744; 028-795-388-321-925; 033-786-423-137-83X; 044-797-370-273-186; 054-134-106-176-809; 054-933-295-532-921; 074-399-009-176-830; 085-583-178-665-271; 086-500-252-519-724; 109-558-380-270-251; 120-367-879-846-340; 140-033-037-559-092; 142-367-562-016-603; 167-556-776-587-639; 167-583-887-827-563,172,true,cc-by,hybrid
134-811-888-724-309,Education of people with autism spectrum disorders: state of knowledge in dissertations and theses in the Southern and Southeastern regions of Brazil (2008-2016),,2019,journal article,Saúde e Sociedade,19840470; 01041290,FapUNIFESP (SciELO),Brazil,Andrea Soares Wuo,"Resumo As atuais politicas de educacao especial buscam garantir o acesso, a permanencia, a participacao e a aprendizagem de pessoas com deficiencia, transtornos globais do desenvolvimento e altas habilidades/superdotacao na escola comum. Entre os estudantes considerados “publico-alvo da educacao especial”, encontram-se aqueles com o denominado “transtorno do espectro do autismo”. Este estudo objetivou analisar o estado do conhecimento sobre educacao de pessoas com “transtorno do espectro autista”, a partir de teses e dissertacoes produzidas nas regioes Sul e Sudeste do Brasil entre os anos de 2008 e 2016. A analise mostrou que o autismo e definido sob abordagens distintas, sendo a maioria orientada pelas explicacoes da area da medicina e vinculada a uma nocao de deficit e prejuizos psicologicos e sociais. Observaram-se, ainda, trabalhos orientados por uma perspectiva critica, que valoriza as condicoes educacionais, sociais e historicas de constituicao do sujeito. Concluiu-se que, embora o conhecimento sobre o autismo ainda seja de dominio das areas medicas, a emergencia de pesquisas no âmbito da inclusao escolar permite a construcao de formas de pensar o processo de escolarizacao que superam modelos exclusivamente medicos de olhar a diferenca.",28,3,210,223,Sociology; Humanities,Autism Spectrum Disorder; State of Knowledge; Inclusive Education,,,,https://www.scielo.br/j/sausoc/a/Xchrj5dRf6gWzH7bvsZ8gKM/ https://www.revistas.usp.br/sausoc/article/view/173565 https://www.scielosp.org/article/sausoc/2019.v28n3/210-223/pt/ https://pesquisa.bvsalud.org/portal/resource/pt/biblio-1043391 http://www.scielo.br/j/sausoc/a/Xchrj5dRf6gWzH7bvsZ8gKM/ https://www.scielo.br/pdf/sausoc/v28n3/en_1984-0470-sausoc-28-03-210.pdf,http://dx.doi.org/10.1590/s0104-12902019170783,,10.1590/s0104-12902019170783,2979101747,,0,007-651-235-625-966; 009-413-581-279-436; 028-645-278-112-360; 040-979-985-766-894; 042-498-098-549-303; 055-095-461-474-12X; 056-839-468-945-903; 060-355-603-675-058; 094-829-485-996-525; 114-058-883-516-030; 136-216-593-557-159; 140-573-690-410-626; 154-667-142-816-890; 159-037-802-317-41X,10,true,cc-by,gold
135-529-036-836-068,Artificial intelligence in ADHD assessment: a comprehensive review of research progress from early screening to precise differential diagnosis.,2025-09-02,2025,journal article,Frontiers in artificial intelligence,26248212,Frontiers Media SA,Switzerland,Cuijie Zhao; Yan Xu; Ruixing Li; Huawei Li; Meng Zhang,"Attention deficit hyperactivity disorder (ADHD) diagnosis traditionally relies on subjective assessments, which lead to challenges like symptom overlap, heterogeneity, and misdiagnosis risk. Artificial intelligence (AI), especially machine learning (ML) and deep learning (DL), offers objective assessment opportunities by processing complex multimodal data (behavioral, neurophysiological, neuroimaging, genetic). This paper reviews AI's current applications in objective ADHD assessment, covering early screening, risk prediction, diagnostic assistance, classification, assistance in precise differential diagnosis, symptom quantification, and heterogeneous subtype identification. While AI models show significant potential in extracting objective biomarkers and improving assessment efficiency, the field faces challenges: insufficient standardized data, limited generalization, interpretability issues, potential biases, and lack of rigorous clinical validation. Future research must establish large-scale, standardized multimodal databases, develop robust, interpretable, and fair AI models, and conduct rigorous clinical translation validation to achieve responsible, precise, objective, and personalized ADHD assessment and management.",8,,1624485,1624485,Psychology; Differential (mechanical device); Artificial intelligence; Computer science; Engineering; Aerospace engineering,artificial intelligence (AI); attention deficit hyperactivity disorder (ADHD); biomarkers; differential diagnosis; machine learning (ML); neuroimaging; objective assessment,,,,https://www.frontiersin.org/journals/artificial-intelligence/articles/10.3389/frai.2025.1624485/pdf https://doi.org/10.3389/frai.2025.1624485,http://dx.doi.org/10.3389/frai.2025.1624485,40964142,10.3389/frai.2025.1624485,,PMC12436382,0,000-208-042-309-931; 001-108-839-796-704; 001-470-169-406-472; 002-177-573-524-976; 003-136-472-729-10X; 003-164-446-524-918; 005-131-044-213-254; 005-154-093-286-486; 005-171-752-408-884; 005-559-526-040-381; 006-641-405-877-627; 007-206-359-730-332; 010-476-934-782-875; 010-853-152-466-836; 011-646-986-524-195; 011-793-232-199-031; 012-521-461-003-036; 013-038-841-951-456; 013-093-800-146-268; 013-240-128-281-046; 013-855-557-383-463; 015-926-437-744-015; 024-671-631-553-938; 025-050-925-378-252; 026-246-506-425-270; 026-500-236-681-071; 026-966-136-947-949; 027-476-377-348-992; 030-015-794-177-035; 031-502-126-964-644; 032-850-080-621-01X; 033-066-154-097-511; 033-296-871-562-432; 033-608-547-378-844; 038-049-224-023-276; 039-047-056-370-021; 040-701-290-231-635; 041-690-634-120-388; 043-382-601-628-095; 043-783-102-106-345; 045-186-594-698-46X; 046-969-289-503-870; 047-604-099-556-423; 048-485-760-760-564; 049-621-190-061-701; 049-829-933-143-912; 052-219-583-377-865; 053-797-217-895-719; 056-128-877-475-112; 059-726-161-346-058; 060-559-803-224-280; 061-033-180-368-21X; 062-890-118-830-437; 063-748-543-388-458; 068-834-730-032-783; 069-463-461-452-355; 069-569-450-308-900; 070-710-274-158-872; 070-937-569-661-252; 073-716-186-612-162; 075-991-339-078-589; 078-068-137-531-752; 078-239-846-582-548; 079-076-690-581-41X; 081-896-730-586-393; 082-781-090-446-320; 083-389-247-304-284; 088-248-432-838-459; 091-054-649-139-854; 092-521-887-108-582; 098-697-836-802-395; 099-095-461-052-396; 100-174-325-384-344; 101-859-938-784-12X; 102-854-512-335-056; 103-006-983-700-472; 108-593-469-399-710; 111-059-964-352-096; 112-287-571-036-341; 113-283-723-598-107; 114-557-186-948-264; 119-002-891-670-707; 121-505-378-372-22X; 123-190-292-427-76X; 123-462-962-274-958; 124-205-921-798-084; 124-309-811-393-306; 124-648-675-228-942; 124-679-121-037-433; 128-364-541-557-688; 128-808-548-198-934; 131-557-377-548-980; 134-328-569-368-503; 134-617-694-267-702; 137-096-195-013-722; 137-702-009-757-902; 139-994-411-104-926; 143-723-160-233-220; 147-029-558-104-926; 152-445-341-588-206; 153-954-262-002-539; 158-701-168-288-813; 159-609-519-271-509; 160-136-383-056-567; 165-473-414-270-865; 170-996-083-801-206; 179-148-573-106-949; 182-453-469-565-909; 182-746-359-656-999; 190-369-596-888-75X; 190-684-133-716-468; 199-346-212-723-178,6,true,cc-by,gold
135-733-871-181-825,Navigating residual diagnostic categories: The lived experiences of women diagnosed with autism and ADHD in adulthood.,2025-04-21,2025,journal article,"Health (London, England : 1997)",14617196; 13634593,SAGE Publications,United States,Emma Craddock,"This article conceptualises a combined autism and ADHD (AuDHD) diagnosis as a residual category not formally represented in diagnostic systems, addressing a critical gap in neurodiversity research. Using Interpretative Phenomenological Analysis of email interviews with six women diagnosed in adulthood, it examines the ambivalence arising from inhabiting this liminal diagnostic space. Residuality generates conflicting feelings about autism, ADHD, and the self, resulting in fragmented identities shaped more by societal narratives than by interpersonal perceptions. Themes include the contradictions between autism and ADHD ('two separate parts of my brain'), their sometimes-complementary relationship ('two sides of the same coin'), and the tension between neurodiversity and medicalisation narratives ('autism is a part of me, ADHD is an add-on'). To resolve this ambivalence, participants sought an objective understanding of their conditions and distinguished between neurodivergent and neurotypical identities. Collectively, their narratives reveal a fluid and dynamic understanding of AuDHD. As the first study to explore the lived experiences of adults diagnosed with both autism and ADHD, it makes an original contribution by developing an AuDHD phenomenology and analytical framework. By amplifying the voices of women historically marginalised, the findings underscore the need for integrated diagnostic processes and tailored support to foster cohesive self-identity. This article contributes to neurodiversity literature, broadens understandings of categorical systems, and illuminates the complexities of navigating residual diagnostic spaces.",30,2,235,257,Ambivalence; Narrative; Psychology; Neurotypical; Autism; Interpretative phenomenological analysis; Phenomenology (philosophy); Developmental psychology; Feeling; Interpersonal communication; Liminality; Qualitative research; Autism spectrum disorder; Psychoanalysis; Social psychology; Sociology; Epistemology; Linguistics; Anthropology; Philosophy; Social science,ADHD; adulthood; ambivalence; autism; co-morbidity; diagnosis; gender,Humans; Female; Attention Deficit Disorder with Hyperactivity/diagnosis; Autistic Disorder/diagnosis; Adult; Qualitative Research; Middle Aged; Interviews as Topic; Narration; Self Concept,,,,http://dx.doi.org/10.1177/13634593251336163,40258189,10.1177/13634593251336163,,PMC12923626,0,005-909-024-827-480; 007-867-805-452-087; 008-664-271-428-475; 014-910-014-913-54X; 020-187-723-624-529; 022-271-976-938-280; 022-316-835-534-094; 026-722-813-423-288; 028-736-295-023-611; 029-751-851-112-319; 034-001-195-608-508; 039-344-189-708-066; 040-147-414-629-392; 042-192-858-455-624; 045-949-577-718-636; 046-211-613-890-27X; 050-749-739-270-366; 053-939-515-691-74X; 057-066-994-554-501; 058-242-681-252-007; 064-332-196-370-065; 085-583-178-665-271; 086-619-651-620-14X; 086-910-270-871-424; 089-198-152-162-689; 090-232-233-122-461; 091-166-544-596-449; 101-370-543-680-461; 105-497-107-840-709; 110-938-895-055-235; 121-301-863-424-332; 121-970-165-864-38X; 123-290-179-594-011; 127-926-697-490-219; 131-423-542-523-282; 131-588-729-188-870; 131-918-922-686-74X; 140-268-482-166-840; 143-085-293-346-153; 143-610-766-557-499; 143-645-763-678-199; 151-908-942-256-276; 156-305-907-536-060; 157-416-764-400-454; 168-085-273-008-250; 182-382-307-618-769,4,true,cc-by-nc,hybrid
136-512-580-604-696,Atypical development and the cultural background underlying neurological maturation,2022-05-07,2022,journal article,Gyermeknevelés Tudományos Folyóirat,20639945,Eötvös Loránd University,,Éva Gyarmathy,"<jats:p>Learning, attention, hyperactivity, and autism spectrum disorders have common neurological roots. They are manifested in differences in the development and functioning of the neurological processes involved in neurological maturation. Neurological maturation is a product of the cultural evolution of Homo Sapiens. The transition to an agricultural, ranching lifestyle required behavior and cognitive functions that were markedly different from the previous foraging, nomad lifestyle. The result was a more precise and reliable ability to control and think systematically, which later became the base of literacy. The recent spread of learning difficulties, control disorders, and autism spectrum are due to the vulnerability of brain functions that are very new to human development, most of all executive functions. There are significant changes in culture since the last century, whereby the developing nervous system receives less natural cultural developmental effects but more harmful agents than before. Changes in the environment change the way the brain develops. Atypical neurological development is a consequence and a sign of a new era. It is only considered a disorder if education fails to find an appropriate response to the challenge.</jats:p>",10,2–3,72,85,Autism spectrum disorder; Psychology; Autism; Vulnerability (computing); Cognition; Executive functions; Brain development; Neuroscience; Developmental psychology; Cognitive psychology; Computer security; Computer science,atypical development; learning; attention; hyperactivity; autism disorder spectra; neurological maturation; digital age,,,,https://ojs.elte.hu/gyermekneveles/article/download/4262/3509 https://doi.org/10.31074/gyntf.2022.3.72.85,http://dx.doi.org/10.31074/gyntf.2022.3.72.85,,10.31074/gyntf.2022.3.72.85,,,0,,0,true,cc-by-nc-sa,gold
138-334-826-442-505,"Neurobiological insights into twice-exceptionality: Circuits, cells, and molecules.",2022-09-26,2022,journal article,Neurobiology of learning and memory,10959564; 10747427,Elsevier BV,United States,Benjamin A Kelvington; Thomas Nickl-Jockschat; Ted Abel,"Twice-exceptional learners face a unique set of challenges arising from the intersection of extraordinary talent and disability. Neurobiology research has the capacity to complement pedagogical research and provide support for twice-exceptional learners. Very few studies have attempted to specifically address the neurobiological underpinnings of twice-exceptionality. However, neurobiologists have built a broad base of knowledge in nervous system function spanning from the level of neural circuits to the molecular basis of behavior. It is known that distinct neural circuits mediate different neural functions, which suggests that 2e learning may result from enhancement in one circuit and disruption in another. Neural circuits are known to adapt and change in response to experience, a cellular process known as neuroplasticity. Plasticity is controlled by a bidirectional connection between the synapse, where neural signals are received, and the nucleus, where regulated gene expression can return to alter synaptic function. Complex molecular mechanisms compose this connection in distinct neural circuits, and genetic alterations in these mechanisms are associated with both memory enhancements and psychiatric disorder. Understanding the consequences of these changes at the molecular, cellular, and circuit levels will provide critical insights into the neurobiological bases of twice-exceptionality.",195,,107684,107684,Neuroscience; Biological neural network; Neuroplasticity; Synapse; Psychology,2e; Epigenetics; Memory Systems; Plasticity; Twice-exceptionality,Humans; Neurobiology; Synapses/physiology; Neuronal Plasticity/physiology; Learning/physiology; Neurons/physiology,,NICHD NIH HHS (P50 HD103556) United States; NIMH NIH HHS (R01 MH087463) United States; NIGMS NIH HHS (T32 GM067795) United States; NIGMS NIH HHS (T32 GM144636) United States,,http://dx.doi.org/10.1016/j.nlm.2022.107684,36174887,10.1016/j.nlm.2022.107684,,PMC9888516,0,000-545-075-204-690; 001-000-586-969-018; 001-150-227-236-123; 001-965-081-360-435; 004-056-575-166-019; 004-985-381-103-112; 004-992-997-497-936; 005-630-814-173-460; 005-674-671-668-726; 006-041-737-769-017; 006-320-769-517-123; 007-801-329-618-709; 008-865-838-429-999; 009-405-228-207-335; 009-899-935-254-838; 010-471-828-558-850; 011-725-764-045-784; 012-048-523-105-361; 012-160-261-081-290; 012-563-675-841-057; 013-957-671-641-46X; 015-586-252-684-329; 016-611-683-022-499; 017-011-443-205-605; 017-565-593-421-850; 018-093-143-142-807; 018-665-566-192-399; 018-949-162-596-973; 019-058-987-458-089; 019-106-172-114-713; 019-403-434-188-319; 020-728-151-347-464; 021-677-294-402-458; 021-689-641-003-872; 022-241-117-374-387; 023-082-546-451-775; 025-389-510-162-727; 026-004-905-500-31X; 026-867-960-022-270; 027-854-268-106-199; 028-267-495-421-965; 028-967-065-556-162; 033-208-043-468-149; 033-267-674-665-480; 033-660-961-454-927; 035-624-261-292-693; 036-280-139-482-610; 037-417-818-722-349; 038-693-415-996-22X; 040-683-131-512-564; 040-938-799-274-035; 042-787-663-227-499; 044-267-821-844-630; 047-749-226-502-004; 048-283-670-638-455; 048-442-059-797-57X; 049-952-844-891-525; 052-098-612-751-927; 054-678-487-716-340; 055-366-900-720-444; 058-086-116-145-557; 060-435-227-103-848; 060-544-235-231-922; 061-336-812-877-425; 061-478-010-554-580; 063-195-877-658-780; 063-322-224-046-823; 069-312-160-621-663; 069-795-260-645-696; 070-778-962-417-349; 071-222-076-620-249; 071-856-143-777-188; 072-082-605-756-649; 074-144-368-229-477; 075-074-777-918-770; 076-478-954-852-053; 080-138-687-526-838; 081-841-431-619-265; 082-241-440-995-614; 082-370-232-445-977; 086-541-982-495-569; 086-699-660-767-816; 088-510-120-348-478; 089-161-429-036-732; 091-078-705-531-786; 096-839-599-846-084; 098-194-944-038-617; 101-425-989-029-003; 103-577-868-866-409; 106-124-905-404-375; 108-050-899-985-372; 108-605-194-152-131; 110-989-841-939-895; 112-848-001-453-642; 113-103-136-272-494; 115-107-782-583-837; 119-196-004-946-390; 121-160-974-505-542; 122-008-614-343-711; 124-097-742-526-619; 127-641-643-897-110; 136-723-237-689-581; 139-147-437-058-06X; 155-558-894-987-223; 157-021-348-963-622; 160-211-280-274-681,5,true,cc-by-nc-nd,hybrid
138-623-433-699-714,Using a scoring template to identify intervention goals for adolescent social communication interventions.,2025-03-03,2025,journal article,Journal of communication disorders,18737994; 00219924,Elsevier BV,Netherlands,Gerard H Poll; William J Boone; Janis Petru,"<AbstractText Label=""BACKGROUND"" NlmCategory=""BACKGROUND"">Social communication is a critical skill for adolescents at risk for communication disorders as they transition from compulsory education to adult contexts. Identifying intervention goals that are well tailored to the individual requires information from assessments that 1) describe the examinee's present level of social communication ability and 2) identify skills that are just beyond the examinee's current ability level that may challenge the examinee.</AbstractText>;           <AbstractText Label=""PURPOSE"" NlmCategory=""OBJECTIVE"">The purpose of this study was to evaluate the psychometric properties of a new assessment of social communication for adolescents, and to explore whether a Rasch keyform - a scoring template that links an examinee's overall ability to their scores on individual instrument items-provides an interpretable assessment output for intervention goal selection.</AbstractText>;           <AbstractText Label=""METHOD"" NlmCategory=""METHODS"">The new Transition Pragmatics Interview (TPI; Poll et al., 2024) was administered to 109 adolescents (14 to 21 years) of varied social communication abilities. Data were analyzed using Rasch analysis to evaluate the psychometrics of the TPI. Keyform displays for employment-related TPI items were generated for three participants at different levels of ability.</AbstractText>;           <AbstractText Label=""RESULTS"" NlmCategory=""RESULTS"">Analyses supported the TPI as a unidimensional and reliable scale. Keyform displays facilitated the identification of transition zones for each of the three exemplar respondents. Transition zones are item sets at difficulty levels associated with emerging participant abilities.</AbstractText>;           <AbstractText Label=""CONCLUSIONS"" NlmCategory=""CONCLUSIONS"">TPI keyforms detailed the present level of participant ability and identified items which would be the next most challenging. Data from three exemplar respondents were reviewed in order to show how keyforms could provide information to identify appropriate social communication intervention goals when combined with the examinee's career goals, academic standards, and industry standards for social communication.</AbstractText>;           <CopyrightInformation>Copyright © 2025 The Authors. Published by Elsevier Inc. All rights reserved.</CopyrightInformation>",115,,106513,106513,Psychology; Intervention (counseling); Psychological intervention; Developmental psychology; Clinical psychology; Psychotherapist; Psychiatry,Adolescents; Assessment; Keyform; Pragmatics; Rasch analysis; Social communication,Humans; Adolescent; Male; Female; Psychometrics; Communication; Young Adult; Goals; Communication Disorders/therapy,,NIDCD NIH HHS (R15 DC020521) United States,https://pmc.ncbi.nlm.nih.gov/articles/PMC12104000/pdf/nihms-2065015.pdf https://www.ncbi.nlm.nih.gov/pmc/articles/12104000,http://dx.doi.org/10.1016/j.jcomdis.2025.106513,40056748,10.1016/j.jcomdis.2025.106513,,PMC12104000,0,003-756-524-500-524; 004-079-271-989-149; 006-629-594-445-361; 017-177-145-258-59X; 021-459-703-458-554; 021-486-618-050-646; 027-286-191-549-270; 034-147-870-023-055; 037-330-915-603-227; 039-151-142-009-62X; 045-464-046-496-223; 046-768-242-145-403; 047-419-326-401-33X; 048-368-284-917-459; 051-012-047-479-847; 052-725-753-691-681; 055-819-103-626-075; 056-415-605-773-935; 061-162-043-031-400; 063-459-378-044-473; 072-029-030-340-702; 075-950-504-532-722; 084-819-217-037-684; 087-304-885-592-495; 096-290-945-053-357; 112-844-443-820-528; 116-286-013-866-392; 137-058-371-706-281; 163-220-243-640-674; 164-690-721-925-619; 181-163-051-582-259,0,true,cc-by-nc,hybrid
142-027-057-439-735,Genetics in the X-Men film franchise: mutants as allegories of difference.,2024-01-03,2024,journal article,Frontiers in genetics,16648021,Frontiers Media SA,Switzerland,Sonora R Grimsted; Katerina G Krizner; Cynthia D Porter; Jay Clayton,"This article analyzes the complete corpus of live-action X-Men movies for their depictions of genetics and otherness. The researchers watched and qualitatively coded all thirteen movies produced by 20th Century Fox that take place in the same shared cinematic universe, beginning with <i>X-Men</i> (2000) and ending with <i>The New Mutants</i> (2020). The X-Men movies are unusual summer blockbusters since they explore genetic topics through their central characters, mutants, who are genetically different from their non-mutant peers. Mutants in the films evoke a plurality of analogies, such as mutant-as-Black and mutant-as-queer. These intersecting metaphors build upon a core of genetic difference to create a versatile but limited picture of prejudice, solidarity, and otherness.",14,,1331905,1331905,Queer; Mutant; Prejudice (legal term); Solidarity; Genetics; Sociology; Biology; Psychology; Social psychology; Gender studies; Political science; Gene; Politics; Law,Marvel Cinematic Universe; X-Men; chosen families; comic book movies; genetic difference; mutants; othering,,,NHGRI NIH HHS (RM1 HG009034) United States,https://www.frontiersin.org/articles/10.3389/fgene.2023.1331905/pdf?isPublishedV2=False https://doi.org/10.3389/fgene.2023.1331905 https://pmc.ncbi.nlm.nih.gov/articles/PMC10882630/pdf/fgene-14-1331905.pdf https://www.ncbi.nlm.nih.gov/pmc/articles/10882630,http://dx.doi.org/10.3389/fgene.2023.1331905,38390456,10.3389/fgene.2023.1331905,,PMC10882630,0,003-000-613-869-788; 005-472-785-576-541; 009-759-478-140-311; 014-821-841-604-121; 018-251-144-452-736; 027-491-233-662-494; 028-325-263-934-940; 029-062-905-042-501; 029-398-493-575-318; 036-054-741-919-103; 036-702-156-790-866; 043-211-764-890-331; 047-284-090-898-398; 051-129-784-694-810; 057-232-339-340-487; 058-655-746-984-088; 069-556-891-691-455; 099-384-765-628-818; 103-482-088-734-69X; 117-954-948-945-659; 158-263-472-397-945; 162-386-062-607-465; 167-439-831-225-41X; 173-330-787-514-086; 178-261-688-010-072,4,true,cc-by,gold
142-790-456-316-424,School Distress in UK school children: A story dominated by neurodivergence and unmet needs,2022-09-29,2022,preprint,,,openRxiv,,Sophie E. Connolly; Hannah Constable; Sinéad L. Mullally,"<jats:title>Abstract</jats:title>;                 <jats:sec>;                   <jats:title>Background</jats:title>;                   <jats:p>The Covid-19 pandemic has brought into sharp focus a school attendance crisis in many countries, although this likely pre-dates the pandemic. Children and young people (CYP) with school attendance problems (SAPs) often display extreme emotional distress when required to attend school. We term this School Distress (SD). Here we sought to elucidate the characteristics of the CYP struggling to attend school in the UK.</jats:p>;                 </jats:sec>;                 <jats:sec>;                   <jats:title>Methods</jats:title>;                   <jats:p>Using a case-control, concurrent embedded mixed-method research design, 947 parents of CYP with experience of SD completed a bespoke online questionnaire (February/March 2022), alongside an aged-matched control group (n=149) and a smaller group of parents who electively home-educate (n=25).</jats:p>;                 </jats:sec>;                 <jats:sec>;                   <jats:title>Results</jats:title>;                   <jats:p>In 94.3% of cases, SAPs were underpinned by significant emotional distress, with often harrowing accounts of this distress provided by parents. Whilst the mean age of the CYP in this sample was 11.6 years (StDev 3.1 years), their SD was evident to parents from a much younger age (7.9 years). Notably, 92.1% of CYP currently experiencing SD were described as neurodivergent (ND) and 83.4% as autistic. The Odds Ratio of autistic CYP experiencing SD was 46.61 (95% CI [24.67, 88.07]). Autistic CYP displayed SD at a significantly earlier age, and it was significantly more enduring. Multi-modal sensory processing difficulties and ADHD (amongst other ND conditions) were also commonly associated with SD; with SD CYP having an average of 3.62 NDs (StDev 2.68). In addition, clinically significant anxiety symptomology (92.5%; ASC-ASD-P) and elevated demand avoidance (EDA-8) were also pervasive. Mental health difficulties in the absence of a ND profile were, however, relatively rare (6.17%). Concerningly, despite the striking levels of emotional distress and disability reported by parents, parents also reported a dearth of meaningful support for their CYP at school.</jats:p>;                 </jats:sec>;                 <jats:sec>;                   <jats:title>Conclusion</jats:title>;                   <jats:p>Whilst not a story of exclusivity relating solely to autism, SD is a story dominated by complex neurodivergence and a seemingly systemic failure to meet the needs of these CYP in UK schools. Given the disproportionate number of disabled CYP impacted, we ask whether the UK is upholding its’ responsibility to ensure the “right to an education” for all CYP (Human Rights Act 1998).</jats:p>;                 </jats:sec>",,,,,Attendance; Distress; Anxiety; Psychology; Medicine; Clinical psychology; Psychiatry; Demography; Pediatrics; Economic growth; Economics; Sociology,,,,,https://www.medrxiv.org/content/medrxiv/early/2022/11/07/2022.09.28.22280324.full.pdf https://doi.org/10.1101/2022.09.28.22280324,http://dx.doi.org/10.1101/2022.09.28.22280324,,10.1101/2022.09.28.22280324,,,0,000-932-303-769-694; 001-332-582-841-923; 002-249-551-168-78X; 005-441-452-760-832; 005-602-356-584-001; 008-545-892-581-200; 011-846-195-243-959; 013-132-174-448-515; 013-193-226-254-333; 015-136-714-520-823; 017-641-090-016-118; 017-797-404-947-355; 021-586-941-398-480; 021-676-036-682-659; 022-779-296-817-351; 024-209-417-383-173; 030-185-457-249-167; 031-519-204-514-122; 033-674-781-502-669; 037-722-797-951-572; 039-016-329-241-515; 040-689-646-700-510; 042-170-899-870-00X; 042-705-644-056-346; 045-681-822-842-944; 049-342-576-202-413; 055-214-995-958-355; 055-384-514-545-405; 056-769-277-832-649; 059-937-394-468-507; 061-016-692-349-798; 073-392-689-653-873; 078-474-669-099-44X; 082-464-324-208-431; 084-233-661-787-889; 087-417-791-871-03X; 088-152-343-361-816; 090-323-955-894-010; 092-441-128-507-160; 101-202-780-112-801; 112-989-484-767-417; 113-309-425-031-826; 119-226-748-371-213; 119-255-879-856-002; 121-220-191-557-073; 131-149-383-580-386; 131-423-542-523-282; 135-233-413-054-051; 147-330-644-924-35X; 151-908-942-256-276; 157-080-314-614-387; 168-400-501-701-557; 172-835-281-304-695; 181-077-036-070-22X; 192-452-827-202-402,5,true,,green
142-991-233-094-618,"Autism, Personality, and Human Diversity: Defining Neurodiversity in an Iterative Process Using Aspie Quiz",2013-07-01,2013,journal article,Sage Open,21582440,SAGE Publications,United States,Leif Ekblad,"The aim of this study was to define neurodiversity in a scientific manner so it can be researched in further studies without involving disorders defined by psychiatry or popular beliefs about neurodiversity in the autistic community. Neurodiversity was defined as the primary factor output by factor analysis of a data set of human behaviors which contains evenly distributed traits of all sorts that cover all of human diversity. Neurotypical function was defined as the second factor. The study used many different traits and a large sample to find the full extent of neurodiversity, and to provide evenly distributed traits. The result was a test with 145 scoring items and 5 control items that could give participants a neurodiverse and a neurotypical score, and an indication that the participant was neurodiverse, neurotypical, or mixed. It was found that the neurodiversity score was independent of gender and age, and that the prevalence appears to have remained unchanged. There were possible differences in racial prevalence that need further research. The results correlated to many disorders defined by psychiatry, and also with several factors in personality tests. People who had been diagnosed with these disorders had considerably higher neurodiversity scores. The idea that neurodiversity was at the extreme end of a normal distribution was not supported, rather it was found that neurodiversity had its own normal distribution overlapping typical traits.",3,3,2158244013497722,,Experimental psychology; Human behavior; Developmental psychology; Psychology; Personality; Autism; Neurotypical; Test (assessment); Neurodiversity; Behavioural sciences,autism; neurodiversity; personality; experimental psychology; psychology; social sciences; psychiatry; behavioral sciences; factor analysis,,,,http://journals.sagepub.com/doi/full/10.1177/2158244013497722 https://doaj.org/article/96f3425992de446bbdd4d05b730e8e77 http://journals.sagepub.com/doi/abs/10.1177/2158244013497722 https://sgo.sagepub.com/content/3/3/2158244013497722.full.pdf http://www.bahaistudies.net/neurelitism/library/Leif_Ekblad.pdf https://sgo.sagepub.com/content/3/3/2158244013497722.abstract https://journals.sagepub.com/doi/pdf/10.1177/2158244013497722 https://journals.sagepub.com/doi/abs/10.1177/2158244013497722 https://paperity.org/p/34391296/autism-personality-and-human-diversity-defining-neurodiversity-in-an-iterative-process https://core.ac.uk/display/89702164,http://dx.doi.org/10.1177/2158244013497722,,10.1177/2158244013497722,2107427998,,0,001-461-689-177-576; 004-020-177-439-814; 010-561-012-362-416; 012-092-485-922-640; 014-468-000-725-442; 017-122-315-974-874; 019-197-671-344-261; 022-965-700-765-434; 027-662-390-561-455; 029-507-021-748-321; 031-519-412-951-757; 032-615-603-915-480; 038-333-528-442-718; 042-787-663-227-499; 045-437-881-893-173; 047-157-901-171-132; 055-871-310-070-151; 056-943-681-779-967; 059-547-260-015-170; 061-170-893-361-027; 068-865-428-808-888; 070-770-369-133-648; 071-027-978-673-311; 076-615-287-089-442; 081-875-398-350-078; 084-222-945-077-05X; 086-208-568-785-967; 109-161-341-759-905; 142-988-822-045-518,17,true,cc-by,gold
143-007-382-460-202,Neurodiversity awareness: Is Malaysia there yet?,2019-12-01,2019,journal article,International Journal of Evaluation and Research in Education (IJERE),26205440; 22528822,Institute of Advanced Engineering and Science,,Aida Binti A.Rahman; John Woollard,"Scientific research on dyslexia has taken place for the past 50 years during which time arguments on brain deficiency have created tensions between education and cognitive neuroscience researchers. However, clinical research on dyslexia through functional magnetic resonance imaging (fMRI) has finally revealed that a dyslexic’s brain works differently. The findings have finally brought in a new synergy between research in education and cognitive neuroscience and empirically supported the neurodiversity movement. Recently, neurodiversity has been used as a framework for specific learning difficulties (SpLD) justice and to support dyslexia in inclusive education. This qualitative study was conducted to understand the Malaysian mainstream primary school teachers’ beliefs about SpLD and the current framework for Malaysian literacy support programme. The data collection is through social media focus group discussion and individual instant messaging interviews with forty-one teachers. The findings reveal that the current programme is built on theories of remediation and that the teachers have exhibited good levels of understanding of remediation, but not yet understand neurodiversity. It makes recommendations with regard to teacher professional development.",8,4,676,685,Remedial education; Learning disability; Psychology; Qualitative research; Pedagogy; Neurodiversity; Dyslexia; Professional development; Literacy; Focus group,,,,,https://ijere.iaescore.com/index.php/IJERE/article/download/20307/12923 https://eric.ed.gov/?id=EJ1238367 http://ijere.iaescore.com/index.php/IJERE/article/view/20307/12923 https://eprints.soton.ac.uk/439399/ http://files.eric.ed.gov/fulltext/EJ1238367.pdf https://files.eric.ed.gov/fulltext/EJ1238367.pdf,http://dx.doi.org/10.11591/ijere.v8i4.20307,,10.11591/ijere.v8i4.20307,2965828049,,0,,6,true,cc-by-nc,gold
143-408-130-384-853,The Schools Unified in Neurodiversity Collaborative: Co-designing a program to enhance educator knowledge and efficacy supporting children with neurodevelopmental disabilities.,2025-11-13,2025,journal article,Autism : the international journal of research and practice,14617005; 13623613,SAGE Publications,United States,Kelly B Beck; Amy Ionadi; Timothy Wagner; Daniel Beck; Rachel Harris; Stephen Edwards; Donna Westbrooks-Martin; Jamie Upshaw; Andre Rhone; Taylor Kesich; Allie Kleinschmidt; Carla A Mazefsky,"Autistic and other neurodivergent youth face social, sensory, and environmental challenges at school that negatively impact learning and well-being. Yet, most educators are not trained in neurodevelopmental disabilities, leaving them with outdated knowledge and limited confidence about how to support neurodivergent youth at school. In a two-phase project, we sought to (1) co-design a comprehensive professional development training for school educators and (2) pilot test this training in one US public school district. First, we used community-based participatory research methods to form an interdisciplinary team of neurodivergent educators and autistic community members. We then used human-centered design methods to iteratively design the Schools Unified in Neurodiversity professional development training for US K-12 educators. In Phase 2, we demonstrated feasibility and acceptability of the resulting training in a sample of 192 educators, grades K-12. Significant improvements were noted in educator knowledge and self-efficacy in pre- to post-assessments. Together, community-based participatory research and human-centered design provided a promising community-driven approach to development, resulting in a training that was well received and conducive to implementation. Future work will test the effects of the Schools Unified in Neurodiversity training on youth outcomes and explore the role of professional learning communities to support implementation and sustain change.Lay AbstractNeurodivergent children are children who have neurodevelopmental or cognitive disabilities (e.g. autism spectrum disorder, attention deficit hyperactivity disorder, brain injury, dyslexia, Tourette's, and other neurological disorders). Neurodivergent children have heightened risk for mental health problems and poor learning outcomes compared to their peers. Sadly, school experiences contribute to these poor outcomes. Every day, neurodivergent children face a multitude of barriers and negative events at school that exacerbate their neurocognitive, sensory, and social communication differences, and even make them feel unsafe. Educators do not have the knowledge of how to support neurodivergent children and cannot practically provide individualized supports to each neurodivergent child in their classroom. A new approach is needed to ensure that school is a positive, enriching experience instead of the stressful, negative experience that it is for most neurodivergent students. This project aimed to transform schools for neurodivergent children by giving public school educators the knowledge they need to create a safe and inclusive school climate for all children. We developed the Schools Unified in Neurodiversity training with a group of researchers, teachers, counselors, principals, administrators, and advocates all with personal connections to neurodiversity. The Schools Unified in Neurodiversity training program teaches a series of practical tools to design classrooms and instruction in ways that eliminate unnecessary barriers and set neurodivergent children up for success at school. We tested the Schools Unified in Neurodiversity training program in one school district with 192 educators. Results suggest that this program is agreeable to teachers and improves their knowledge and confidence in supporting their neurodivergent children. Future work will test how the Schools Unified in Neurodiversity training program helps neurodivergent youth directly and if teachers can sustain these positive changes in knowledge and confidence.",30,2,412,425,Psychology; Autism; Autism spectrum disorder; Developmental psychology; Participatory action research; Cognition; Test (biology); Learning disability; Mental health; Autistic spectrum disorder; Citizen journalism; Medical education; Parent training; Professional development; Autistic spectrum; Intellectual disability; Cognitive development; Clinical psychology; Neurodevelopmental disorder; Face (sociological concept); Psychomotor learning; Research design; Sample (material); Special education; Attention deficit hyperactivity disorder; Developmental disorder; Child development; Knowledge level; Applied psychology; Public health,autism; community-based participatory research; human-centered design; neurodiversity; school inclusion; teacher education; human centered design; community based participatory research,Humans; Community-Based Participatory Research; Child; Schools/organization & administration; Neurodevelopmental Disorders/rehabilitation; Female; Male; School Teachers; Teacher Training; Program Development; Pilot Projects,,NICHD NIH HHS (L30 HD109969) United States; NIMH NIH HHS (P50 MH130957) United States,,http://dx.doi.org/10.1177/13623613251388627,41230624,10.1177/13623613251388627,,PMC12616365,0,000-364-381-996-726; 002-089-849-960-606; 002-718-607-506-231; 003-100-516-271-969; 003-660-342-561-899; 009-614-682-908-706; 012-192-150-833-943; 012-966-469-427-193; 013-039-893-477-551; 019-423-250-224-993; 021-951-067-185-19X; 023-600-053-756-017; 028-370-687-740-966; 031-577-033-169-20X; 033-885-302-743-749; 035-538-298-932-913; 036-033-780-511-570; 036-525-574-176-979; 041-643-219-942-323; 047-341-565-880-449; 058-133-306-288-515; 058-562-375-464-434; 062-404-167-387-025; 065-921-914-028-670; 072-270-136-467-50X; 072-510-170-707-052; 076-335-959-905-048; 082-470-498-505-197; 085-903-792-015-332; 087-417-791-871-03X; 102-172-593-972-517; 105-962-151-561-062; 116-161-546-983-218; 121-394-960-426-634; 139-919-334-900-725; 153-277-940-912-721; 157-488-649-516-024; 195-326-467-127-163,2,true,,green
146-464-672-844-08X,"Contextualizing Positionality, Intersectionality, and Intelligence in the Anthropocene.",2024-04-17,2024,journal article,Journal of Intelligence,20793200,MDPI AG,Switzerland,Lisa A Suzuki; Taymy J Caso; Aysegul Yucel; Ahad Asad; Haruka Kokaze,"The geological epoch of the Anthropocene has challenged traditional definitions of what intellectual abilities are necessary to creatively problem-solve, understand, and address contemporary societal and environmental crises. If we hope to make meaningful changes to how our society addresses these complex issues and pave the way for a better future for generations to come, we must advance traditional theories and measures of higher-order abilities to reflect equity and inclusion. To this end, we must address global issues by integrating the complexities of intersectional identities as they impact our understanding of what constitutes intelligence in individuals, groups, and diverse communities. This re-envisioning of intelligence presents new complexities for understanding and challenges for our field beyond the boundaries of what has been previously touted by many disciplines, including psychology. It is an opportunity to re-envision what it means to be intelligent in a diverse global context while also honoring and recognizing the value of difference, positionality, and other ways of knowing.",12,4,45,45,Anthropocene; Context (archaeology); Sociology; Intersectionality; Equity (law); Epistemology; Value (mathematics); Environmental ethics; Field (mathematics); Inclusion (mineral); Engineering ethics; Social science; Computer science; Political science; Geography; Anthropology; Archaeology; Philosophy; Machine learning; Mathematics; Pure mathematics; Law; Engineering,Anthropocene; adaptive intelligence; intersectionality,,,,https://www.mdpi.com/2079-3200/12/4/45/pdf?version=1713412998 https://doi.org/10.3390/jintelligence12040045 https://pmc.ncbi.nlm.nih.gov/articles/PMC11050987/pdf/jintelligence-12-00045.pdf https://www.ncbi.nlm.nih.gov/pmc/articles/11050987,http://dx.doi.org/10.3390/jintelligence12040045,38667712,10.3390/jintelligence12040045,,PMC11050987,0,002-125-331-695-866; 005-520-715-026-943; 005-600-883-923-061; 005-726-632-001-867; 007-109-350-642-868; 008-613-424-138-007; 008-804-614-082-050; 010-527-104-406-552; 010-902-474-425-330; 011-729-679-282-492; 014-679-518-732-700; 015-807-939-475-490; 017-413-082-239-421; 017-542-489-491-478; 018-070-069-897-045; 021-292-907-343-925; 021-313-544-646-168; 021-453-221-670-627; 021-587-479-470-589; 022-059-142-630-062; 022-818-818-504-213; 023-015-172-587-44X; 023-167-381-767-992; 024-499-560-727-790; 026-625-227-507-871; 028-099-776-541-840; 028-102-150-775-623; 030-531-558-888-610; 034-344-553-490-20X; 034-455-673-702-344; 034-540-350-247-160; 035-432-135-318-817; 035-534-848-526-058; 036-754-302-979-478; 038-105-422-777-216; 038-859-844-659-579; 041-252-301-785-269; 041-337-936-655-188; 044-197-637-665-658; 044-314-523-189-921; 044-578-228-857-711; 045-028-814-724-604; 046-601-602-611-451; 049-119-415-392-170; 050-018-549-937-474; 050-814-849-051-090; 051-610-315-419-913; 055-196-129-529-769; 055-421-816-164-552; 055-941-085-900-876; 056-351-240-605-794; 057-892-294-980-918; 058-919-445-872-206; 059-877-541-778-985; 060-409-178-877-759; 061-539-710-850-619; 062-087-162-139-827; 066-210-082-625-08X; 067-213-550-301-327; 067-642-252-363-429; 068-837-614-853-676; 070-400-238-789-438; 071-858-755-151-900; 072-545-871-052-749; 073-306-068-861-465; 074-124-416-454-938; 075-567-006-765-011; 077-379-981-385-30X; 078-678-186-862-716; 079-397-631-858-690; 085-965-395-689-492; 089-606-881-624-898; 093-261-887-108-556; 093-478-858-519-118; 098-881-625-542-124; 099-326-634-555-924; 099-394-369-505-022; 099-636-351-798-057; 101-215-866-746-146; 101-370-543-680-461; 106-420-755-711-009; 108-022-738-453-086; 109-331-658-303-972; 110-816-194-130-196; 111-785-485-866-483; 112-857-158-581-786; 115-074-818-124-782; 115-171-705-793-124; 115-221-595-864-464; 115-710-051-447-416; 119-285-606-990-30X; 120-132-475-675-622; 120-262-209-589-647; 120-504-541-052-47X; 131-423-542-523-282; 132-025-805-133-888; 133-349-141-738-59X; 135-828-961-494-093; 143-381-459-618-662; 149-957-520-498-186; 160-149-780-338-720; 164-624-228-303-079; 167-556-776-587-639; 169-399-976-852-667; 171-636-305-771-063; 181-632-785-664-48X; 183-429-805-530-761,0,true,cc-by,gold
146-667-789-550-798,Academic and Socio-Emotional Experiences of a Twice-Exceptional Student.,2025-10-02,2025,journal article,"Behavioral sciences (Basel, Switzerland)",2076328x,,Switzerland,Davut Açar; Muhammet Davut Gül,"Twice-exceptional students, who are both gifted and present with characteristics of neurodiversity such as Autism Spectrum Disorder (ASD), possess distinctive academic and socio-emotional needs that necessitate individualized educational strategies. This qualitative case study explores the academic and socio-emotional experiences of Murat, an eighth-grade learner identified as gifted and diagnosed with ASD, from the perspectives of the student himself, his mother, and his teachers. Data were collected through semi-structured interviews and analyzed using Braun and Clarke's six-phase reflexive thematic analysis. The findings revealed that Murat achieved success in mathematics and science, particularly within enriched, strength-oriented environments that accommodated his sensory sensitivities. Despite challenges in social skills and group participation, he benefited considerably from teacher scaffolding and interactive pedagogies. His mother's active engagement and strong family-school collaboration emerged as pivotal factors in his developmental progress. This study extends beyond individual challenges to highlight the potential strengths that arise from by the intersection of neurodiversity and giftedness. Additionally, it contributes to the limited body of literature exploring how the notion of twice-exceptionality manifests within underrepresented educational contexts. Future research could investigate diverse socio-cultural contexts and develop strategies to enhance teacher preparation and family engagement in supporting gifted learners with ASD.",15,10,1349,1349,Psychology; Thematic analysis; Reflexivity; Autism spectrum disorder; Pedagogy; Intersection (aeronautics); Qualitative research; Mathematics education; Student engagement; Social skills; Qualitative property; Social constructionism; Developmental psychology; Higher education; Academic achievement; Medical education; Educational research; Autism,academic; socio-emotional; twice-exceptional,,,,https://www.mdpi.com/2076-328X/15/10/1349/pdf?version=1759401454 https://doi.org/10.3390/bs15101349,http://dx.doi.org/10.3390/bs15101349,41153139,10.3390/bs15101349,,PMC12562253,0,001-965-081-360-435; 005-581-601-226-241; 005-905-495-058-018; 010-711-118-531-047; 011-817-162-064-134; 015-282-308-084-005; 016-651-740-681-551; 020-610-908-000-881; 022-436-891-996-150; 024-511-288-197-581; 026-370-037-556-304; 026-530-679-466-351; 028-947-117-687-896; 036-349-942-971-360; 036-674-780-195-766; 039-711-352-470-038; 040-027-188-498-956; 043-689-246-554-533; 044-781-995-209-487; 047-085-093-804-885; 052-504-609-362-219; 055-438-829-308-050; 057-253-608-149-473; 067-377-302-772-331; 068-644-683-349-149; 070-906-556-689-131; 071-823-059-262-850; 074-058-351-929-345; 078-507-266-195-371; 080-564-152-330-056; 082-998-723-992-530; 083-436-034-760-787; 086-433-262-082-194; 089-161-429-036-732; 104-727-950-737-398; 106-124-905-404-375; 113-112-806-149-001; 116-511-180-335-714; 137-565-613-346-01X; 158-303-876-498-21X; 171-614-996-858-389; 177-573-961-407-406; 183-059-025-555-591; 183-517-453-699-650; 196-462-571-252-418,1,true,cc-by,gold
150-013-883-883-793,Opening Eyes - Human rights and visual impairment,2021-02-04,2021,book chapter,Opening Eyes,27100979,AOSIS,,Juan Bornman,"Peer review declaration The publisher (AOSIS) endorses the South African 'National Scholarly Book Publishers Forum Best Practice for Peer Review of Scholarly Books.' The manuscript was subjected to rigorous two-step peer review prior to publication, with the identities of the reviewers not revealed to the author(s). The reviewers were independent of the publisher and/or authors in question. The reviewers commented positively on the scholarly merits of the manuscript and recommended that the manuscript be published. Where the reviewers recommended revision and/or improvements to the manuscript, the authors responded adequately to such recommendations.",,,47,77,Psychology; Human rights; Visual impairment; Audiology,Teaching; Learning; Assessment; Design; Inclusion Visual impairment pedagogy; Inclusive education; Teacher competencies; Pedagogical tools; Instructional strategies Accessibility; Autonomy; Equality; Justice; Nondiscrimination Human rights; Barriers; Diversity; White Paper; Inclusion Adaptations; Augmentative and alternative communication; Barriers to learning; Expectations; Functional assessment; Functional vision; MIVI teachers; Multiple impairments; Support; Teamwork Implementation; Knowledge; Skills; Teachers; Stakeholders; Training Orientation skills; Vision skills; Daily living skills; Mobility skills; Functional vision assessment Higher-order; Emotion; Identification; Competence; Outcomes Collaboration; Communities; Families; Partnerships; Schools Transitioning; Inclusion; Foster care; Peers; Barriers to learning Transitioning; Inclusion; Comorbid; Peers; Barriers to learning Articulation gap; Social model for disability; Challenges of transition; Barriers to learning; Educational transition,,,,http://dx.doi.org/10.4102/aosis.2020.bk179.03,http://dx.doi.org/10.4102/aosis.2020.bk179.03,,10.4102/aosis.2020.bk179.03,3127310917,,0,087-711-990-917-878; 092-097-689-296-375; 105-034-179-346-549,0,true,cc-by-nc-sa,hybrid
151-029-542-753-838,Neurocognitive mechanisms underlying autism spectrum disorders: a literature review.,2025-10-03,2025,journal article,Frontiers in psychiatry,16640640,Frontiers Media SA,Switzerland,Shixian Liu; Dongmei Zeng; Caiying Yi; Meijun Zhu,"<AbstractText Label=""Introduction"" NlmCategory=""UNASSIGNED"">Autism spectrum disorder (ASD) is associated with complex neurocognitive alterations that impact social cognition, executive function, and sensory processing. Understanding these mechanisms is essential for advancing diagnosis and treatment strategies.</AbstractText>;           <AbstractText Label=""Methods"" NlmCategory=""UNASSIGNED"">We conducted an integrative review of recent findings from structural neuroimaging, functional connectivity, molecular biology, cognitive studies, genetics, and epigenetics. Interdisciplinary approaches were summarized to examine regulatory mechanisms involved in neural development and function, as well as their impact on ASD pathophysiology.</AbstractText>;           <AbstractText Label=""Results"" NlmCategory=""UNASSIGNED"">Evidence from brain imaging studies demonstrates notable structural changes and disrupted neural circuit connectivity, affecting both local and global communication within the brain. Neurotransmitter system dysregulation, particularly involving glutamatergic and GABAergic pathways, contributes to excitation-inhibition imbalance, a hallmark of ASD. Genetic and epigenetic research highlights familial inheritance patterns and gene-environment interactions regulating neurodevelopment. Advancements in neuroimaging biomarkers have improved early diagnosis, while customized treatment approaches targeting specific neurobiological elements are associated with better clinical outcomes.</AbstractText>;           <AbstractText Label=""Discussion"" NlmCategory=""UNASSIGNED"">This review underscores the importance of a multidimensional framework that integrates imaging, molecular biology, and genetics in understanding ASD. The findings emphasize the heterogeneity of ASD and point to the necessity of individualized treatment strategies. Future research should prioritize early biomarker identification and the development of personalized therapies responsive to neural system complexity and diverse treatment outcomes.</AbstractText>;           <CopyrightInformation>Copyright © 2025 Liu, Zeng, Yi and Zhu.</CopyrightInformation>",16,,1633658,1633658,Neurocognitive; Autism; Autism spectrum disorder; Psychology; Identification (biology); Biomarker; Neuroscience; Personalized medicine; Precision medicine; Cognitive psychology; Cognition; Neural system; Neuropsychology; Medicine; Clinical psychology; Cognitive science; Brain development; MEDLINE; Psychiatry; Disease; Neurogenetics; Developmental psychology; Human genetics; Perspective (graphical); Endophenotype,autism spectrum disorder; genetic factors; neural circuits; neurocognitive mechanisms; synaptic function,,,,https://www.frontiersin.org/journals/psychiatry/articles/10.3389/fpsyt.2025.1633658/pdf https://doi.org/10.3389/fpsyt.2025.1633658,http://dx.doi.org/10.3389/fpsyt.2025.1633658,41113188,10.3389/fpsyt.2025.1633658,,PMC12532009,0,000-333-766-278-918; 000-663-317-836-066; 005-224-394-908-630; 005-780-988-894-376; 006-394-422-199-519; 007-133-652-279-312; 008-282-870-084-885; 009-855-301-694-925; 011-190-947-829-102; 012-038-412-072-684; 014-083-527-597-574; 017-071-855-501-309; 017-118-391-391-652; 018-317-126-647-360; 019-408-727-731-306; 019-471-938-103-862; 020-502-970-374-704; 022-748-870-044-292; 026-960-871-679-656; 028-292-389-611-751; 028-435-477-338-770; 029-098-492-072-028; 030-955-574-593-715; 031-458-178-315-173; 032-826-760-643-909; 032-936-918-902-307; 034-148-017-088-817; 036-091-795-874-943; 036-693-480-580-105; 038-072-705-536-203; 038-338-027-630-027; 038-771-445-579-145; 039-021-259-072-176; 042-218-187-827-10X; 042-763-552-588-623; 045-323-305-903-390; 048-251-018-827-857; 048-289-543-139-597; 048-723-532-874-27X; 051-326-068-945-853; 053-108-373-969-138; 056-260-618-081-993; 056-972-709-018-346; 057-000-931-687-831; 059-854-370-852-690; 059-854-828-998-801; 060-108-736-159-948; 061-995-394-481-776; 067-064-155-556-761; 073-815-979-189-716; 074-732-364-683-93X; 076-624-307-798-209; 078-501-311-636-061; 078-872-045-147-961; 087-152-851-997-160; 091-564-419-054-433; 093-046-132-901-79X; 095-788-906-854-444; 095-872-181-200-938; 096-516-912-556-854; 096-574-405-090-733; 097-614-631-094-53X; 100-869-163-687-211; 102-855-193-323-115; 105-730-306-340-641; 106-599-642-387-276; 108-847-320-705-609; 122-527-350-758-095; 128-473-073-390-882; 129-457-154-101-030; 131-733-408-931-561; 133-682-608-363-007; 134-141-928-429-807; 137-169-986-290-720; 139-534-395-973-111; 146-449-527-801-336; 148-425-535-003-066; 153-561-033-096-271; 153-691-267-666-885; 157-895-988-188-019; 162-001-223-796-43X; 171-952-607-090-110; 172-554-771-721-01X; 179-423-714-382-802; 188-545-813-066-735; 190-049-052-353-615; 191-525-192-118-554; 193-969-367-927-813; 194-785-375-218-806; 198-893-373-107-161,3,true,cc-by,gold
151-302-300-378-89X,"Against cure, against backlash: neuroaffirmative responses to antifeminism and the war on autism",2026-01-07,2026,journal article,Frontiers in Political Science,26733145,Frontiers Media SA,,Rita Serra; Andreia Dickinson,"children's autism by unconsciously rejecting the role of maternity (Bettelheim, 1967;Douglas & Klar, 2019). Autism was the perfect metaphor for the social problems attributed to working women and feminist ideals, who were accused of sickening their children and disordering their families and the nation. Yet again, the category was kept white (Maddox, 2025). As one mother recalls in the documentary Refrigerator Mothers (2003): ""my son could not be autistic. I was not white, it was assumed that I was not educated and therefore he was labeled emotionally disturbed (...) You can't even be a refrigerator mother (laughs), the irony of it all"". Mother blaming was severely fought by parent advocacy movements, which redefined autism as its own disorder. Together with experts, parents established autism as clearly biological, with a hereditary basis, but caused by environmental triggers, such as pollutants, antibiotics and vaccines (Chapman, 2023). Autism was again framed as a 'social problem', this time as an epidemic of something worse than death. It was compared to an abductor (McGuire, 2016;Broderick & Roscino, 2021) that prevented the children from developing as fully humans, yet one that could be defeated through normalizing interventions. In this context, the figure of the autism's warrior mother emerged (Douglas, 2025), who blamed big pharma and sought to rescue and cure her children ""against all odds"" (McCarthy, 2008). In the aftermath of COVID-19, antivaccination movements gained traction, converging with conspiracy, wellness and far-right groups that shared a distrust in established experts and a desire to keep bodyminds healthy and pure from environmental and social aggressions (Brady et al., 2023;Hoffman et al., 2019). Once more, autism became the embodied metaphor for the physical and spiritual degeneration of Western societies in need of a cure -something that must be purged. The war on autism, as defined by MacGuire ( 2016), considers autism as some 'thing' and not a someone, a struggle between vital 'non-autistic' and non-vital 'autistic' parts. The autism industrial complex (McGuire, 2013;Broderick & Roscigno, 2021), promising a cure, was reinforced by alternative medicines; once autism is framed as an enemy (McGuire, 2016;Douglas, 2025), anyone can profit from the urge of middle-class parents to 'save' and 'develop' their kids. Understanding the conditions of emergence of autism as a concept allows us to understand it as a white category (Maddox, 2025;Ellis, 2023) at the service of the eugenic movement, which focuses both on negative traits to be eliminated and desirable traits for success. Ableism is a two-faced coin with negative discrimination on one side, and the glorification of 'superpowers' on the other, as seen in the obsession with gifted prodigies and indigo/crystal children (Waltz, 2009). Whenever the focus is on abilities instead of humanness, weaponization of autism can occur. We identify three tropes where autistics are weaponized within the far-right: as 1) ""all-powerful masters-of-technology"" (Welch et al., 2022); 2) victims in incel culture; and 3) vulnerable to gender ideology. In the first trope, (male) autistics are simultaneously glorified on the basis of their cognitive skills at the service of the cause, and derogated by lacking social skills. This trope relies on a narrow conception of rationality-one that is systematizing, technical, and culturally coded as masculine. As Tavares, Mattos, & Tsallis (2023) argue through their analysis of Mel Baggs's work, this is in line with a patriarchal and ableist ""male rationality"" that is used to exclude autistic forms of intelligence and communication that are more empathetic, relational, or non-linear. Yet, for some autistic people, the partial acceptance offered within the far-right community may be preferable to the lack of acceptance they experience in society (Welch et al., 2022). This aligns with 'Aspie supremacy' -the view that Aspies (from Asperger's Syndrome, named after the Nazi doctor) are superior to other autistics and non-autistics ""in terms of whiteness, masculinity and economic worthiness"" (de Hooge, 2019). In the second trope, autistics are weaponized in the opposite direction, through naturalized oppression, placing them at the bottom of a social hierarchy (supposedly) defined by female preferences. The incels are thus vowed to absolute rejection, which fuels reactions of ""aggrieved entitlement to women"", amid a context of ableism and 'networked misogyny' (Gheorghe & Clement, 2023). In the third trope, autism is weaponized against trans people, hindering their access to transition-related services and social acceptance. The overlap between autism and transgender is emphasized, framing autistic people as vulnerable to the so-called gender ideology, which purportedly induces confusion and pressures them to transition (Maddox, 2025). The consequences of the war on autism for autistic people are multiple and layered across social class, race, gender and disability. To begin with, working class individuals, racialized groups, women and non-binary folks, and autistic people with co-occurring disabilities are often excluded from this battle, as they are frequently denied access to diagnosis due to autism's construction as a white, male, middle-class category (Jack, 2011;Fox, 2025). The lack of recognition of autism in childhood can result in lack of support and adverse experiences, such as incomprehension and unhelpful labels, bullying and sexual violence, as reported by late-diagnosed autistics, in particular, women (Botha & Gillespie-Lynch, 2022;Cazalis et al., 2022). Black autistic men may have their lives endangered during public meltdowns (Yates Flanagan et al., 2025); non-speaking autistics or those with co-occurring disabilities risk being institutionalized and subjected to forced sterilization, aversives, restraint, and seclusion. Those considered 'high-functioning' are often forced to mask their traits daily, which can lead to a great deal of suffering, autistic burnout, and even suicide, as seen among autistic doctors (Shaw et al., 2023) and other skilled professionals. Those diagnosed in childhood may face therapies that aim to make them ""indistinguishable from their normal friends"" (Lovaas, 1987, p. 8), notably, applied behavior analysis (ABA). ABA is the primary target of the wars between parents and neurodiversity advocates, as while parents seek therapies that promise social inclusion through normativity, autistic adults who were subjected to ABA as children report it as a profoundly traumatizing experience (Kupferstein, 2018;Anderson, 2023). Framing autism as a 'thing' to be fought rather than a 'someone' justifies harmful practices operated on autistic bodies such as chelation, intensive therapies or aversive electroshocks (Douglas & Klar, 2019). In the extreme, it can legitimize filicide as a 'merciful killing' (McGuire, 2016). Above all, the focus on prevention and cure negates autistic subjectivities, experiences, and humanness (Bergenmar et al., 2015;de Hooge, 2019;Douglas & Klar, 2019), undermining support and disability rights (Pellicano et al., 2014;Botha & Cage, 2022). Neuroaffirmative responses are based in an anti-cure perspective, and are rooted in the neurodiversity movement built over four decades (Kapp, 2020). We highlight four underlying counterstrategies: 1) defining autism as an identity; 2) adulting autism; 3) science as advocacy; 4) self-advocacy. Defining autism as an identity was essential to reconceptualizing it from a 'thing' to a 'someone', as done by Jim Sinclair's (1993) in his seminal lecture at the parents' conference. The aim was to establish autism as an integral part of a person's being, coloring every experience, putting an end to its understanding as a separate entity that could be removed. This approach legitimized first person accounts and identity-first language (e.g., 'autistic person' instead of 'person with autism'), and encouraged unmasking in safe environments (Price, 2022). We coin the term 'adulting autism' to refer to the crucial move of rescuing autism from being exclusively viewed as a child disorder, introducing the notion that autistic people grow and develop at their own pace, but also need support as they age. This was essential for establishing epistemic validity and challenging the marginalization of autistic people as knowers of their own bodies (Chapman & Carel, 2022). Engaging in scientific production was critical for building the neurodiversity paradigm, recentering autism as a natural variation of human bodyminds, and politically advocating for its acceptance, including it in our concepts of humanness instead of pathologizing it. Some critical steps were the debunking of ToM (theory of the mind) theory (Baron-Cohen et al., 1985) and deficit-based biomedical approaches to autism (Chapman, 2021(Chapman, , 2023)), exposing its ableist bias and eugenic tenets, advancing other theories that reduce the non-autistic bias, such as the double empathy theory (Milton, 2012). This set the basis for a different knowledge production, more participatory, community-based and led and authored by autistic researchers (Nicolaidis et al., 2019;Yergeau, 2018). Finally, the foundation of self-advocacy associations has been critical for advancing autistic rights -from combating misinformation (e.g., the Autistic Self Advocacy Network's work against false claims about acetaminophen and vaccines) to opposing abuse and torture in the name of cure (e.g., protests against the Judge Rotenberg Center; Neumeier & Brown, 2020) and promoting acceptance among parents, clinical professions and the general society. Neuroaffirmative responses to antifeminism must account for the co-construction of autism with gender and motherhood, focusing on intersectional and anti-eugenic approaches. Gender is indissociable from autism, as it was historically constructed as the outcome of an ""extreme male brain"" ( Baron-Cohen, 2002). This theory reinforces essentialized gender views, associating systematizing knowledge with masculinity and a lack of empathy (Jack, 2011). Many autistic people are gender-nonconforming, identifying as non-binary or sexually diverse. A key strategy is to emphasize the natural diversity of sex and gender, exposing nature as inherently unruly and evolutionary queer (Roughgarden, 2013). Autistic experiences of masculinity and femininities must also be researched, including toxic forms of masculinity and forced adoption of gender stereotyped roles as part of masking, to think how autistic alternative masculinities and femininities can look like as part of unmasking. Motherhood is a central aspect of autism and antifeminism, as women are expected to breed and nurture the citizens of the nation state, educating them to fit in and conform with society's goals and standards. Mother warriors represent this far-right subjectivity, and a feminist perspective may require the 'unmothering' of autism (Douglas, 2025), advocating for neurodiversity while challenging intensive, normative maternity under 'end of times fascism' (Klein & Taylor, 2025), and including the parental rights of fathers. Supporting neurodivergent mothers is essential to grant reproductive rights to autistic and disabled women, including freedom from coerced sterilization (Malacrida, 2020), access to abortion and contraception, and comprehensive reproductive healthcare and education, including consent-based sexual education for autistic people. Framing autism as a 'thing' to be fought... negates autistic subjectivities, experiences, and humanness. This logic of exclusion is what autistic scholar and activist Mel Baggs fundamentally challenged. As analyzed by Yergeau (2018), Baggs's work demonstrates that rhetorics of the human are often deployed to dehumanize and exclude the validity of autistic ways of being. Our argument, therefore, is for a political and ethical expansion of humanness-one that fully includes autistic experience not as a deficit, but as a vital part of the human spectrum. Intersectional approaches are critical to support autistic people from vulnerable groups, such as migrants, and critically assess how autism is being constructed beyond male and white conceptions. Intersectional approaches with disability will be central (Malacrida, 2020;Roscigno, 2021;Botha & Gillespie-Lynch, 2022;Ellis, 2023;Fox, 2025;Jones et al., 2025), as autistic people experience different support needs throughout life, and can have co-ocorrences with other neurodivergences, chronic diseases or mental illnesses (Csecs et al., 2022;Raymaker et al., 2020); this calls for finding ways for autistic people with intellectual disability to participate in the neurodiversity movement, and forging alliances with movements such as crip activism (de Hooge, 2019), disability and civil rights movements, in uniting struggles such as enabling independent living. Anti-eugenic approaches must target not only negative eugenics but also the positive eugenics that enable supremacy thinking. Acceptance must find ways of ""staying with the trouble"" (Haraway, 2016), exploring what autistic flourishing (Chapman & Carel, 2022;Pellicano & Heyworth, 2023;Hedlun et al., 2025) might mean, while exposing the racism that might come historically attached to biological explanations of identities as social categories. While autism should not be seen as an innate basis that handicaps human connections, different biologies require different ways to communicate and connect, and non-autistics must also learn how to do it. Expanding humanness is fighting against a hierarchical and unilinear (Ellis, 2023) order of human development, to liberate all of us from a perpetual urge for perfection aimed at value extraction (Broderick & Roscigno, 2021;Chapman, 2023;Maddox, 2025), which defines us as unfit and hinders our possibilities of rest and of experiencing the joy of being alive in our imperfect and impure bodies, accepting and integrating all parts of us.",7,,,,Autism; Distrust; Metaphor; White (mutation); Irony; Psychology; Developmental psychology; Spanish Civil War; Sarcasm; Gender studies; Child rearing; Psychiatry; Social psychology; Sociology,,,,,https://public-pages-files-2025.frontiersin.org/journals/political-science/articles/10.3389/fpos.2025.1736909/pdf https://doi.org/10.3389/fpos.2025.1736909,http://dx.doi.org/10.3389/fpos.2025.1736909,,10.3389/fpos.2025.1736909,,,0,002-250-901-070-968; 010-768-826-027-404; 012-239-632-097-550; 014-985-444-611-53X; 018-719-357-563-297; 020-358-220-542-752; 025-884-633-554-630; 028-204-580-067-931; 029-723-809-612-020; 032-263-496-926-558; 044-956-794-934-545; 047-927-241-163-353; 063-231-802-712-231; 063-289-322-800-891; 066-839-055-328-416; 068-487-510-900-143; 079-007-606-086-338; 079-125-703-138-045; 083-520-320-019-22X; 085-475-820-999-028; 092-333-857-389-602; 092-441-128-507-160; 096-860-765-038-901; 102-269-123-530-221; 105-958-513-863-905; 112-873-066-928-80X; 113-798-414-990-247; 114-373-934-264-145; 127-847-527-079-464; 128-663-000-242-624; 137-824-806-135-802; 152-979-315-857-413; 156-973-117-799-767; 160-149-780-338-720; 160-659-653-529-612; 181-632-785-664-48X; 184-400-954-431-772; 184-585-477-452-039; 189-177-365-623-074; 193-027-663-476-341; 193-115-451-911-508; 194-821-396-708-236; 197-872-045-188-055,0,true,"CC BY, CC0",gold
153-587-766-200-887,Views of Genetic Testing for Autism Among Autism Self-Advocates: A Qualitative Study.,2024-04-21,2024,journal article,AJOB empirical bioethics,23294523; 23294515,Informa UK Limited,United Kingdom,Robert Klitzman; Ekaterina Bezborodko; Wendy K Chung; Paul S Appelbaum,"<AbstractText Label=""BACKGROUND"">Autism self-advocates' views regarding genetic tests for autism are important, but critical questions about their perspectives arise.</AbstractText>;           <AbstractText Label=""METHODS"">We interviewed 11 autism self-advocates, recruited through autism self-advocacy websites, for 1 h each.</AbstractText>;           <AbstractText Label=""RESULTS"">Interviewees viewed genetic testing and its potential pros and cons through the lens of their own indiviudal perceived challenges, needs and struggles, especially concerning stigma and discrimination, lack of accommodations and misunderstandings from society about autism, their particular needs for services, and being blamed by others and by themselves for autistic traits. Their views of genetic testing tended not to be binary, but rather depended on <i>how</i> the genetic test results would be used. Interviewees perceived pros of genetic testing both in general and with regard to themselves (e.g., by providing ""scientific proof"" of autism as a diagnosis and possibly increasing availability of services). But they also perceived disadvantages and limitations of testing (e.g., possible eugenic applications). Participants distinguished between what they felt would be best for themselves and for the autistic community as a whole. When asked if they would undergo testing for themselves, if offered, interviewees added several considerations (e.g., undergoing testing because they support science in general). Interviewees were divided whether a genetic diagnosis would or should reduce self-blame, and several were wary of testing unless treatment, prevention or societal attitudes changed. Weighing these competing pros and cons could be difficult.</AbstractText>;           <AbstractText Label=""CONCLUSIONS"">This study, the first to use in-depth qualitative interviews to assess views of autism self-advocates regarding genetic testing, highlights key complexities. Respondents felt that such testing is neither wholly good or bad in itself, but rather may be acceptable <i>depending on how it is used</i>, and should be employed in beneficial, not harmful ways. These findings have important implications for practice, education of multiple stakeholders, research, and policy.</AbstractText>",15,4,262,279,Autism; Psychology; Qualitative research; Genetic testing; Developmental psychology; Medicine; Sociology; Internal medicine; Social science,Advocacy; autism; bioethics; eugenics; genetics,Humans; Genetic Testing; Autistic Disorder/genetics; Male; Female; Qualitative Research; Social Stigma; Adult; Middle Aged; Patient Advocacy; Eugenics,,NICHD NIH HHS (P50 HD105351) United States; NHGRI NIH HHS (RM1 HG007257) United States,https://pmc.ncbi.nlm.nih.gov/articles/PMC11491495/pdf/nihms-1965917.pdf https://www.ncbi.nlm.nih.gov/pmc/articles/11491495,http://dx.doi.org/10.1080/23294515.2024.2336903,38643392,10.1080/23294515.2024.2336903,,PMC11491495,0,004-600-929-195-324; 005-371-854-397-828; 005-714-196-156-126; 005-894-272-978-246; 007-928-828-090-185; 011-683-718-710-517; 012-581-038-441-48X; 012-607-057-475-274; 012-878-945-817-521; 013-075-979-736-858; 016-132-316-771-377; 016-655-491-038-060; 017-127-692-974-514; 019-802-871-665-142; 023-020-208-890-712; 026-232-468-190-855; 027-756-447-568-031; 028-204-580-067-931; 031-201-623-881-576; 034-594-515-113-819; 036-064-827-130-68X; 036-969-531-495-66X; 037-002-091-386-406; 043-601-931-009-892; 044-925-441-724-890; 049-135-262-746-010; 052-550-032-541-374; 055-825-776-487-656; 058-032-850-879-586; 059-925-941-357-999; 060-498-805-987-859; 062-404-167-387-025; 067-594-119-993-858; 070-721-700-118-835; 073-256-166-778-54X; 076-127-083-008-556; 078-230-267-147-663; 080-986-410-560-875; 085-823-088-503-228; 091-040-355-815-397; 100-749-714-444-069; 101-037-439-532-224; 114-620-227-494-828; 116-159-012-158-923; 138-014-579-107-618; 142-081-392-770-107; 150-506-411-841-515; 167-556-776-587-639; 167-972-708-958-840; 180-813-779-294-458; 198-912-574-775-976,6,true,,green
154-529-915-596-442,"Edutainment pedagogies in education, a textual analysis.",2021-04-16,2021,preprint,,,Center for Open Science,,Bheemaiah Ak,"<p>Edutainment shows promise as an alternative and complementary pedagogy, in autistic education, in this paper we evaluate a textual analysis of a movie Inner Healing on the edutainment and infotainment Fire Stick ++ terminal, also serving as a dock station to student keyboards and laptops, the textual analysis of this important media, in education proves the neurodiversity viewpoint in the indigenous healing diaspora, proving autism as transcending a minority culture in a viewpoint of a gift and hence a strength with the acceptance of the whole, the diversity of the self in meltdowns, irrationality, rage and anger, all as part of a gift and an acceptance of oneself, the inner healing. This edutainment is a broad deviation from current western thought streams in autism interventions as proves the holistic and alternative viewpoints.</p>",,,,,World Wide Web; Sociology,Fire Stick; thin clients; Amazon Prime; Edutainment; Neurodiversity; Autism as a strength; gift; holistic and alternative therapies,,,,https://europepmc.org/article/PPR/PPR320717,http://dx.doi.org/10.31234/osf.io/up6ry,,10.31234/osf.io/up6ry,3161224192,,0,,0,true,,green
155-132-080-839-653,Reimagining Science Education in the Anthropocene,,2022,book,Palgrave Studies in Education and the Environment,26626519; 26626527,Springer International Publishing,,Maria F. G. Wallace; Jesse Bazzul; Marc Higgins; Sara Tolbert,This Open Access edited volume invites transdisciplinary scholars to revision science education in the era of the Anthropocene.,,,,,Anthropocene; Environmental ethics; Geography; Sociology; History; Philosophy,16 Resurrecting Science Education by Re-Inserting Women; Nature; and Complexity,,,,,http://dx.doi.org/10.1007/978-3-030-79622-8,,10.1007/978-3-030-79622-8,,,0,,25,true,cc-by,hybrid
160-659-653-529-612,"""Autism research is in crisis"": A mixed method study of researcher's constructions of autistic people and autism research.",2022-11-24,2022,journal article,Frontiers in psychology,16641078,Frontiers Media SA,Switzerland,Monique Botha; Eilidh Cage,"<AbstractText Label=""Introduction"" NlmCategory=""UNASSIGNED"">While not all autism research is ableism, autism researchers can be ableist, including by talking about autistic people in sub-human terms (dehumanization), treating autistic people like objects (objectification), and making othering statements which set autistic people apart from non-autistic people, <i>and</i> below in status (stigmatization).</AbstractText>;           <AbstractText Label=""Method"" NlmCategory=""UNASSIGNED"">This mixed-method study aimed to investigate how autism researchers construct autistic people and autism research, and to investigate whether including autistic people more in research relates to lower ableism in narratives about autistic people. We used a survey with autism researchers (<i>N</i> = 195) asking five open-ended questions about autism and autism research, as well as demographics, career length, contact with autistic people (familial and non-familial) and degree to which researchers involve autistic people in their research. We used content analysis to categorize narratives used by autism researchers and cues for ableism (dehumanization, objectification, and stigmatization). We then used binary-logistic regression to identify whether narrative or higher inclusion of autistic people predicted fewer ableist cues, controlling for career length and connections to autistic people.</AbstractText>;           <AbstractText Label=""Results and discussion"" NlmCategory=""UNASSIGNED"">Using medicalized narratives of autism predicted higher odds of ableist cues compared to employing social model or neutral embodiment narratives. Greater inclusion of autistic people in research predicted significantly lower odds of ableist cues, while controlling for other contact with autistic people and career length. Next, we used reflexive thematic analysis to analyze researcher's perceptions of autistic people and autism research. Narratives reflected core ideological disagreements of the field, such as whether researchers consider autism to be an intrinsic barrier to a good life, and whether researchers prioritize research which tackles ""autism"" versus barriers to societal inclusion for autistic people. Instrumentality (a form of objectification) was key to whether researchers considered a person to have social value with emphasis revolving around intellectual ability and independence. Lastly, language seemed to act as a tool of normalization of violence. Researchers relied on an amorphous idea of ""autism"" when talking about prevention or eradication, potentially because it sounds more palatable than talking about preventing ""autistic people,"" despite autism only existing within the context of autistic people.</AbstractText>;           <CopyrightInformation>Copyright © 2022 Botha and Cage.</CopyrightInformation>",13,,1050897,1050897,Autism; Psychology; Developmental psychology; Cognitive psychology,autism; dehumanization; objectification; participatory research; stigma,,,Economic and Social Research Council; Leverhulme Trust,https://www.frontiersin.org/articles/10.3389/fpsyg.2022.1050897/pdf https://doi.org/10.3389/fpsyg.2022.1050897 http://dspace.stir.ac.uk/retrieve/40583fb5-fb10-478b-a15b-c212a82d6b54/fpsyg-13-1050897.pdf http://hdl.handle.net/1893/34753,http://dx.doi.org/10.3389/fpsyg.2022.1050897,36506950,10.3389/fpsyg.2022.1050897,,PMC9730396,0,003-935-044-622-702; 005-298-413-922-676; 007-616-825-342-612; 009-212-032-149-355; 012-625-356-528-769; 012-795-843-355-641; 014-197-878-443-580; 014-856-622-523-911; 017-625-626-877-54X; 021-142-339-596-778; 021-903-341-770-089; 022-916-022-052-222; 024-839-896-094-040; 026-730-062-700-511; 026-930-433-466-258; 028-204-580-067-931; 028-602-366-529-860; 029-723-809-612-020; 030-622-786-350-859; 032-807-362-279-693; 037-550-015-414-716; 038-813-923-146-970; 040-750-725-970-826; 041-066-841-667-248; 041-452-890-399-150; 045-006-287-775-401; 048-692-693-797-536; 050-660-016-061-359; 051-188-578-923-790; 052-673-599-165-584; 055-491-239-957-555; 056-376-796-686-965; 057-030-916-977-82X; 060-273-009-237-742; 061-314-169-844-538; 061-932-761-463-759; 062-247-787-610-834; 062-404-167-387-025; 072-916-053-683-784; 074-326-447-159-291; 074-399-009-176-830; 075-074-777-918-770; 078-765-700-339-502; 085-583-178-665-271; 086-208-568-785-967; 087-353-555-487-757; 090-279-664-484-112; 092-333-857-389-602; 092-647-055-595-924; 096-593-406-972-950; 102-226-351-330-723; 102-492-040-627-855; 104-603-791-472-067; 105-553-494-638-749; 113-798-414-990-247; 122-942-610-795-270; 124-097-742-526-619; 136-986-170-342-237; 138-553-865-341-846; 145-394-506-590-195; 148-769-768-186-595; 162-552-009-012-930; 167-556-776-587-639; 167-583-887-827-563; 171-452-848-188-628; 176-192-376-290-395; 181-632-785-664-48X,148,true,cc-by,gold
161-227-006-657-674,An integrative approach between neurodiversity perspectives and quality of life models for autistic people across the spectrum of support needs.,2026-01-05,2026,journal article,Frontiers in psychiatry,16640640,Frontiers Media SA,Switzerland,Jon Liñares-de-Marcos; Blanca Palomero-Sierra; Victoria Sánchez-Gómez; Clara J Fernández-Álvarez; Ricardo Canal-Bedia,"<AbstractText Label=""Introduction"" NlmCategory=""UNASSIGNED"">Autism is increasingly understood not through deficit-based frameworks but through approaches that emphasize rights, inclusion, and well-being for autistic people across the spectrum of support needs, including non-speaking individuals, those with intellectual disability, and those experiencing mental health challenges. Two perspectives have been central to this shift: Quality of Life (QoL) models, rooted in applied disability research, and the neurodiversity paradigm, arising from autistic self-advocacy and social justice movements.</AbstractText>;           <AbstractText Label=""Aim"" NlmCategory=""UNASSIGNED"">This mini review examines the convergences and tensions between these perspectives, generating a set of integrative principles to guide support providers, researchers, and policymakers. Evidence is synthesized across three thematic perspectives: socio-political and paradigmatic debates, particularly language, identity, and representation; applied and clinical practice, including the aims, role, and risks of supports and interventions; and research, with attention to participatory approaches, lived-experience priorities, and the representation of autistic people with extensive support needs.</AbstractText>;           <AbstractText Label=""Discussion"" NlmCategory=""UNASSIGNED"">Six principles emerge: (i) well-being depends on both self-acceptance and the quality of supports; (ii) language should balance contextual function with individual preference; (iii) identity has transformative value, requiring diagnostic practices that are inclusive, participatory, and non-deficit oriented; (iv) supports are essential mechanisms for participation, not threats to identity; (v) interventions should promote autonomy, belonging, and growth without enforcing normalization; and (vi) research must ensure autistic participation across all stages, with accessible processes and priorities aligned with autistic preferences. Together, these principles offer a framework for integrating QoL and neurodiversity approaches in ways that advance rights, inclusion, and well-being.</AbstractText>;           <CopyrightInformation>Copyright © 2026 Liñares-de-Marcos, Palomero-Sierra, Sánchez-Gómez, Fernández-Álvarez and Canal-Bedia.</CopyrightInformation>",16,,1756323,1756323,Psychology; Transformative learning; Psychological intervention; Quality of life (healthcare); Function (biology); Quality (philosophy); Autistic spectrum; Identity (music); Cognitive psychology; Developmental psychology; Autism; Brain function; Cognitive science; Balance (ability); Autistic spectrum disorder,autism; identity; inclusive research; neuroaffirmative approach; neurodiversity; quality of life; self-advocacy; supports,,,Ministerio de Ciencia e Innovación,https://public-pages-files-2025.frontiersin.org/journals/psychiatry/articles/10.3389/fpsyt.2025.1756323/pdf https://doi.org/10.3389/fpsyt.2025.1756323,http://dx.doi.org/10.3389/fpsyt.2025.1756323,41561984,10.3389/fpsyt.2025.1756323,,PMC12812635,0,001-438-693-702-323; 003-348-912-614-715; 004-313-993-416-521; 008-885-026-374-45X; 009-478-783-643-264; 009-515-883-441-731; 010-701-495-930-036; 012-701-605-790-939; 014-179-691-165-489; 017-182-176-818-605; 020-151-976-271-544; 021-251-318-441-905; 025-906-375-451-608; 041-614-201-917-944; 042-787-663-227-499; 043-567-802-246-852; 044-605-614-446-241; 045-304-871-121-904; 048-070-137-649-376; 048-692-693-797-536; 048-982-150-457-119; 051-128-535-229-868; 062-299-524-278-977; 062-404-167-387-025; 067-740-132-755-160; 070-274-733-724-047; 071-686-807-847-136; 074-292-192-613-890; 079-852-938-265-998; 085-583-178-665-271; 087-417-791-871-03X; 089-001-690-114-084; 098-131-611-026-783; 111-238-333-444-502; 115-753-800-697-093; 117-515-557-520-018; 117-689-446-770-508; 118-348-555-028-768; 124-097-742-526-619; 127-948-963-669-80X; 135-279-708-036-313; 135-789-465-025-117; 148-769-768-186-595; 154-854-244-544-156; 164-513-340-210-09X; 167-583-887-827-563; 175-389-876-123-377; 179-587-884-558-066; 189-177-365-623-074; 192-286-267-314-041; 198-328-783-592-938,1,true,cc-by,gold
161-375-632-523-870,A First-Person Account of Developmental Language Disorder.,2023-05-17,2023,journal article,American journal of speech-language pathology,15589110; 10580360,American Speech Language Hearing Association,United States,Paula M Orrego; Karla K McGregor; Stella M Reyes,"<AbstractText Label=""PURPOSE"">The aim of this study is to share the lived experiences of an adult with developmental language disorder (DLD) and relate her experience to the evidence base and issues in clinical practice.</AbstractText>;           <AbstractText Label=""METHOD"">We co-wrote a first-person account grounded in the research literature. We organized the account into six main sections: (a) the early signs of DLD; (b) diagnosis; (c) treatment; (d) the impact of DLD on family relationships, social-emotional health, and academic performance; and (e) considerations for practicing speech-language pathologists. We close with (f) the first author's current perspective on life with DLD.</AbstractText>;           <AbstractText Label=""CONCLUSIONS"">The first author was diagnosed with moderate-to-severe DLD in early childhood, and she continues to exhibit subtle and occasional symptoms of DLD as an adult. At specific points in development, her family relationships were disrupted and her social, emotional, and academic functions were disabled, particularly in the school context. Supportive adults, especially her mother and her speech-language pathologist, helped lessen these impacts. DLD and its consequences also positively influenced her worldview and professional choices. The precise nature of her DLD and her experiences around the disorder will not be true of everyone with DLD. Nevertheless, the broad themes that emerge from her narrative are reflected in the evidence base and thus are likely applicable to many individuals with DLD or other neurodevelopmental conditions.</AbstractText>",32,4,1383,1396,Perspective (graphical); Psychology; Context (archaeology); Narrative; Developmental psychology; Linguistics; Philosophy; Artificial intelligence; Paleontology; Computer science; Biology,,"Adult; Female; Humans; Child, Preschool; Language Development Disorders/diagnosis; Communication Disorders; Emotions; Language",,NIDCD NIH HHS (R01 DC011742) United States,https://pubs.asha.org/doi/pdf/10.1044/2023_AJSLP-22-00247?download=true https://doi.org/10.1044/2023_ajslp-22-00247 https://pmc.ncbi.nlm.nih.gov/articles/PMC10473366/pdf/AJSLP-32-1383.pdf https://www.ncbi.nlm.nih.gov/pmc/articles/10473366,http://dx.doi.org/10.1044/2023_ajslp-22-00247,37195674,10.1044/2023_ajslp-22-00247,,PMC10473366,0,000-681-282-335-85X; 001-195-281-919-557; 002-273-896-640-218; 004-165-370-857-820; 004-222-518-830-535; 006-628-396-631-740; 006-756-592-629-791; 007-233-950-210-83X; 011-126-914-439-793; 013-427-356-757-552; 015-792-393-334-979; 017-358-703-887-538; 017-863-484-338-420; 018-230-401-909-424; 027-209-279-720-766; 027-420-223-431-74X; 028-988-927-761-462; 029-554-587-511-755; 029-997-289-282-133; 034-754-715-845-918; 035-712-884-054-501; 039-782-185-599-456; 039-893-020-176-801; 041-422-584-742-179; 042-786-715-774-562; 043-164-050-433-500; 048-073-007-415-436; 049-035-074-974-173; 050-549-731-132-552; 052-689-350-881-960; 055-008-539-633-330; 057-034-566-064-235; 057-107-999-456-255; 060-045-554-981-900; 062-328-456-737-472; 065-037-430-009-767; 066-246-722-752-058; 071-028-965-844-147; 072-363-262-316-211; 072-961-130-265-811; 075-946-913-739-546; 076-704-760-805-534; 076-942-830-983-648; 086-491-122-499-831; 088-413-083-740-256; 089-610-985-955-378; 091-198-349-529-351; 096-074-213-573-334; 099-109-626-640-167; 102-414-977-970-069; 102-622-273-707-306; 104-736-584-780-71X; 107-699-815-419-542; 109-520-851-085-359; 112-555-873-413-040; 114-496-163-214-798; 117-538-311-748-284; 121-118-146-017-616; 128-875-429-936-404; 130-714-242-191-195; 160-667-017-325-651; 164-780-328-862-243,25,true,cc-by-nc,hybrid
165-299-757-555-343,"I, Too, Sing Neurodiversity",2020-11-23,2020,journal article,Ought: The Journal of Autistic Culture,28331508,Grand Valley State University Libraries - DIGITAL COMMONS JOURNALS,,Morénike Giwa Onaiwu,,2,1,,,,,,,,,http://dx.doi.org/10.9707/2833-1508.1048,,10.9707/2833-1508.1048,,,0,,7,true,cc-by-nc,gold
167-920-844-397-465,Responding to neurodiversity in the courtroom: A brief evaluation of environmental accommodations to increase procedural fairness.,2022-08-05,2022,journal article,Criminal behaviour and mental health : CBMH,14712857; 09579664,Wiley-Blackwell,United States,Betony Clasby; Brigit Mirfin-Veitch; Rose Blackett; Sally Kedge; Esther Whitehead,"Recent research has highlighted that a high prevalence of young adults who have various forms of neurodivergence come into contact with the criminal justice system. Currently, many courts are not designed to respond to neurological differences often seen in young people who engage with them. The aim of this study was to identify ways to make locality courts more accessible, engaging, and ultimately more responsive to neurodivergence. A panel of neurodivergence specialists reviewed the general district courtroom environment of a new specialised young adult list court in Aotearoa New Zealand to identify potential barriers to accessibility and to highlight areas for improvement. The methodology involved naturalistic observation of a typical morning in the courtroom. We identified a series of recommendations with the potential to improve the court experience and increase access to justice for neurodivergent young adults. This study identified specific need for neurodiversity education and screening within the court environment.",32,3,197,211,Aotearoa; Psychology; Economic Justice; Locality; Criminal justice; Criminology; Law; Political science; Linguistics; Philosophy,accommodations; courtroom; intervention; neurodevelopmental; neurodiversity; support,Adolescent; Criminal Law; Humans; New Zealand; Young Adult,,,https://onlinelibrary.wiley.com/doi/pdfdirect/10.1002/cbm.2239 https://doi.org/10.1002/cbm.2239,http://dx.doi.org/10.1002/cbm.2239,35932097,10.1002/cbm.2239,,PMC9540328,0,001-007-786-532-859; 003-477-324-367-560; 005-599-580-125-817; 006-915-877-857-806; 015-059-717-722-125; 024-603-093-745-822; 025-591-243-928-044; 034-763-096-886-749; 047-960-755-886-393; 051-722-857-428-298; 063-736-654-529-26X; 135-456-154-624-424; 144-851-154-494-195; 167-920-844-397-465,13,true,cc-by,hybrid
168-054-550-551-007,How did the Key Competencies of the New Zealand Curriculum Feature in Student Music Therapy Practice for Children with Autism Spectrum Disorder?,,,dissertation,,,Victoria University of Wellington Library,,Emmett Sutherland,"<jats:p>&lt;p&gt;This study aimed to discover how the key competencies featured in student music therapy with three children who have autism spectrum disorder. Individual music therapy was carried out in the natural environment of a primary school and clinical notes were developed to record events and reflections on the sessions. This data was then retrospectively analysed in a process known as secondary analysis which used inductive and deductive techniques. A process of thematically analysing data revealed that the three children with autism spectrum disorder demonstrated the key competencies in diverse ways in music therapy, such as through letting their personalities shine (managing self) and relating from shared histories and relationships (relating to others), and that I assisted the development of the key competencies for children in equally diverse ways, such as, by being well-being focused, giving openly and making music therapy child-led. A clinical vignette is used to illustrate the findings. Additionally, it is suggested that the unique ways in which the key competencies are used in arts education and music therapy could be considered to a greater extent in the New Zealand Curriculum definitions of the competencies.&lt;/p&gt;</jats:p>",,,,,,,,,,,http://dx.doi.org/10.26686/wgtn.17144033.v1,,10.26686/wgtn.17144033.v1,,,0,,0,true,cc-by,green
176-183-448-219-578,Oral Microbiota Composition and Its Association with Gastrointestinal and Developmental Abnormalities in Children with Autism Spectrum Disorder.,2025-08-04,2025,journal article,Microorganisms,20762607,MDPI AG,Switzerland,Zuzanna Lewandowska-Pietruszka; Magdalena Figlerowicz; Katarzyna Mazur-Melewska,"Autism Spectrum Disorder (ASD) is frequently accompanied by gastrointestinal disturbances, dietary selectivity, and altered stress responses, with growing evidence pointing to gut-brain axis involvement. While intestinal microbiota has been extensively studied, the role of the oral microbiota remains underexplored. This study investigates the associations between oral microbiota composition and behavioral, gastrointestinal, dietary, and neuroendocrine parameters in children with ASD. A total of 45 children aged 2-18 years comprised the study group. Data collection included oral swabs for 16S rRNA gene sequencing, salivary cortisol sampling, dietary records, and standardized behavioral assessments using the Vineland Adaptive Behavior Scale. A total of 363 microbial species across 11 phyla were identified. Significant correlations were observed between specific bacterial taxa and functional gastrointestinal disorders (FGIDs), dietary patterns, salivary cortisol rhythms, and functioning. Children with FGIDs, food selectivity, or macronutrient imbalances exhibited enriched pro-inflammatory taxa (e.g., <i>Selenomonas</i>, <i>Megasphaera</i>), whereas those with typical cortisol secretion or higher adaptive functioning showed greater microbial diversity and abundance of health-associated genera (e.g., <i>Bifidobacterium dentium</i>). These findings suggest that oral microbiota profiles may reflect systemic physiological and neurobehavioral traits in children with ASD. Further longitudinal studies are needed to clarify causal relationships and support the development of microbiota-targeted interventions.",13,8,1822,1822,Autism spectrum disorder; Vineland Adaptive Behavior Scale; Autism; Gut flora; Biology; Physiology; Internal medicine; Medicine; Immunology; Psychiatry,autism spectrum disorder; behavior; diet; functional gastrointestinal disorder; gut–brain axis; oral microbiota; salivary cortisol,,,Doctoral School of Poznan University of Medical Sciences (Large Research Grant - SDUM-GB23/03/21),https://www.mdpi.com/2076-2607/13/8/1822/pdf?version=1754323534 https://doi.org/10.3390/microorganisms13081822,http://dx.doi.org/10.3390/microorganisms13081822,40871326,10.3390/microorganisms13081822,,PMC12388343,0,011-808-561-440-251; 012-335-428-614-012; 013-780-123-646-541; 015-443-030-559-989; 034-821-616-926-98X; 035-886-548-751-471; 040-878-629-523-367; 041-387-487-515-221; 042-438-491-163-808; 044-838-356-062-049; 045-436-739-914-864; 046-376-544-929-788; 052-076-392-833-703; 054-802-199-994-624; 055-494-988-809-692; 056-213-000-093-835; 057-746-833-320-869; 067-149-367-102-30X; 074-045-318-536-74X; 075-727-351-156-049; 077-198-129-612-973; 077-568-819-215-030; 078-237-638-186-082; 083-735-984-689-566; 086-052-153-604-716; 088-384-603-758-426; 091-677-179-078-807; 093-701-097-148-576; 095-187-188-020-088; 118-294-512-872-175; 127-703-242-475-858; 141-596-523-589-196; 147-509-807-248-166; 160-670-001-396-33X; 161-464-195-685-437; 171-145-356-638-880; 174-845-252-087-929,2,true,cc-by,gold
177-538-214-975-65X,"Teachers' perceptions of the differential impacts of a universal, school-based social and emotional learning intervention: A thematic framework analysis.",2025-07-22,2025,journal article,PloS one,19326203,Public Library of Science (PLoS),United States,Suzanne Hamilton; Jan R Boehnke; Neil Humphrey; Pamela Qualter,"Trials of universal school-based (USB) social and emotional learning (SEL) interventions have reported that individual and socio-demographic characteristics may moderate outcomes, but it is not clear how. Teachers are key stakeholders in SEL and are involved in the implementation of interventions, so they can offer insights into patterns of responsiveness and intervention impact. This qualitative study aimed to explore teachers' perceptions of the differential impacts of the PATHS curriculum, a USB SEL intervention. Data were generated in semi-structured interviews with 105 implementing teachers as part of a trial of PATHS in 23 primary schools across Greater Manchester, and analysed using thematic framework analysis. Six main themes and 22 subthemes formed the final thematic framework. Teachers suggested that students demographic backgrounds influenced both engagement with and responsiveness to the intervention and that a certain initial level of social and emotional skills were needed as foundation on which to build further learning. The potential of teachers' expectations and beliefs about pupils' characteristics to impact on implementation quality and judgements of impact are discussed. Implications for practice and future research are considered.",20,7,e0328482,e0328482,Thematic analysis; Psychological intervention; Curriculum; Intervention (counseling); Psychology; Perception; Medical education; Social emotional learning; Applied psychology; Qualitative research; Developmental psychology; Pedagogy; Medicine; Sociology; Social science; Psychiatry; Neuroscience,,Humans; School Teachers/psychology; Female; Male; Emotions; Schools; Social Learning; Child; Students/psychology; Learning; Curriculum; Qualitative Research; Adult,,Kavli Trust; National Institute for Health Research; Kavli Trust,,http://dx.doi.org/10.1371/journal.pone.0328482,40694550,10.1371/journal.pone.0328482,,PMC12282926,0,000-932-303-769-694; 001-455-251-048-234; 001-505-234-599-192; 002-230-294-916-061; 002-597-903-599-761; 002-836-958-040-231; 003-285-927-214-313; 004-279-654-595-610; 004-342-317-358-365; 004-446-275-993-403; 004-913-118-321-46X; 005-143-247-683-588; 005-315-110-798-817; 006-094-855-172-405; 007-088-715-819-807; 007-125-510-940-179; 007-173-597-857-162; 007-407-030-237-746; 008-563-618-204-444; 009-488-448-578-062; 010-540-062-627-766; 011-094-808-491-789; 011-264-727-312-901; 011-279-024-377-081; 012-140-895-360-031; 012-435-887-785-900; 013-424-741-201-880; 013-714-381-970-55X; 015-053-280-457-359; 015-056-694-840-124; 018-724-197-929-056; 018-909-778-377-713; 019-402-113-789-821; 019-632-965-300-68X; 019-879-878-744-885; 019-957-271-141-43X; 021-160-504-946-102; 021-874-141-670-18X; 022-020-999-539-729; 024-662-579-619-762; 024-726-276-837-383; 024-834-950-720-901; 025-630-927-687-607; 028-037-384-827-491; 029-356-285-116-373; 029-430-946-301-449; 029-838-963-059-382; 030-067-082-542-166; 030-906-279-031-823; 031-565-051-006-30X; 032-322-398-126-431; 032-602-576-210-406; 034-308-442-497-566; 034-424-409-372-620; 035-692-264-587-512; 038-002-087-675-017; 038-647-047-392-934; 038-708-187-120-777; 039-433-522-376-03X; 040-192-928-869-767; 040-288-473-076-694; 042-524-694-916-209; 043-541-637-516-816; 046-710-588-540-732; 047-087-285-101-104; 047-580-412-250-292; 047-848-435-755-984; 048-483-502-259-989; 049-692-753-174-215; 051-770-899-025-16X; 052-682-467-815-447; 053-891-543-893-031; 055-339-848-510-920; 055-545-708-414-512; 055-621-305-815-92X; 056-074-759-613-587; 056-165-375-379-430; 058-196-363-017-672; 058-888-413-230-904; 058-980-349-973-253; 059-383-085-577-847; 061-130-162-838-577; 061-766-338-626-070; 062-426-951-809-946; 063-312-931-701-963; 063-497-665-774-329; 063-592-029-354-804; 071-321-100-464-017; 072-833-282-579-805; 072-834-152-856-717; 073-477-161-104-238; 073-755-082-015-277; 073-803-515-799-673; 077-448-964-430-603; 077-720-763-860-463; 077-922-262-738-959; 078-267-749-462-884; 079-479-957-879-386; 079-710-310-780-982; 080-290-701-075-364; 080-309-243-873-736; 080-431-766-996-785; 083-137-838-934-914; 088-272-127-496-86X; 088-503-008-426-899; 089-822-242-370-891; 094-267-100-998-203; 095-656-084-745-817; 096-241-380-665-151; 096-477-180-690-644; 099-816-040-123-827; 100-620-646-699-096; 101-077-303-620-23X; 102-129-462-820-704; 105-406-759-654-542; 106-979-293-096-984; 108-423-044-177-678; 109-764-640-332-111; 109-978-971-522-79X; 110-220-733-925-661; 110-322-311-511-431; 110-909-579-882-797; 111-838-816-661-754; 114-540-814-197-65X; 115-482-315-504-807; 115-627-911-559-008; 116-218-329-015-418; 117-739-040-703-930; 120-272-906-362-922; 122-677-642-704-666; 123-433-839-233-680; 124-346-771-398-227; 126-241-340-456-642; 126-944-107-855-058; 130-764-768-753-522; 133-315-422-249-578; 133-603-796-918-349; 135-341-661-144-425; 137-910-009-134-912; 138-644-825-752-468; 142-080-407-209-773; 142-473-505-258-04X; 142-656-245-452-357; 142-976-724-368-737; 143-511-905-170-283; 143-856-209-050-724; 148-819-217-001-761; 149-420-632-912-038; 150-407-881-847-635; 155-903-946-413-454; 160-903-204-590-305; 161-924-204-316-161; 163-312-693-029-344; 164-725-911-818-109; 165-758-313-105-19X; 175-576-584-835-00X; 177-573-961-407-406; 182-952-174-069-39X; 184-480-916-885-135,5,true,cc-by,gold
178-601-909-389-206,"The government changes, do the policies change too? The case of the national special education policy",,2022,journal article,Revista Brasileira de Educação,1809449x; 14132478,FapUNIFESP (SciELO),Brazil,Júlia Gabriele Lima da Rosa; Luciana Leite Lima,"<jats:p>ABSTRACT Policy change events generates conflicts due to the change in the status quo and the dispute over the allocation of resources. This paper analyzes the attempt to change the Special Education policy, after the government changes that occurred between 2016 and 2019 in Brazil. For this, a categorical analysis of contend is made in documents produced during the review of the National Special Education Policy from the Perspective of Inclusive Education (Política Nacional de Educação Especial na Perspectiva da Educação Inclusiva). It was found that the proposed amendment promotes the discontinuity of school inclusion by reorganizing the responsibilities of the family, the State and the market in schooling and specialized educational assistance; resuming the Special Education model as a modality outside the regular education system; encouraging the training of professionals to work in specialized institutions; and by basing the learning assessment on standardized goals and objectives for disability.</jats:p>",27,,,,Status quo; Inclusion (mineral); Government (linguistics); Special education; Political science; Work (physics); Compulsory education; Public administration; Public policy; State (computer science); Education policy; Perspective (graphical); Economic growth; Sociology; Higher education; Economics; Law; Social science; Engineering; Philosophy; Linguistics; Artificial intelligence; Algorithm; Computer science; Mechanical engineering,,,,,https://www.scielo.br/j/rbedu/a/5nfd85TJZydqDPJVQDMM5Tk/?lang=en&format=pdf https://doi.org/10.1590/s1413-24782022270027,http://dx.doi.org/10.1590/s1413-24782022270027,,10.1590/s1413-24782022270027,,,0,005-379-455-196-232; 010-733-341-194-773; 014-970-844-802-165; 027-677-530-454-937; 028-407-052-046-096; 056-255-918-356-796; 087-221-660-766-825; 106-932-499-589-903; 116-091-849-237-06X; 119-452-133-952-455,2,true,cc-by,gold
180-575-886-073-326,Academic anxiety and cognitive reflection in neurodivergence based on evidence from a large international sample.,2025-10-27,2025,journal article,Scientific reports,20452322,Springer Science and Business Media LLC,United Kingdom,Sheeza Mahak; Stephanie Malone; Mahmoud Elsherif; Christopher J Hand; Kinga Morsanyi,"Anxiety is commonly experienced by neurodivergent individuals participating in higher education, related to both cognitive performance and academic achievement. Whereas certain anxieties in neurodivergence (e.g., social and general anxiety) have received more attention, scant research has considered mathematics and statistics anxiety. In this study, 1383 university students (679 neurotypical, 704 neurodivergent individuals)-matched on age, gender, education level, and country of origin-completed measures assessing various types of academic-related anxiety, attitudes toward mathematics, self-efficacy, and cognitive reflection. Results showed that neurodivergent students exhibited higher anxiety levels across measures, including mathematics and statistics anxiety. However, only cognitive and somatic anxiety, and social anxiety were related to neurodivergent status after taking into account the effects of the other measures. Despite differing anxiety levels (which showed variability between different neurodivergences), neurodivergent and neurotypical students in general were equivalent in cognitive reflection scores, suggesting similar levels of analytic thinking skills, including reasoning about mathematical content. In both the neurotypical and neurodivergent groups, higher levels of cognitive reflection were associated with male gender, less fear of negative evaluation, and lower mathematics and creativity anxiety, replicating and extending previous work. Our findings have implications for supporting neurodivergent individuals in academic settings and other sectors.",15,1,37522,37522,Neurotypical; Anxiety; Psychology; Cognition; Creativity; Sample (material); Developmental psychology; Reflection (computer programming); Cognitive skill; Somatic anxiety; Clinical psychology; Social anxiety; Social cognitive theory; Social psychology; Cognitive psychology,Academic anxiety; Higher education; Many labs; Mathematics anxiety; Neurodiversity; Statistics anxiety cognitive reflection,Humans; Male; Female; Anxiety/psychology; Cognition; Young Adult; Students/psychology; Adult; Mathematics; Adolescent; Universities; Self Efficacy; Cognitive Reflection,,Economic and Social Research Council Research Centre grant (ES/W002914/1),https://www.nature.com/articles/s41598-025-21504-6.pdf https://doi.org/10.1038/s41598-025-21504-6,http://dx.doi.org/10.1038/s41598-025-21504-6,41145747,10.1038/s41598-025-21504-6,,PMC12559732,0,000-219-935-318-054; 000-281-708-642-548; 000-634-842-309-544; 001-273-761-107-76X; 002-265-483-749-936; 004-523-611-644-576; 007-044-909-943-748; 009-325-560-422-678; 009-683-045-370-500; 011-574-496-386-500; 015-062-181-604-055; 015-815-008-674-467; 016-359-093-789-09X; 018-719-035-439-082; 022-235-940-078-17X; 023-878-934-322-08X; 025-025-066-356-228; 026-429-338-970-975; 027-113-821-165-429; 028-691-604-726-745; 029-134-667-291-19X; 031-913-214-069-654; 033-072-882-643-331; 036-016-708-237-867; 036-230-354-747-161; 040-184-727-439-293; 040-904-662-941-903; 044-597-708-069-208; 048-708-361-795-570; 050-661-133-144-369; 052-212-815-026-684; 052-662-930-210-67X; 058-621-116-811-996; 059-172-562-471-333; 059-937-394-468-507; 060-252-123-432-303; 060-401-847-728-43X; 062-397-755-787-68X; 063-359-909-718-45X; 063-413-056-436-497; 066-205-220-173-506; 067-059-801-677-773; 068-827-791-222-008; 069-404-031-162-614; 069-542-384-245-445; 073-550-174-136-085; 075-033-905-983-729; 079-440-062-717-732; 083-625-779-786-597; 087-637-381-502-391; 087-830-647-774-883; 093-561-478-754-551; 095-398-322-156-147; 107-305-030-413-605; 109-315-981-357-671; 114-039-986-924-13X; 117-098-273-006-688; 124-427-316-679-232; 125-554-213-635-825; 127-256-238-231-146; 130-101-189-369-801; 133-978-805-242-995; 136-529-940-107-433; 142-853-285-557-80X; 144-271-585-223-871; 162-665-672-451-930; 174-182-547-351-681; 175-970-532-075-18X; 177-936-127-629-920; 190-257-940-050-31X,3,true,"CC BY, CC BY-NC-ND",gold
182-219-818-866-449,Expanding Understanding of Autism Spectrum Disorder in Girls and Women: A New Paradigm.,2026-03-09,2026,journal article,"Behavioral sciences (Basel, Switzerland)",2076328x,,Switzerland,Dylan Rose Bitensky; Caroline S Clauss-Ehlers; Kyle M Veksler,"The definition of Autism Spectrum Disorder (ASD) has evolved since the diagnosis was first conceptualized. However, past and current understandings of ASD have largely been shaped by research focused on individuals assigned male at birth. This has influenced current diagnostic criteria, which often fail to capture female presentations and likely contribute to lower reported prevalence rates in girls. Recognizing female-specific presentations is critical to reducing misdiagnosis and underdiagnosis; therefore, this paper reviews research on how the DSM-5-TR two-factor model applies to girls. We then describe how female presentations of ASD are characterized by distinct cognitive profiles and frequent use of camouflaging to mask typical ASD symptoms, particularly social difficulties, which can obscure clinical presentation and delay diagnosis. Subsequently, we evaluate how current assessments and accommodations may fail to address the needs of females. Clauss-Ehlers introduces the Multimodal Autism Assessment for Girls and Women, which emphasizes the importance of assessing girls within an appropriate contextual lens. Finally, the paper calls for a gender-focused neurodiversity paradigm that highlights differences in presentation, promotes an approach focused on strength-based interventions, and outlines directions for future research and clinical implications based on this framework.",16,3,396,396,Autism spectrum disorder; Psychology; Autism; Developmental psychology; Cognition; Presentation (obstetrics); Cognitive psychology; Spectrum disorder; Social cognition; Clinical psychology,Multimodal Autism Assessment for Girls and Women (MAAGW); autism spectrum disorder; female autism phenotype; neurodiversity paradigm; sex-differences,,,,https://www.mdpi.com/2076-328X/16/3/396/pdf?version=1773061509 https://doi.org/10.3390/bs16030396,http://dx.doi.org/10.3390/bs16030396,41898058,10.3390/bs16030396,,PMC13024071,0,000-109-552-943-170; 004-303-758-491-960; 004-313-993-416-521; 005-416-984-440-86X; 008-332-840-177-477; 008-347-618-335-35X; 008-623-820-154-18X; 011-084-508-025-314; 013-746-429-766-977; 014-186-722-356-874; 015-801-694-840-260; 019-506-193-418-348; 021-788-770-923-898; 022-020-558-360-766; 023-302-210-326-569; 025-609-292-343-993; 027-825-062-708-802; 029-202-061-893-34X; 032-729-697-749-174; 032-945-072-631-455; 035-229-024-862-197; 036-317-148-958-314; 036-694-893-347-111; 037-813-525-311-209; 038-061-381-065-340; 039-640-060-567-123; 041-452-890-399-150; 041-779-388-145-475; 042-648-791-248-251; 050-907-672-647-421; 051-095-640-571-181; 056-030-479-939-879; 056-530-404-890-987; 063-348-175-579-003; 065-010-405-236-060; 065-989-562-272-573; 069-351-974-220-73X; 070-053-931-734-466; 070-433-567-406-902; 073-625-014-649-264; 074-194-728-484-451; 076-806-678-175-120; 081-010-014-797-274; 086-571-300-396-721; 086-864-332-145-125; 088-505-775-481-337; 095-491-625-624-75X; 098-586-423-268-356; 110-842-770-442-796; 116-426-249-318-271; 117-850-491-552-807; 120-370-151-919-401; 121-830-171-809-446; 123-090-970-002-544; 124-273-218-027-514; 126-487-293-307-993; 130-579-542-099-770; 131-423-542-523-282; 139-300-435-805-306; 139-872-959-924-430; 147-339-479-374-366; 156-466-804-267-344; 161-291-367-068-687; 177-046-330-194-024; 183-445-036-772-175; 183-818-603-436-151; 185-982-401-273-910; 190-033-440-477-808; 195-689-288-199-957; 199-300-368-765-573,0,true,cc-by,gold
182-987-974-468-188,The Body Biography as a User-Centered Design Practice: Four Artists Narrate Their Studio Stories,2022-01-01,2022,dissertation,,,Carleton University,,Cynthia Morawski,"Although best practices have been associated with art studios for individuals with disabilities, there is a gap in pertinent literature on obtaining feedback from the artists. Consequently, I conducted a qualitative research study, theoretically and practically grounded in narrative inquiry and multimodal literacies in relation to accessibility via user-centered design. The center piece was the body biography practice used to access the artists' feedback for informing best practices in their studio. Findings led to insights in (i) helping studios facilitate best practices, (ii) addressing online design implications of the body biography practice, and (iii) helping individuals designing for people with disabilities.",,,,,Studio; Biography; Narrative; Best practice; Visual arts; Relation (database); Design studio; Grounded theory; Qualitative research; Art; Psychology; Sociology; Computer science; Literature; Political science; Social science; Database; Law,,,,,http://repository.library.carleton.ca/downloads/rv042v03c https://doi.org/10.22215/etd/2022-14947,http://dx.doi.org/10.22215/etd/2022-14947,,10.22215/etd/2022-14947,,,0,,0,true,,gold
186-390-173-287-823,Epilogue,2020-08-15,2020,book chapter,Approaches to Lifespan Writing Research: Generating an Actionable Coherence,,The WAC Clearinghouse; University Press of Colorado,,Deborah Brandt,"This project truly stands on the shoulders of giants and we are so grateful for the foundation they built for us. Many thanks to the original Lifespan Writing Development Group for their decades of individual research and for their work as a collective that makes it possible for us to move forward. We're especially grateful to Deb Brandt and Steve Graham for their ongoing support of our work and the expertise they've offered. Thank you to Christiane Donahue and the other folks at Dartmouth for the gift to the field that is the Dartmouth Summer Seminar. The Writing Through the Lifespan Collaboration probably wouldn't exist without the incredible work they do every year to professionalize composition researchers and to create the intellectual environment where this kind of project could take root. We also want to thank our contributors and the Writing Through the Lifespan Collaboration for their enthusiasm and commitment to the lifespan writing research project. Finally, it will no doubt quickly become clear to readers that none of this exists without Chuck Bazerman. Thank you, Chuck, for all of the work you've done to make this impossible dream start to look possible and for the many, many ways that you've supported us. xi",,,257,261,Geography,,,,,,http://dx.doi.org/10.37514/per-b.2020.1053.3.2,,10.37514/per-b.2020.1053.3.2,,,0,,0,true,cc-by-nc-nd,hybrid
186-657-967-333-502,Effects of a Special Art Education Course on Attitudes toward Omani Learners with Special Needs,2020-11-02,2020,journal article,International Journal of Higher Education,19276052; 19276044,Sciedu Press,,Fakhriya Al-Yahyai; Suhail Mahmoud Al-Zoubi; Bakkar S. Bakkar; Badriya Al-Hadabi; Mohammad Al-Gaseem; Ibrahim A. Al-Qaryouti,"Visual arts are activities that contribute to educating learners with and without special needs. These activities provide an opportunity for learners with special needs (LSN) to freely express their feelings, conflicts, psychological problems, and their artistic creativity. Visual arts are considered as a source of satisfaction, development of the feeling of achievement, and happiness, and a means of activating thinking and learning. In the professional context, art therapy is one of the therapeutic interventions in special education programs. The aim of this research was to explore effects of a Special Art Education (SAE) Course on attitudes toward Omani LSN. Participants of 19 undergraduate students of Art Education Department (AED), Sultan Qaboos University (SQU) were involved in this research. Participants responded to the scale of attitudes towards the LSN before and after studying the SAE course. The scale consisted of 34 items distributed into three domains related to course instructor, course topics, and course teaching methods. The results indicated that these domains contributed to improving participants' attitudes. This improvement was demonstrated by the effects size of the SAE course on participants' attitudes toward Omani LSN.",10,1,191,200,Psychology; Special needs; Context (language use); Teacher education; Art therapy; Special education; Visual arts education; Medical education; Attitude change; Teaching method,attitudes; learners with special needs (LSN); special art education (SAE); Sultan Qaboos University,,,,https://www.sciedupress.com/journal/index.php/ijhe/article/download/19084/11874 http://files.eric.ed.gov/fulltext/EJ1285664.pdf https://files.eric.ed.gov/fulltext/EJ1285664.pdf https://eric.ed.gov/?id=EJ1285664 https://www.sciedupress.com/journal/index.php/ijhe/article/view/19084/11861 https://www.sciedu.ca/journal/index.php/ijhe/article/view/19084,http://dx.doi.org/10.5430/ijhe.v10n1p191,,10.5430/ijhe.v10n1p191,3097245725,,0,,2,true,cc-by,gold
187-016-649-322-919,"Neurodivergence, intersectionality, and eating disorders: a lived experience-led narrative review.",2024-11-20,2024,journal article,Journal of eating disorders,20502974,Springer Science and Business Media LLC,United Kingdom,Laurence Cobbaert; Anna Rose Millichamp; Rosiel Elwyn; Scout Silverstein; Kai Schweizer; Elysia Thomas; Jane Miskovic-Wheatley,"Autistic people and those with attention deficit hyperactivity disorder are at a high risk of developing an eating disorder. While there is limited evidence on the relationship between other forms of neurodivergence and eating disorders, research suggests associations between giftedness, intellectual disability, obsessive-compulsive disorder, psychosis, Tourette's syndrome, and disordered eating. Factors underlying disordered eating and/or eating disorder risk for neurodivergent people are multifaceted and complex, encompassing a wide range of intertwined psychosocial, environmental, and biological processes. Moreover, research shows that neurodivergent individuals experience poorer treatment outcomes compared to neurotypical individuals. However, there is a paucity of research in this area overall. More specifically, lived experience-led research remains rare, despite its critical role for improving individualised eating disorder care, as well as mental healthcare more broadly. Indeed, the importance of eating disorder care individuation is increasingly being recognised, particularly within the context of neurodivergence, given the heterogeneous experiences and support needs of neurodivergent people affected by disordered eating and/or eating disorders. Furthermore, despite documented overlaps between various forms of neurodivergence (e.g., co-occurring autism and attention deficit hyperactivity disorder), research looking at eating disorders in the context of neurodivergence through a transdiagnostic perspective is scarce. This lived experience-led narrative review aims to shed light on the intersectional factors underlying elevated disordered eating and/or eating disorder risk for neurodivergent individuals. First, an overview of prevalence data is provided, followed by a thematic framework identifying factors underlying disordered eating and/or eating disorder risk in relation to neurodivergence. A critical appraisal of current eating disorder research and care is then offered before suggestions for neurodiversity-affirming eating disorder care are made. In this view, this paper offers a foundation for future empirical work in this nascent field of inquiry by providing a lived experience-led, transdiagnostic, and intersectional account of eating disorders in the context of neurodivergence.",12,1,187,187,Disordered eating; Eating disorders; Psychology; Context (archaeology); Psychosocial; Bulimia nervosa; Psychiatry; Attention deficit hyperactivity disorder; Clinical psychology; Developmental psychology; Biology; Paleontology,Adhd; Autism; Disability; Eating disorders; Epistemic justice; Gender; Human rights; Intersectionality; Neurodiversity,,,,https://jeatdisord.biomedcentral.com/counter/pdf/10.1186/s40337-024-01126-5 https://doi.org/10.1186/s40337-024-01126-5 https://pure.bond.edu.au/ws/files/282619348/s40337-024-01126-5.pdf https://research.bond.edu.au/en/publications/aa2f3b08-aca4-4b5e-ab7f-a7113cc84feb https://unsworks.unsw.edu.au/bitstreams/a51bb5de-3980-43f3-b680-87994db7c4d6/download http://hdl.handle.net/1959.4/103741 https://pmc.ncbi.nlm.nih.gov/articles/PMC11580580/pdf/40337_2024_Article_1126.pdf https://www.ncbi.nlm.nih.gov/pmc/articles/11580580,http://dx.doi.org/10.1186/s40337-024-01126-5,39568093,10.1186/s40337-024-01126-5,,PMC11580580,0,000-007-952-490-281; 000-209-189-476-907; 000-302-650-808-903; 000-964-580-349-782; 001-035-745-200-346; 001-186-160-540-298; 001-278-459-253-590; 001-553-053-565-360; 001-667-660-595-751; 001-683-685-271-630; 002-085-805-990-231; 002-166-274-968-83X; 002-303-148-913-756; 002-465-999-684-375; 002-632-014-659-147; 002-768-975-199-453; 002-951-552-771-644; 002-959-310-780-835; 003-359-501-372-727; 003-587-877-499-368; 003-844-850-174-883; 003-963-688-000-106; 004-027-457-380-089; 004-053-517-110-400; 004-120-359-385-608; 004-152-295-779-689; 004-679-223-605-015; 004-697-179-611-846; 004-939-944-432-976; 005-236-718-967-652; 005-242-460-003-522; 005-260-097-999-925; 005-323-030-993-030; 005-371-854-397-828; 005-392-326-066-470; 005-416-984-440-86X; 005-945-632-950-19X; 006-657-908-094-962; 006-831-050-022-140; 007-021-366-960-32X; 007-268-534-772-745; 007-434-253-242-028; 007-780-941-847-17X; 008-065-085-156-07X; 008-276-993-899-688; 008-425-661-746-112; 008-577-122-977-408; 008-608-616-911-942; 008-663-812-881-922; 008-798-449-176-388; 009-282-728-568-463; 009-478-783-643-264; 009-549-633-110-177; 009-931-562-623-756; 010-417-426-492-302; 010-434-475-988-966; 010-471-645-537-387; 010-646-609-078-437; 011-026-570-927-428; 011-612-977-609-052; 012-059-831-113-893; 012-079-024-840-240; 012-079-302-700-708; 012-701-605-790-939; 012-818-604-920-585; 013-334-060-186-225; 013-515-904-703-791; 014-186-722-356-874; 015-100-143-253-674; 015-600-179-366-380; 015-920-164-342-987; 016-568-449-557-267; 016-573-874-189-457; 017-194-554-832-657; 018-074-061-147-758; 018-370-498-992-90X; 018-423-746-554-041; 019-353-826-028-899; 019-882-265-825-030; 019-910-067-924-842; 020-078-930-305-763; 020-909-827-140-432; 021-057-406-699-296; 021-251-318-441-905; 021-460-247-765-136; 021-502-863-995-755; 022-439-115-687-949; 022-584-802-934-324; 022-793-930-729-967; 023-055-181-834-242; 023-255-076-968-050; 023-562-100-914-483; 023-569-156-347-336; 023-977-131-214-10X; 024-026-550-387-93X; 024-029-885-954-602; 024-093-499-885-721; 024-459-732-506-69X; 024-732-806-218-40X; 024-839-783-811-744; 025-229-477-178-248; 025-324-066-392-827; 026-456-997-243-345; 027-100-392-250-63X; 027-367-863-077-46X; 028-279-282-034-943; 028-305-126-430-502; 028-826-407-608-833; 028-996-415-510-395; 030-420-883-592-045; 030-823-887-794-361; 031-340-581-025-092; 031-402-898-720-852; 032-001-195-206-346; 032-098-700-053-154; 032-263-496-926-558; 032-332-186-499-884; 032-410-777-307-734; 032-631-617-518-582; 032-988-589-825-869; 033-051-257-416-018; 033-141-718-529-445; 033-254-519-130-897; 033-269-858-633-431; 033-511-431-539-940; 033-513-164-870-303; 033-577-607-669-397; 033-615-014-026-032; 033-836-153-018-090; 033-856-049-399-573; 033-932-954-823-735; 034-359-556-534-652; 034-866-746-783-859; 035-369-798-775-50X; 035-383-370-168-443; 035-498-709-795-068; 035-536-382-330-721; 035-703-262-555-892; 036-415-970-032-574; 036-429-894-807-485; 036-664-281-228-683; 036-693-667-426-060; 037-001-539-941-507; 037-310-687-825-531; 037-974-473-779-332; 038-449-586-982-290; 039-160-112-615-594; 039-385-596-236-220; 039-493-129-731-335; 039-616-439-913-123; 039-831-517-157-91X; 040-089-211-584-056; 040-463-494-990-202; 040-967-563-289-620; 040-990-725-454-314; 041-049-448-415-648; 041-262-789-575-298; 041-267-525-023-636; 041-277-070-364-854; 041-636-662-719-50X; 041-890-590-414-507; 042-143-271-978-281; 043-077-905-692-650; 043-105-429-127-890; 043-598-587-858-881; 043-665-089-555-965; 043-718-450-314-81X; 044-330-480-957-563; 044-636-431-435-525; 044-838-386-099-141; 044-847-768-245-997; 044-956-794-934-545; 045-311-379-029-642; 045-485-361-188-805; 045-485-950-575-168; 045-639-411-193-637; 046-020-778-842-514; 046-425-097-292-292; 046-532-627-654-814; 047-062-450-641-630; 047-166-841-963-14X; 047-819-258-289-288; 047-873-690-802-295; 048-686-754-206-12X; 048-830-183-905-982; 049-122-403-190-093; 049-247-662-851-836; 049-397-954-465-64X; 049-687-088-720-696; 050-249-573-550-948; 050-748-290-510-192; 051-819-157-953-375; 052-663-937-716-096; 052-992-776-735-313; 053-042-829-224-478; 053-197-611-188-204; 053-555-562-682-042; 054-065-542-132-304; 054-605-553-683-114; 054-724-800-776-927; 054-990-728-006-494; 055-024-601-668-877; 055-316-877-461-660; 055-537-277-300-723; 055-552-505-099-853; 055-699-796-773-137; 055-770-523-524-054; 056-068-320-292-341; 056-212-635-705-693; 056-943-681-779-967; 058-395-068-339-814; 059-235-324-029-131; 059-541-882-365-784; 060-006-981-610-395; 061-702-987-372-741; 062-196-667-842-502; 062-404-167-387-025; 062-701-637-315-933; 062-920-231-191-416; 063-760-110-883-471; 064-281-213-882-285; 064-300-525-017-080; 064-450-746-645-156; 064-453-726-273-336; 064-571-901-894-277; 064-708-283-138-777; 064-958-580-346-013; 065-193-268-960-478; 067-135-140-949-20X; 067-474-953-877-991; 068-587-323-044-394; 069-577-548-830-801; 069-599-248-480-966; 069-717-740-751-259; 070-973-441-636-670; 070-986-189-502-795; 071-145-188-039-196; 071-233-486-776-928; 071-521-974-625-594; 071-719-887-519-885; 071-757-416-465-136; 071-778-745-367-011; 072-101-784-220-604; 072-933-318-159-553; 073-653-266-087-876; 074-159-987-024-931; 074-261-532-747-229; 074-466-241-017-356; 074-491-496-546-107; 075-074-777-918-770; 076-132-301-334-314; 076-311-484-129-228; 076-957-617-963-164; 077-067-482-933-663; 077-131-850-778-200; 077-239-943-046-230; 077-509-984-541-788; 077-621-753-385-693; 077-745-413-821-561; 078-167-802-178-391; 078-866-509-707-824; 078-930-067-421-194; 079-007-606-086-338; 079-297-416-409-894; 079-326-554-390-212; 080-839-595-934-297; 080-921-384-113-766; 081-010-014-797-274; 081-504-550-449-388; 082-079-904-329-642; 082-285-221-933-266; 082-336-407-289-39X; 082-702-162-149-889; 082-848-376-332-218; 083-178-006-826-524; 083-358-354-098-250; 083-472-221-298-274; 083-917-475-676-836; 084-089-409-247-940; 084-156-746-957-801; 084-740-636-432-193; 084-752-847-650-666; 085-302-099-364-688; 085-373-022-607-782; 085-927-556-164-009; 086-427-919-365-316; 086-499-523-029-239; 087-976-634-091-567; 088-342-184-806-167; 088-496-149-859-329; 088-578-728-544-419; 089-389-538-168-049; 090-720-691-726-88X; 090-979-150-167-31X; 091-439-537-930-147; 091-704-526-498-306; 091-862-897-795-565; 092-429-777-576-885; 092-521-627-274-031; 092-969-711-850-949; 093-488-120-788-96X; 094-044-312-990-619; 094-753-415-400-193; 094-946-391-021-869; 095-423-814-843-842; 095-638-380-502-95X; 095-947-259-249-760; 095-994-603-770-662; 096-835-260-942-087; 096-860-765-038-901; 096-947-696-648-790; 097-343-889-624-76X; 097-467-672-121-920; 097-701-468-928-420; 099-097-226-581-73X; 100-171-667-635-04X; 100-476-520-234-230; 100-820-648-124-68X; 101-589-322-928-714; 101-863-284-598-986; 104-305-680-138-976; 104-695-353-731-226; 105-244-432-294-072; 105-318-599-886-511; 106-422-310-204-281; 106-533-984-122-196; 108-164-749-242-050; 108-632-038-276-654; 108-843-848-653-968; 108-974-132-056-404; 109-467-117-033-634; 109-582-962-335-078; 110-144-408-537-313; 110-246-896-712-789; 111-932-426-309-617; 112-926-849-537-158; 113-890-535-560-544; 116-941-364-375-606; 116-980-374-871-808; 117-126-528-277-486; 117-493-645-297-00X; 117-515-557-520-018; 117-987-747-519-443; 118-499-440-626-301; 118-772-120-213-502; 119-095-367-786-960; 119-140-685-191-014; 119-771-879-085-923; 120-705-332-006-144; 121-841-509-952-041; 122-432-754-046-535; 122-638-035-111-605; 123-769-012-657-564; 124-971-990-402-429; 125-874-347-733-554; 126-466-124-680-815; 127-847-527-079-464; 127-926-697-490-219; 128-293-170-415-430; 129-374-876-841-563; 129-527-685-728-503; 130-188-864-249-104; 132-009-006-527-338; 132-036-251-112-850; 132-062-176-812-580; 132-884-584-272-897; 136-982-356-505-657; 137-184-735-372-196; 137-610-793-627-109; 137-885-886-516-013; 139-037-929-466-476; 139-955-662-011-255; 141-457-939-894-709; 141-842-522-204-865; 142-999-525-203-683; 144-924-055-448-761; 145-028-922-402-00X; 145-223-896-930-485; 145-225-170-611-871; 145-325-846-885-871; 145-337-695-216-387; 145-724-446-555-986; 146-364-253-956-29X; 146-785-247-480-323; 147-078-666-305-099; 148-974-766-526-763; 149-428-084-454-537; 151-908-942-256-276; 153-471-287-894-020; 154-004-680-577-199; 154-350-095-785-298; 157-822-640-330-689; 159-771-230-194-368; 160-018-083-391-833; 160-798-397-974-011; 161-312-581-529-296; 165-299-757-555-343; 165-875-673-061-023; 166-570-605-343-167; 167-094-166-135-201; 167-177-930-447-74X; 167-583-887-827-563; 167-788-987-070-296; 168-466-978-944-339; 168-501-375-835-839; 169-560-952-113-593; 170-099-178-459-36X; 170-506-020-081-93X; 172-220-927-166-957; 172-925-097-572-162; 173-484-273-490-461; 173-902-849-692-752; 174-046-230-071-191; 174-874-115-103-577; 174-884-850-544-597; 175-294-052-794-686; 176-327-864-923-61X; 178-465-947-855-606; 179-667-602-802-789; 179-854-477-978-737; 180-731-474-747-090; 181-187-179-406-891; 181-959-856-834-840; 183-236-583-574-003; 184-122-177-917-366; 184-590-819-192-019; 185-099-965-965-450; 186-537-448-141-22X; 186-540-829-358-913; 187-451-837-130-347; 187-815-026-005-061; 188-443-030-957-075; 189-177-365-623-074; 190-047-729-358-751; 190-660-174-347-084; 190-803-031-612-827; 191-178-418-324-948; 195-006-212-190-061; 195-427-269-769-520; 195-689-288-199-957; 196-072-799-183-611; 196-382-783-364-550; 196-742-350-730-814; 198-328-783-592-938; 199-038-598-938-782; 199-970-428-477-438,41,true,"CC BY, CC BY-NC-ND",gold
187-913-304-220-685,"Neurodiversity, Equity, and Inclusion in MNCs",2022-04-28,2022,journal article,AIB Insights,19389604; 19389590,Academy of International Business,,Dana L. Ott; Emily Russo; Miriam Moeller,"<jats:p>Neurodiversity is likely present as an ‘invisible’ inequality in most, if not all, multinational corporations (MNCs). The unique characteristics and cultural sensitivities of global operating environments challenge MNCs’ efforts to promote awareness and embed neurodiversity into their cross-border diversity, equity, and inclusion agendas. Drawing from both practitioner and academic sources, we speak to MNCs and their international human resource management leaders by providing concrete guidance for navigating the fostering and advancing of their neurodiversity initiatives, notwithstanding the operating environment. Through our proposed initiatives the strengths and perspectives of neurodivergent employees can be successfully harnessed, leading to improved effectiveness and performance for MNCs.</jats:p>",22,3,,,Multinational corporation; Equity (law); Inclusion (mineral); Diversity (politics); Business; Inequality; Political science; Sociology; Psychology; Social psychology; Anthropology; Finance; Law; Mathematical analysis; Mathematics,MNC; neurodivergent employees; neurodiversity inclusion initiatives; neurodiversity,,,,https://insights.aib.world/article/34627.pdf https://doi.org/10.46697/001c.34627,http://dx.doi.org/10.46697/001c.34627,,10.46697/001c.34627,,,0,007-058-597-408-873; 065-777-654-954-411; 078-230-267-147-663; 082-241-440-995-614,17,true,cc-by,gold
195-512-591-649-013,SPIE: An organizational framework to facilitate accessibility in academic statistical consulting centers.,2026-02-13,2026,journal article,Journal of clinical and translational science,20598661,Cambridge University Press (CUP),England,Marianne Huebner; Michael Wallace; Felesia Stukes; Sam Manski; Maria Montez-Rath,"Academic statistical consulting centers collaborate and provide statistical support to faculty and graduate students for their research projects. Clients seeking statistical support may face communication and cognitive accessibility barriers that consultants may not be aware of. Many researchers do not disclose their personal circumstances, such as neurodivergent behaviors. Universal Design for Learning is a framework that aims to support individuals regardless of their abilities or learning styles, by providing multiple means of engagement, presentation, and action and expression. Adapting these principles for statistical consulting and taking time to assess specific needs of individuals helps improve the experiences of clients and consultants and leads to high quality statistical support and successful completion of research projects. We propose an organizational framework applicable to statistical consulting environments aligned with accessibility guidelines to improve access and empower clients and consultants. Providing a respectful environment where differences are normalized and welcomed creates a sense of belonging for everyone.",10,1,e45,e45,Knowledge management; Business; Process management; Computer science; Work (physics); Component (thermodynamics); Statistical analysis; Public relations; Engineering management; Conceptual framework; Organizational structure; Field (mathematics); Context (archaeology); Management science; Key (lock),Statistical consulting; Universal Design for Learning; accessibility; accommodation; neurodivergence,,,,https://www.cambridge.org/core/services/aop-cambridge-core/content/view/808C8C4EB2278468A1E7368C2DE9625C/S2059866126107122a.pdf/div-class-title-spie-an-organizational-framework-to-facilitate-accessibility-in-academic-statistical-consulting-centers-div.pdf https://doi.org/10.1017/cts.2026.10712,http://dx.doi.org/10.1017/cts.2026.10712,41822555,10.1017/cts.2026.10712,,PMC12975617,0,,0,true,"CC BY, CC BY-NC-SA, CC BY-NC-ND",gold
